filename,link
51832.jpg,http://assets.myntassets.com/v1/image/style/properties/51832/Bwitch-Beige-Full-Coverage-Bra-BW335_1_d516fa94f14f0a5ecc90df7754390eb5.jpg
39716.jpg,http://assets.myntassets.com/v1/images/style/properties/c5b0d7c1f0308be020655bc10ca16427_images.jpg
22395.jpg,http://assets.myntassets.com/v1/images/style/properties/e01152d30659f4099b46cb0c1fcb918b_images.jpg
15341.jpg,http://assets.myntassets.com/v1/images/style/properties/f105cf31753c2cbdf23e8722dc83a019_images.jpg
7193.jpg,http://assets.myntassets.com/v1/images/style/properties/054b93509e888e996ba7b12b554870e3_images.jpg
26163.jpg,http://assets.myntassets.com/v1/images/style/properties/987d4390421e951dafe4bfdaba57f5fd_images.jpg
7167.jpg,http://assets.myntassets.com/v1/images/style/properties/11dcaeada4fab2e575c449e922425c5d_images.jpg
2243.jpg,http://assets.myntassets.com/v1/images/style/properties/e1bba450764df5aed92151be769e42d0_images.jpg
5254.jpg,http://assets.myntassets.com/v1/images/style/properties/8ee197c54df34d4e59d56d847139fe49_images.jpg
51499.jpg,http://assets.myntassets.com/v1/images/style/properties/689197cf54631e679c2db7ec742a6e09_images.jpg
58514.jpg,http://assets.myntassets.com/v1/images/style/properties/Tonga-Women-Grey-Top_f73ea340974e7cc7cb4db18f7889cec7_images.jpg
38637.jpg,http://assets.myntassets.com/v1/images/style/properties/048477a26c1da1d6aa87134c253ab97b_images.jpg
9667.jpg,http://assets.myntassets.com/v1/images/style/properties/ceb79e65e6f47c0364f0e4dec3331178_images.jpg
9455.jpg,http://assets.myntassets.com/v1/images/style/properties/b51ddd8d00fdcb3261069363d18b6763_images.jpg
45409.jpg,http://assets.myntassets.com/v1/images/style/properties/54af17814bd8787468092abb74e7636a_images.jpg
58184.jpg,http://assets.myntassets.com/v1/images/style/properties/Rocky-S-Women-Beige-Handbag_cf13243aa8a7454917b557edd377d46e_images.jpg
34203.jpg,http://assets.myntassets.com/v1/images/style/properties/Proline-Men-Grey-Track-Pants_0bfd1e2ecdfb383b0b95593b68ef704d_images.jpg
27614.jpg,http://assets.myntassets.com/v1/images/style/properties/40b830e01b25eee921ea6c1ba16f1629_images.jpg
25371.jpg,http://assets.myntassets.com/v1/images/style/properties/b6ba990c288d73cee599dedcd27e1098_images.jpg
11520.jpg,http://assets.myntassets.com/v1/images/style/properties/5c145f1074d79ebf9aff413ccfe6e910_images.jpg
32590.jpg,http://assets.myntassets.com/v1/images/style/properties/36fea288ee96091dc00afe5c45ba4805_images.jpg
57107.jpg,http://assets.myntassets.com/v1/images/style/properties/Elle-Women-Green-Essentials-Top_4005e959727a4e1d62466cbac510a810_images.jpg
26958.jpg,http://assets.myntassets.com/v1/images/style/properties/Jealous-21-Women-Teal-Shirt_33d3c1ebfd4326101c5d138dbef83c65_images.jpg
3706.jpg,http://assets.myntassets.com/v1/images/style/properties/4ef2abf41a4d35aec21fa772bb74adf5_images.jpg
4523.jpg,http://assets.myntassets.com/v1/images/style/properties/0411da3a022ade1d11dfb7affdc6f536_images.jpg
47361.jpg,http://assets.myntassets.com/v1/images/style/properties/967bf381f8fa631bae7830f11c6f3aaa_images.jpg
37472.jpg,http://assets.myntassets.com/v1/images/style/properties/4a4b697ef1fe5d38b38c85a357e21364_images.jpg
51660.jpg,http://assets.myntassets.com/assets/images/51660/2016/5/20/11463745871517-Fossil-Men-Black-Dial-Watch-AM4384-9531463745871355-1.jpg
42879.jpg,http://assets.myntassets.com/v1/images/style/properties/6ddb4d4164841bb5cef5b7b7f282d563_images.jpg
23072.jpg,http://assets.myntassets.com/v1/images/style/properties/64c62f3e3406deb5326d7bf6f4c417f4_images.jpg
21725.jpg,http://assets.myntassets.com/v1/images/style/properties/Adidas-Men-Navy-Blue-Sweatshirt_be449d995ae665cbce81fbce0d69ea1e_images.jpg
16368.jpg,http://assets.myntassets.com/v1/images/style/properties/9fbf62acb109790ee9cf91bf5594cf5c_images.jpg
30498.jpg,http://assets.myntassets.com/v1/images/style/properties/d6b11ef3c249b0534ead09f4c42f3f2b_images.jpg
3991.jpg,http://assets.myntassets.com/v1/images/style/properties/b102d8273537781b5cc6b28a929c501c_images.jpg
29919.jpg,http://assets.myntassets.com/v1/images/style/properties/Police-Men-Black-Chronograph-Dial-Watch_3f4a959644fffdb92a258fd14ac4a39b_images.jpg
34463.jpg,http://assets.myntassets.com/v1/images/style/properties/45f5e0f8c40e5d991b01139350eeb058_images.jpg
16191.jpg,http://assets.myntassets.com/v1/images/style/properties/9a3d773e0dfe93df5b2109c512b3f7b1_images.jpg
48549.jpg,http://assets.myntassets.com/v1/images/style/properties/c67ec1fde92718785bad116cf8711640_images.jpg
51000.jpg,http://assets.myntassets.com/v1/images/style/properties/Enamor-Maroon-Bra-FB06_e5c0cc72a0f04bdef5dd4123989bde97_images.jpg
12367.jpg,http://assets.myntassets.com/v1/images/style/properties/Reid---Taylor-Men-White-Shirt_7868945b6d3a95140b08b1719b0092f1_images.jpg
35777.jpg,http://assets.myntassets.com/v1/images/style/properties/82a96a5a66ccb900ef4ab90c095baf02_images.jpg
15370.jpg,http://assets.myntassets.com/v1/images/style/properties/080c049630e5a1031def1f9733dd502a_images.jpg
35925.jpg,http://assets.myntassets.com/v1/images/style/properties/427ee57889be15f4a8d75b83efbb4fda_images.jpg
6874.jpg,http://assets.myntassets.com/v1/images/style/properties/e08b8eda1d0c1b7819fc7c4359ca67d4_images.jpg
49033.jpg,http://assets.myntassets.com/v1/images/style/properties/Lucera-Women-Silver-Ring_b18906d53ac08a9b92a28f09595042fb_images.jpg
43509.jpg,http://assets.myntassets.com/v1/images/style/properties/42670ddbde5e326bd690bfff34e8d26f_images.jpg
52823.jpg,http://assets.myntassets.com/v1/images/style/properties/Adrika-Green-Earrings_e3f99442c782f10de41d72c6a5a193b8_images.jpg
8542.jpg,http://assets.myntassets.com/v1/images/style/properties/09118611ddca6a40290b7edb969da97e_images.jpg
26367.jpg,http://assets.myntassets.com/v1/images/style/properties/b6d14ed28d8e41421827515783d436c3_images.jpg
31586.jpg,http://assets.myntassets.com/v1/images/style/properties/7149a1d4f836e3abf6f9f14b52f34354_images.jpg
42074.jpg,http://assets.myntassets.com/v1/images/style/properties/0293d50a25058322753cfd306c1b4711_images.jpg
18830.jpg,http://assets.myntassets.com/v1/images/style/properties/55f8e4564beed74879fb0daca7cf4a22_images.jpg
16196.jpg,http://assets.myntassets.com/v1/images/style/properties/13c95c7864bdd7557f37ab96be7c854d_images.jpg
17878.jpg,http://assets.myntassets.com/v1/images/style/properties/4abd6c6968760e525aa70fb474af2056_images.jpg
1636.jpg,http://assets.myntassets.com/v1/images/style/properties/7c80fca789c5c1863a4080d7ed57acf0_images.jpg
41605.jpg,http://assets.myntassets.com/v1/images/style/properties/Basics-Men-Grey-Shirt_9b798a6d6e2b4d37627075dff803bda1_images.jpg
2047.jpg,http://assets.myntassets.com/v1/images/style/properties/c37cbdf8358102c49c0f5dbe1c0e1856_images.jpg
36333.jpg,http://assets.myntassets.com/v1/images/style/properties/Playboy-Men-White---Red-Socks_9ac190b316bb511b9d5e7434ff634a7a_images.jpg
31116.jpg,http://assets.myntassets.com/v1/images/style/properties/ab13e5576f1a6b597ca99514da15fec6_images.jpg
4774.jpg,http://assets.myntassets.com/v1/images/style/properties/603270a4ee6b0e6e03e7195dba64bc44_images.jpg
53360.jpg,http://assets.myntassets.com/v1/images/style/properties/e18462a602f14d423736b52ec1551639_images.jpg
43334.jpg,http://assets.myntassets.com/v1/images/style/properties/523d0e8c0a7ade604c0d612db11fc55f_images.jpg
26591.jpg,http://assets.myntassets.com/v1/images/style/properties/0e2a28441bfa616d38c5ef95266a69f8_images.jpg
23487.jpg,http://assets.myntassets.com/v1/images/style/properties/Arrow-Men-Grey-Scarf_9bfde8b4c94683a240bbae3681bdcadf_images.jpg
52622.jpg,http://assets.myntassets.com/v1/images/style/properties/Mod-acc-Women-Purple-Handbag_5659c1cc7d9938623fb3f0863965ddc5_images.jpg
4780.jpg,http://assets.myntassets.com/v1/images/style/properties/2364994f2ec08d2f23b3f9bcc455a798_images.jpg
25542.jpg,http://assets.myntassets.com/v1/images/style/properties/461b368161eddfe0d69ad79bf74ac172_images.jpg
48525.jpg,http://assets.myntassets.com/v1/images/style/properties/13a4a6cacd48d54b58c9b016922cdf04_images.jpg
6478.jpg,http://assets.myntassets.com/v1/images/style/properties/17db94a30b7a91f94aae9c58c5ef5778_images.jpg
40922.jpg,http://assets.myntassets.com/v1/images/style/properties/2a9bee8aea9497479e99de667d770008_images.jpg
38838.jpg,http://assets.myntassets.com/v1/images/style/properties/0c3f31c68dc87a91b5d80d05e68c981d_images.jpg
38236.jpg,http://assets.myntassets.com/v1/images/style/properties/3becca3f1605da3dac9a87a8250e5db7_images.jpg
18631.jpg,http://assets.myntassets.com/v1/images/style/properties/7c4fb6d7e77f1d0c8469800f52c20cbc_images.jpg
48387.jpg,http://assets.myntassets.com/v1/images/style/properties/French-Connection-Men-Blue-Jeans_d715338997b800fead88e914cbdeca14_images.jpg
8340.jpg,http://assets.myntassets.com/v1/images/style/properties/8bf8c2293d894430bb7066404c8022a5_images.jpg
46813.jpg,http://assets.myntassets.com/v1/images/style/properties/167c8880c4c77718ac8e2ecdf57e619c_images.jpg
49631.jpg,http://assets.myntassets.com/v1/images/style/properties/fda0b391ae8d1d339006c5d3aeb5fb88_images.jpg
38494.jpg,http://assets.myntassets.com/v1/images/style/properties/76787f70a91d57f216c5f01ac354482c_images.jpg
27444.jpg,http://assets.myntassets.com/v1/images/style/properties/96a7f4bbb5f631a57263185c7607a85a_images.jpg
13443.jpg,http://assets.myntassets.com/v1/images/style/properties/3b361aac347e3b1af72cb86d61c8b19c_images.jpg
18897.jpg,http://assets.myntassets.com/v1/images/style/properties/5ec7f159be2030d4f24ad9da22d20501_images.jpg
54142.jpg,http://assets.myntassets.com/v1/images/style/properties/bb5014984faaf2938d1437ca0b60bd73_images.jpg
51430.jpg,http://assets.myntassets.com/v1/images/style/properties/4e6e5fd4386c5118d6c593c6afd46445_images.jpg
44586.jpg,http://assets.myntassets.com/v1/images/style/properties/ce3149f5fd8fa39cbff8dc8fc4e29a6f_images.jpg
2484.jpg,http://assets.myntassets.com/v1/images/style/properties/5391fab5f984b3d20923b4c52fdc56ec_images.jpg
51266.jpg,http://assets.myntassets.com/v1/images/style/properties/5fff34ed67f05ab1d5da6039572eaed9_images.jpg
12333.jpg,http://assets.myntassets.com/v1/images/style/properties/3d8ebb1a01134bd612a5765372a4c644_images.jpg
33249.jpg,http://assets.myntassets.com/v1/images/style/properties/Arrow-Men-Blue-Striped-Shirt_4be987b53f40ae04dca500644ca03832_images.jpg
8181.jpg,http://assets.myntassets.com/v1/images/style/properties/c28efc7c216ad0b04df870974ba72860_images.jpg
41660.jpg,http://assets.myntassets.com/v1/images/style/properties/fd1080787a07bc795824b33297197df7_images.jpg
20465.jpg,http://assets.myntassets.com/v1/images/style/properties/fdd424bd1c7d870a9b009845767c1b63_images.jpg
27224.jpg,http://assets.myntassets.com/v1/images/style/properties/Doodle-Kids-Girl-Printed-White-Dress_0226dd793ce72b2cf4fc4b100e430203_images.jpg
4583.jpg,http://assets.myntassets.com/v1/images/style/properties/Wildcraft-Unisex-Alfa-Grey-Backpack_2a67e998dbf046001455f7113c0875e4_images.jpg
36356.jpg,http://assets.myntassets.com/v1/images/style/properties/Reid---Taylor-Men-Ties_4f686b525ff724979c1aec6e2349009d_images.jpg
57361.jpg,http://assets.myntassets.com/v1/images/style/properties/Amante-Pink-Floral-Romance-Bra_abf5da481b8fd97a5ec9ab1df315df2d_images.jpg
38836.jpg,http://assets.myntassets.com/v1/images/style/properties/763f9e470bd759e5a6590f9fdfb997c1_images.jpg
24455.jpg,http://assets.myntassets.com/v1/images/style/properties/ef7b2fd109231d01262e4c595dd3f870_images.jpg
2680.jpg,http://assets.myntassets.com/v1/images/style/properties/b0d00b78c7183539ddf674ad68456e00_images.jpg
28896.jpg,http://assets.myntassets.com/v1/images/style/properties/0703333e07a06c50753acd0d0ca437ad_images.jpg
13481.jpg,http://assets.myntassets.com/v1/images/style/properties/6afd5f6576cb3f66b170b56fcd248eaf_images.jpg
59459.jpg,http://assets.myntassets.com/v1/images/style/properties/Lucera-Silver-Ring_13e5c266f4cd8c1cb2cfe150b0567bc1_images.jpg
10499.jpg,http://assets.myntassets.com/v1/images/style/properties/8007457d59b1d3ca33c27f047c1d5cf5_images.jpg
15749.jpg,http://assets.myntassets.com/v1/images/style/properties/6315e10104ddab3af2c2a405643f1424_images.jpg
17822.jpg,http://assets.myntassets.com/v1/images/style/properties/a1c9a53125108ea6f659900cfdfe47c5_images.jpg
47138.jpg,http://assets.myntassets.com/v1/images/style/properties/aeb4dd25028a722a132760460d14e00e_images.jpg
56278.jpg,http://assets.myntassets.com/v1/images/style/properties/Biara-Skin-Coloured-Everyday-Support-Bra-MW-1002_f1177460a8fd400ebde968725492ad5d_images.jpg
21118.jpg,http://assets.myntassets.com/v1/images/style/properties/7a76bbe935cb227f86dc6ee762aa287c_images.jpg
30258.jpg,http://assets.myntassets.com/v1/images/style/properties/2f78b25ddf5bb5b6a5fe35d68074f420_images.jpg
9439.jpg,http://assets.myntassets.com/v1/images/style/properties/64725cb89a0698edd47401b7b2264c4e_images.jpg
29729.jpg,http://assets.myntassets.com/v1/images/style/properties/b8cb148b12aedeff710cc57795822332_images.jpg
51401.jpg,http://assets.myntassets.com/v1/images/style/properties/7e30615a10bfcdb141d62e561bc2c971_images.jpg
6643.jpg,http://assets.myntassets.com/v1/images/style/properties/415ceede7b89f515f540c1e84245b291_images.jpg
30260.jpg,http://assets.myntassets.com/v1/images/style/properties/0fb65c93f7960b36fea651ab805b13be_images.jpg
2673.jpg,http://assets.myntassets.com/v1/images/style/properties/b1374b95d0a243c09725aba9251ac802_images.jpg
27223.jpg,http://assets.myntassets.com/v1/images/style/properties/baf6769c8c53624a2692f3cf55e2f5ba_images.jpg
7133.jpg,http://assets.myntassets.com/v1/images/style/properties/1adabb7afa1895e26187de51dc97f50d_images.jpg
34250.jpg,http://assets.myntassets.com/v1/images/style/properties/4d7c2bb436444c19974f825bbd5df765_images.jpg
29140.jpg,http://assets.myntassets.com/v1/images/style/properties/40de728c31d7696fa03fc40b1bdf24ec_images.jpg
9634.jpg,http://assets.myntassets.com/v1/images/style/properties/2de5edda874ac2fd49d221e22fe78c20_images.jpg
4319.jpg,http://assets.myntassets.com/v1/images/style/properties/1d19395a992830cd6a8d7d1cc36b16c5_images.jpg
33876.jpg,http://assets.myntassets.com/v1/images/style/properties/9410aff4a41c6c2a5bda554eb236e2ed_images.jpg
43759.jpg,http://assets.myntassets.com/v1/images/style/properties/8521b83300f50233b6b281f73b1d9281_images.jpg
39326.jpg,http://assets.myntassets.com/v1/images/style/properties/359391f6a4b560ca2821952c86f2528d_images.jpg
21188.jpg,http://assets.myntassets.com/v1/images/style/properties/ae850f862dc4a53f4914528b52e8e82c_images.jpg
31128.jpg,http://assets.myntassets.com/v1/images/style/properties/73bdd9b109c5648fb93b144ebc338f94_images.jpg
27871.jpg,http://assets.myntassets.com/v1/images/style/properties/199a5527eaf5f4779bb674dc1014bca6_images.jpg
58372.jpg,http://assets.myntassets.com/v1/images/style/properties/Locomotive-Men-Beige-T-shirt_55ef4535000a1de2b74ac012c6486515_images.jpg
28461.jpg,http://assets.myntassets.com/v1/images/style/properties/fab1a3d3d4008fcbd3a726628eade9eb_images.jpg
36769.jpg,http://assets.myntassets.com/v1/images/style/properties/c9ca010ea281fd8a4b6a83ed7609faad_images.jpg
18200.jpg,http://assets.myntassets.com/v1/images/style/properties/1cf668ca7e11ab6158c19a0d7139684e_images.jpg
4974.jpg,http://assets.myntassets.com/v1/images/style/properties/007b347549bea975129058b00698d83f_images.jpg
26359.jpg,http://assets.myntassets.com/v1/images/style/properties/40014fbb0362937401e076119468d633_images.jpg
22356.jpg,http://assets.myntassets.com/v1/images/style/properties/e00c6197b889d96911adddde3b118969_images.jpg
34001.jpg,http://assets.myntassets.com/v1/images/style/properties/a7b05e2e7017893083dfce07a2dd885e_images.jpg
7362.jpg,http://assets.myntassets.com/v1/images/style/properties/8f838e0f7186aec656923845d68748fe_images.jpg
46277.jpg,http://assets.myntassets.com/v1/images/style/properties/e2afea0bfbb43879454f78e868eed309_images.jpg
28208.jpg,http://assets.myntassets.com/v1/images/style/properties/d5d250d9a0ef978ff441d8c0e3fdcfac_images.jpg
29920.jpg,http://assets.myntassets.com/v1/images/style/properties/Police-Men-Black-Dial-Chronograph-Watch_00b31f999be8a928cb10a1cb09879e46_images.jpg
19789.jpg,http://assets.myntassets.com/v1/images/style/properties/39a0b8a5a05689a2fbee2fcf7091e3ea_images.jpg
17613.jpg,http://assets.myntassets.com/v1/images/style/properties/6894b15fa33062c4eaf6e7d0947d4160_images.jpg
30203.jpg,http://assets.myntassets.com/v1/images/style/properties/40977db09b67bb20e1292c698df0effe_images.jpg
47351.jpg,http://assets.myntassets.com/v1/images/style/properties/50eb62a9c1db23489b9760f4f7735018_images.jpg
43395.jpg,http://assets.myntassets.com/v1/images/style/properties/e28f7626e6f91fa34197ddd72c62d16a_images.jpg
12537.jpg,http://assets.myntassets.com/v1/images/style/properties/7a40165ee734f19aa6bfc9899b209ee7_images.jpg
29918.jpg,http://assets.myntassets.com/v1/images/style/properties/Police-Men-Grey-Dial-Watch_2241cc286bfdbad72e531e59770b6e0b_images.jpg
44188.jpg,http://assets.myntassets.com/v1/images/style/properties/bae0a6a2aaaec7027e4c3e580d56aaf3_images.jpg
13429.jpg,http://assets.myntassets.com/v1/images/style/properties/e24de4e149aa18d84a77aa14ffbf8078_images.jpg
6288.jpg,http://assets.myntassets.com/v1/images/style/properties/33dc9f0344cc9753597c5101cdee861b_images.jpg
41258.jpg,http://assets.myntassets.com/v1/images/style/properties/7f31f4a1949256e1af0c978626e7b3a0_images.jpg
8120.jpg,http://assets.myntassets.com/v1/images/style/properties/Fastrack-Men-Black-Belt_c9ba14b6d143ff852681e8c0b606b040_images.jpg
7954.jpg,http://assets.myntassets.com/v1/images/style/properties/bb6f73553fea668ef7afe22c0089a0d4_images.jpg
7168.jpg,http://assets.myntassets.com/v1/images/style/properties/a3f75d10b02a048492fab3c12f1669fb_images.jpg
37677.jpg,http://assets.myntassets.com/v1/images/style/properties/528de2b1fd1431e906a737e727e20545_images.jpg
43392.jpg,http://assets.myntassets.com/v1/images/style/properties/4c6a812e84fea4fd3b022afa308b8d61_images.jpg
18836.jpg,http://assets.myntassets.com/v1/images/style/properties/4caac0427c5ac754e08c2c5e2b3bb151_images.jpg
51657.jpg,http://assets.myntassets.com/assets/images/51657/2016/5/20/11463745858235-Fossil-Men-Blue-Chronograph-Watch-CH2694-4121463745858097-1.jpg
53100.jpg,http://assets.myntassets.com/v1/images/style/properties/Fabindia-Silver-Earrings_6ef9b5f49d479c2380b04b3e191f41fb_images.jpg
40517.jpg,http://assets.myntassets.com/v1/images/style/properties/ee08b177d19af204fbf51536bfffa4d9_images.jpg
33481.jpg,http://assets.myntassets.com/v1/images/style/properties/b162474dd6b19155eafeab9353780873_images.jpg
45633.jpg,http://assets.myntassets.com/v1/images/style/properties/Park-Avenue-Men-Navy-Blue-Swank-Brief_4297bae5344d9ad7ba758cd3e5389026_images.jpg
47164.jpg,http://assets.myntassets.com/v1/images/style/properties/f20195c1de24142de44971cd6bf81913_images.jpg
52670.jpg,http://assets.myntassets.com/v1/images/style/properties/Morellato-Men-Silver-Dial-Watch_86ff15d49ff8b8a12c703bae5faf8a39_images.jpg
13240.jpg,http://assets.myntassets.com/v1/images/style/properties/a678890d3ab2e19ac204a2493faf445a_images.jpg
25346.jpg,http://assets.myntassets.com/v1/images/style/properties/6659158ab9fd6de7fe75e587a9ba556c_images.jpg
2041.jpg,http://assets.myntassets.com/v1/images/style/properties/487c4432eb4cc9ce9eaeeaddb7ad0370_images.jpg
8586.jpg,http://assets.myntassets.com/v1/images/style/properties/1bdaabec0c387f93d4f89a94a481dfdd_images.jpg
9454.jpg,http://assets.myntassets.com/v1/images/style/properties/48d2a256c41f68f41e0f8569d392f1bf_images.jpg
24269.jpg,http://assets.myntassets.com/v1/images/style/properties/3954decf01ddb6623993c6d746c511c5_images.jpg
23870.jpg,http://assets.myntassets.com/v1/images/style/properties/bbf57bc03a5fd1475252faa209a70b22_images.jpg
32768.jpg,http://assets.myntassets.com/v1/images/style/properties/9186cc5835f9f570ae44115e1dd3afa9_images.jpg
16951.jpg,http://assets.myntassets.com/v1/images/style/properties/Image-Men-Classic-Eyewear-Black-Sunglasses_5ddf0cceee8bab70b09ab49c82991c78_images.jpg
2874.jpg,http://assets.myntassets.com/v1/images/style/properties/Catwalk-Women-Party-Collection-Black-Sandal_c2123218f8a47cfeadcdcee58c8a2bcc_images.jpg
9659.jpg,http://assets.myntassets.com/v1/images/style/properties/ab3bfd44385bbe6ae244d3fca6e3b178_images.jpg
42878.jpg,http://assets.myntassets.com/v1/images/style/properties/715b4ea4f6e79cad4ff16bcae4eae3f3_images.jpg
6611.jpg,http://assets.myntassets.com/v1/images/style/properties/4aee26ace1ca3775fef111edf24e4dfe_images.jpg
24858.jpg,http://assets.myntassets.com/v1/images/style/properties/bc42377becb55150910050aca94fdf71_images.jpg
56682.jpg,http://assets.myntassets.com/v1/images/style/properties/Maxima-Men-White-Chronograph-Watch_368934e12887654561e98414304aefcb_images.jpg
22367.jpg,http://assets.myntassets.com/v1/images/style/properties/a02231da33a0a156c90b4c8a78676ccd_images.jpg
31126.jpg,http://assets.myntassets.com/v1/images/style/properties/97c4ba68f6dd479533fd38fa8224ebf9_images.jpg
46074.jpg,http://assets.myntassets.com/v1/images/style/properties/fba0901b5fda2f9330c7de07da3f9319_images.jpg
14053.jpg,http://assets.myntassets.com/v1/images/style/properties/d96b0e543db1d99144646673a6facdda_images.jpg
26995.jpg,http://assets.myntassets.com/v1/images/style/properties/84053f1fbbb0933c6d7ac98e015935d2_images.jpg
45259.jpg,http://assets.myntassets.com/v1/images/style/properties/ad0cfc667aefe900b563e82d83794653_images.jpg
48774.jpg,http://assets.myntassets.com/v1/images/style/properties/4f3e792688a88f3c276be118ed4a9c40_images.jpg
52017.jpg,http://assets.myntassets.com/v1/images/style/properties/Inaya-Women-Black-Pyjama-Set_6d7e72a46da9f4ccead3faad72cbf4e3_images.jpg
9498.jpg,http://assets.myntassets.com/v1/images/style/properties/105747c80c6a7e946988ef39903a6e51_images.jpg
19921.jpg,http://assets.myntassets.com/v1/images/style/properties/6b4459ef18c0c2ff9882e0fea4adfd5d_images.jpg
11142.jpg,http://assets.myntassets.com/v1/images/style/properties/d976064625ce27895074b69740c41319_images.jpg
32106.jpg,http://assets.myntassets.com/v1/images/style/properties/4fc3d15e97cc55b81d4e93813e3069ff_images.jpg
31783.jpg,http://assets.myntassets.com/v1/images/style/properties/275b2c7d04119fdf8f76972f053200b2_images.jpg
3364.jpg,http://assets.myntassets.com/v1/images/style/properties/c84652ab8fed575037fe424c157b7244_images.jpg
12357.jpg,http://assets.myntassets.com/v1/images/style/properties/f2d133d0e7abe582fa61ecefbf788101_images.jpg
47155.jpg,http://assets.myntassets.com/v1/images/style/properties/69e91dcfc942296a277da70baaf00a50_images.jpg
6272.jpg,http://assets.myntassets.com/v1/images/style/properties/6c0219b1717f8f130e05bd9fdfa33ab0_images.jpg
4585.jpg,http://assets.myntassets.com/v1/images/style/properties/Wildcraft-Contour-Black-Backpack_0c427f9dfd5d8767399c50b028b6ba71_images.jpg
43555.jpg,http://assets.myntassets.com/v1/images/style/properties/05f6db0bb7d322a6614505108702cc18_images.jpg
33246.jpg,http://assets.myntassets.com/v1/images/style/properties/Arrow-Men-Lavender-Slim-Fit-Shirt_8135f9f41f4b77535ae7d7b35679eea8_images.jpg
31723.jpg,http://assets.myntassets.com/v1/images/style/properties/e9d96b8dec5d8612b93960ab4cf2b308_images.jpg
11324.jpg,http://assets.myntassets.com/v1/images/style/properties/d842959362660f22f113c15b968fa0cb_images.jpg
51400.jpg,http://assets.myntassets.com/v1/images/style/properties/06f2ed1adb87f763952b6c756b3960f3_images.jpg
13487.jpg,http://assets.myntassets.com/v1/images/style/properties/1984d518712e3218453d4323a2cbc09d_images.jpg
30605.jpg,http://assets.myntassets.com/v1/images/style/properties/06d02e1ca27d01594edf4838fed8e85b_images.jpg
10202.jpg,http://assets.myntassets.com/v1/images/style/properties/cd2b7bd87c8caa143ccd388b07cc3f84_images.jpg
15314.jpg,http://assets.myntassets.com/v1/images/style/properties/6c9cf98f7b982edd225753d9cd2d4cd0_images.jpg
38830.jpg,http://assets.myntassets.com/v1/images/style/properties/6523fac5f01650fdfe0af4f53c4bcb9e_images.jpg
50519.jpg,http://assets.myntassets.com/v1/images/style/properties/Chromozome-Men-Charcoal-Melange-Innerwear-Vest_abf65d9d1e146dfcbdd1445f8ab36593_images.jpg
59236.jpg,http://assets.myntassets.com/v1/images/style/properties/Titan-Men-Silver-Watch_ee6f1aad900047f4e259f92b6d97b66b_images.jpg
36995.jpg,http://assets.myntassets.com/v1/images/style/properties/3e846289a9d8a725ba4a3d2cb86b336f_images.jpg
40129.jpg,http://assets.myntassets.com/v1/images/style/properties/00bc9c8675d7bcd2df2d6cc7ead3c798_images.jpg
18050.jpg,http://assets.myntassets.com/v1/images/style/properties/dfe6c9b205782b5323e788aab2ae67ca_images.jpg
21314.jpg,http://assets.myntassets.com/v1/images/style/properties/95f9c3c56a4884e28d5797a49225eba4_images.jpg
22591.jpg,http://assets.myntassets.com/v1/images/style/properties/e40eb3e4af2ed4cea0d565a2147a0773_images.jpg
12304.jpg,http://assets.myntassets.com/v1/images/style/properties/8d3eeb976df1b10cb96abe8e5214aaca_images.jpg
30266.jpg,http://assets.myntassets.com/v1/images/style/properties/cba2497dd39439f8a6f9979c1197afae_images.jpg
51635.jpg,http://assets.myntassets.com/v1/images/style/properties/db264d5e768d86e4e1a44edeea23b9b1_images.jpg
43304.jpg,http://assets.myntassets.com/v1/images/style/properties/f7c7a0de4c0f995783e3bd54423a2317_images.jpg
11323.jpg,http://assets.myntassets.com/v1/images/style/properties/7abc614e6e526858a020bd6420d1707c_images.jpg
32393.jpg,http://assets.myntassets.com/v1/images/style/properties/aa1935a6cee21987f5170f0f739dff81_images.jpg
41661.jpg,http://assets.myntassets.com/v1/images/style/properties/ebc3b531d5205b80103517d7b08bb6e5_images.jpg
34064.jpg,http://assets.myntassets.com/v1/images/style/properties/76fd72ef98204310e06206b9de234cdd_images.jpg
37418.jpg,http://assets.myntassets.com/v1/images/style/properties/2331d536db536e83042849e03e0ac28e_images.jpg
24833.jpg,http://assets.myntassets.com/v1/images/style/properties/Wildcraft-Unisex-Red-Backpack_cfa72456aeabcac05641c379e768f794_images.jpg
9064.jpg,http://assets.myntassets.com/v1/images/style/properties/6d914cf8cd1c99a8074c5f8d6818cb2f_images.jpg
47139.jpg,http://assets.myntassets.com/v1/images/style/properties/8a84567c54b89a8c30570495b7ab1f05_images.jpg
11778.jpg,http://assets.myntassets.com/v1/images/style/properties/64023a353e1344545a3ea48bdab69825_images.jpg
25129.jpg,http://assets.myntassets.com/v1/images/style/properties/Lino-Perros-Women-Gems-Gold-Clutch_3a11b4943b4c1489c6f53dca9b0e836b_images.jpg
5239.jpg,http://assets.myntassets.com/v1/images/style/properties/c8a72a981c15936a083c6382f05e72ef_images.jpg
25915.jpg,http://assets.myntassets.com/v1/images/style/properties/f246e70f9aa880b79ae2963ad0296360_images.jpg
32163.jpg,http://assets.myntassets.com/v1/images/style/properties/4c225b51cb4c8537f2e31a100ac907a0_images.jpg
33283.jpg,http://assets.myntassets.com/v1/images/style/properties/Gini-and-Jony-Boys-Black-Jeans_9dc05d84d9f49f1430edefc0e47055fc_images.jpg
53366.jpg,http://assets.myntassets.com/v1/images/style/properties/Puma-Unisex-Blue-Backpack_a4b0e65ab41498d69d94a9f848e604a4_images.jpg
48944.jpg,http://assets.myntassets.com/v1/images/style/properties/bcb655872b6a2d0cb31bbd8e63349b9d_images.jpg
23475.jpg,http://assets.myntassets.com/v1/images/style/properties/940249eb8281108932255469cf18d426_images.jpg
10465.jpg,http://assets.myntassets.com/v1/images/style/properties/485c76f4a7ece6ce3845e53250ef8127_images.jpg
27021.jpg,http://assets.myntassets.com/v1/images/style/properties/4e3a72ea2d826181beccf2969240d861_images.jpg
30096.jpg,http://assets.myntassets.com/v1/images/style/properties/Ed-Hardy-Men-Black-Dial-Watch_28349ca47acf35aa65b49cffceed39d1_images.jpg
56284.jpg,http://assets.myntassets.com/v1/images/style/properties/Biara-White-Everyday-Support-Bra_52f557cc82a06336a35c19d3640e6a1f_images.jpg
7103.jpg,http://assets.myntassets.com/v1/images/style/properties/4cd3763af2675ab3a177c5c02f6f0ada_images.jpg
25120.jpg,http://assets.myntassets.com/v1/images/style/properties/Lino-Perros-Women-Beads-Black-Clutch_790bcc3c26a1466f1e8e16bc6787eedf_images.jpg
27445.jpg,http://assets.myntassets.com/v1/images/style/properties/d16fa5d4936f5bd15087ec863019c1e3_images.jpg
5002.jpg,http://assets.myntassets.com/v1/images/style/properties/1a81eda82e2103286aad671c21c8e821_images.jpg
9260.jpg,http://assets.myntassets.com/v1/images/style/properties/2f919a3beb369c74dc2c3b73bf8726aa_images.jpg
54940.jpg,http://assets.myntassets.com/v1/images/style/properties/Do-u-speak-green-Women-Burgundy-T-shirt_0f338f8c184eb12e5b853a9990a23ef2_images.jpg
39124.jpg,http://assets.myntassets.com/v1/images/style/properties/Aneri-Women-Beige-Leggings_7f59a0bcb5397f7e24695792c9f0f4eb_images.jpg
52429.jpg,http://assets.myntassets.com/v1/images/style/properties/Red-Rose-Women-White-Nightdress_7eb009b59d65a3ba24d04ab3a9109ed4_images.jpg
29184.jpg,http://assets.myntassets.com/v1/images/style/properties/e824457a5e67c8797b61b34d0529634c_images.jpg
35187.jpg,http://assets.myntassets.com/v1/images/style/properties/Wildcraft-Unisex-Campus---Youth-Blue-Backpack_59cdd2a2844585f044ec0b7670c7a459_images.jpg
25127.jpg,http://assets.myntassets.com/v1/images/style/properties/Lino-Perros-Women-Gems-Purple-Clutch_46ffb86c5b0a9a623a33ea625ed94ca0_images.jpg
11312.jpg,http://assets.myntassets.com/v1/images/style/properties/df8f68702333bcea03de9a27e726031f_images.jpg
21587.jpg,http://assets.myntassets.com/v1/images/style/properties/e9aaef6467689eac974ad5658d3f1d5f_images.jpg
16137.jpg,http://assets.myntassets.com/v1/images/style/properties/ae0da59ef5257e09a07d8e90ff4f319c_images.jpg
52411.jpg,http://assets.myntassets.com/v1/images/style/properties/Red-Rose-Maroon-Nightdress_023a561130bff3a6cb94c39a11f1ecdf_images.jpg
16761.jpg,http://assets.myntassets.com/v1/images/style/properties/e15d2769b24f5a15807b38a5f37343c5_images.jpg
50948.jpg,http://assets.myntassets.com/v1/images/style/properties/9e7e3754b5631689c9be03aa07668fa0_images.jpg
44746.jpg,http://assets.myntassets.com/v1/images/style/properties/d5e7d1528d28993acfc99b38abc73248_images.jpg
58319.jpg,http://assets.myntassets.com/v1/images/style/properties/Jockey-Men-White-Pack-of-3-Socks_b358ead3b7243a1387385ded350b7e00_images.jpg
53537.jpg,http://assets.myntassets.com/v1/images/style/properties/Amante-Women-Pack-of-3-Briefs_2a91813f368f7e7cd061e60cee472729_images.jpg
44580.jpg,http://assets.myntassets.com/v1/images/style/properties/4378442ac55470a6e9c3214e29db1d17_images.jpg
38208.jpg,http://assets.myntassets.com/v1/image/style/properties/38208/Polaroid-Women-Sunglasses_1_6aa1cb54e4a2d44dbe6800414bf3d24b.jpg
56277.jpg,http://assets.myntassets.com/v1/images/style/properties/Biara-Maroon-Everyday-Support-Bra-MW-1002_a3cfc4fdd8b40c2e56606c2cca450f38_images.jpg
21573.jpg,http://assets.myntassets.com/v1/images/style/properties/2d941a38c90b5ff3a24a2447b98a4692_images.jpg
27019.jpg,http://assets.myntassets.com/v1/images/style/properties/bd9b77d5439b4fc43d5bd07bed96308f_images.jpg
48386.jpg,http://assets.myntassets.com/v1/images/style/properties/cfad8206757d7962a9f63511d8ad213c_images.jpg
58928.jpg,http://assets.myntassets.com/v1/images/style/properties/Ivory-Tag-Women-Olive-Sling-Bag_7f100991be0f20786edb8c235a7fd78e_images.jpg
44913.jpg,http://assets.myntassets.com/v1/images/style/properties/48dd520bbca9b3d03065be7cc821087b_images.jpg
35984.jpg,http://assets.myntassets.com/v1/images/style/properties/78752288f4899cb339818c4a036a0528_images.jpg
48716.jpg,http://assets.myntassets.com/v1/images/style/properties/Lucera-Gold-Plated-Earrings_448e2706d7a5b70114c5078725d74371_images.jpg
4920.jpg,http://assets.myntassets.com/v1/images/style/properties/a843ef3f277ccdb6845778b75c18dce2_images.jpg
53508.jpg,http://assets.myntassets.com/v1/images/style/properties/Amante-Women-White-Comfort-Bra-BFOM-12_74892ec0d9f8209b634f718b578e82aa_images.jpg
38839.jpg,http://assets.myntassets.com/v1/images/style/properties/96d3568f04d0b132df06d008d81ef14b_images.jpg
57994.jpg,http://assets.myntassets.com/v1/images/style/properties/Latin-Quarters-Women-Brown-Dress_c6f632e23eb68d8199dda3caa1a21727_images.jpg
34588.jpg,http://assets.myntassets.com/v1/images/style/properties/c712e141137c41ec81761211541849d0_images.jpg
48200.jpg,http://assets.myntassets.com/v1/images/style/properties/United-Colors-of-Benetton-Men-Black-Sunglass_98b9b39e034ca44dd20d989a9bf5478a_images.jpg
13198.jpg,http://assets.myntassets.com/v1/images/style/properties/b8053f95ed69df40a632dccac74da643_images.jpg
3845.jpg,http://assets.myntassets.com/v1/images/style/properties/5c8da4cebe5bc72a27aa105f2a120cb4_images.jpg
32029.jpg,http://assets.myntassets.com/v1/images/style/properties/Playboy-Men-Pack-of-3-Socks_a3a4b1864a622ef1b9d3bba6bc7eb6b7_images.jpg
40409.jpg,http://assets.myntassets.com/v1/images/style/properties/895b09a3a147659763de3866363ee1ae_images.jpg
59716.jpg,http://assets.myntassets.com/v1/images/style/properties/Avirate-Black-Babydoll-Nightdress_bbd876b91f9eddc154de5fb4f5206472_images.jpg
11099.jpg,http://assets.myntassets.com/v1/images/style/properties/dba432e451eaade739c4ef9cf7be8fe5_images.jpg
9771.jpg,http://assets.myntassets.com/v1/images/style/properties/f8af4b4460843f0f8f40defca1e287a2_images.jpg
16846.jpg,http://assets.myntassets.com/v1/images/style/properties/3a1f8dc480f44529088d1e9929230454_images.jpg
43081.jpg,http://assets.myntassets.com/v1/images/style/properties/ec622f4bb5024a1ae4017d7d4fc7d59d_images.jpg
42705.jpg,http://assets.myntassets.com/v1/images/style/properties/bbdf6a0507322fcbd13a7be6afd55ed5_images.jpg
27392.jpg,http://assets.myntassets.com/v1/images/style/properties/33741772a674abb80f503a89414fc302_images.jpg
35465.jpg,http://assets.myntassets.com/v1/images/style/properties/428ea86c27e68387b1a41b4686edd32a_images.jpg
16613.jpg,http://assets.myntassets.com/v1/images/style/properties/6186f3a7033f48dfe033403a223d2b37_images.jpg
14978.jpg,http://assets.myntassets.com/v1/images/style/properties/New-Hide-Men-Solid-Black-Beltsb556c582e16f59cd7fe3c5c739a94bf6_images.jpg
41346.jpg,http://assets.myntassets.com/v1/images/style/properties/Wrangler-Men-Navy-Blue-Jeans_cb3a64b050a8342cb5275774c5eab9bc_images.jpg
39638.jpg,http://assets.myntassets.com/v1/images/style/properties/021c6c43c0a6a9152f5f4ac18aa2b271_images.jpg
16879.jpg,http://assets.myntassets.com/v1/images/style/properties/57a2a3ea5dc68e3318e5066aef754122_images.jpg
19831.jpg,http://assets.myntassets.com/v1/images/style/properties/068c905a91234cef5cfd0c87fa7bea85_images.jpg
16045.jpg,http://assets.myntassets.com/v1/images/style/properties/bb5ec432b69e70d8e20039a62e480016_images.jpg
49577.jpg,http://assets.myntassets.com/v1/images/style/properties/c9fbfc5eadd207a359630d18c6db9ff9_images.jpg
7618.jpg,http://assets.myntassets.com/v1/images/style/properties/ce5042a21c59483e83fce67b051ea88a_images.jpg
17993.jpg,http://assets.myntassets.com/v1/images/style/properties/8f8cc81bb453354b2134195770e2a2ca_images.jpg
5987.jpg,http://assets.myntassets.com/v1/images/style/properties/b174a95567d6acc919074e445655cfd8_images.jpg
1943.jpg,http://assets.myntassets.com/v1/images/style/properties/d314648db619756e852e9d8816832d5c_images.jpg
46500.jpg,http://assets.myntassets.com/v1/images/style/properties/Timex-Men-Silver-Dial-Watch_6783c12bf08a755b932baebd0e996fbf_images.jpg
27153.jpg,http://assets.myntassets.com/v1/images/style/properties/ec8ac0f8dc7e09a130ebe2ed1e64225f_images.jpg
16614.jpg,http://assets.myntassets.com/v1/images/style/properties/ba4e112d0b37848718bf96c982e1d715_images.jpg
33553.jpg,http://assets.myntassets.com/v1/images/style/properties/81eae17b8bd1e2f872241acfb78ccd64_images.jpg
43624.jpg,http://assets.myntassets.com/v1/images/style/properties/50f7e1fcc66ef9a3c29f0020c8710c6b_images.jpg
21250.jpg,http://assets.myntassets.com/v1/images/style/properties/eb1771d5fca871827a52b1d7af227e86_images.jpg
40267.jpg,http://assets.myntassets.com/v1/images/style/properties/a0eae150cac65949a07e5a96ffb02669_images.jpg
42995.jpg,http://assets.myntassets.com/v1/images/style/properties/c9e069f712668785c1b61931a485055a_images.jpg
29696.jpg,http://assets.myntassets.com/v1/images/style/properties/4fc9f5d8f4aa0add1b8820d499203ba3_images.jpg
6996.jpg,http://assets.myntassets.com/v1/images/style/properties/0e5b8b59dc752e86708a2231b6bcd51f_images.jpg
12847.jpg,http://assets.myntassets.com/v1/images/style/properties/09359395fafdff5f790e205af6465a8b_images.jpg
30925.jpg,http://assets.myntassets.com/v1/images/style/properties/7474d5aa6939485b4c8e10cc8b9e634a_images.jpg
53679.jpg,http://assets.myntassets.com/v1/images/style/properties/Kiara-Women-Pink-Handbag_00c4f5364f9baa654f02d6be6f2b63d5_images.jpg
41377.jpg,http://assets.myntassets.com/v1/images/style/properties/615a2975a352a82401e0fe86cf70f966_images.jpg
53480.jpg,http://assets.myntassets.com/v1/images/style/properties/Amante-Mushroom-Brown-Bra_47d2d541d5a19ae07d5ab1bb76840fc0_images.jpg
58854.jpg,http://assets.myntassets.com/v1/images/style/properties/Hakashi-Men-Steel-designer-Cufflinks_e8681572b6c779a02d640c8922fddc06_images.jpg
2363.jpg,http://assets.myntassets.com/v1/images/style/properties/edf89722365f34993509133071de3fff_images.jpg
43044.jpg,http://assets.myntassets.com/v1/images/style/properties/e7bdf8f83947932728ba599a7c158667_images.jpg
13734.jpg,http://assets.myntassets.com/v1/images/style/properties/7e6631b385ebfb86887e43987b9e8e63_images.jpg
17394.jpg,http://assets.myntassets.com/v1/images/style/properties/a732e37804666f82174417555a7f3f1b_images.jpg
43878.jpg,http://assets.myntassets.com/v1/images/style/properties/f3d7cfae1b49f4bc2a0ded485151a7be_images.jpg
42350.jpg,http://assets.myntassets.com/v1/images/style/properties/686568fddfc4839d7b57cd0a21be8eb4_images.jpg
10377.jpg,http://assets.myntassets.com/v1/images/style/properties/31dee2652add01ed181f5d7549a933dc_images.jpg
45949.jpg,http://assets.myntassets.com/v1/images/style/properties/8001caf23e773a0d54ca1cd64371f816_images.jpg
48460.jpg,http://assets.myntassets.com/v1/images/style/properties/9dc18e521bf97717d480e48f4cca858e_images.jpg
4864.jpg,http://assets.myntassets.com/v1/images/style/properties/82355dabb646c488405904f8ca40e55b_images.jpg
15259.jpg,http://assets.myntassets.com/v1/images/style/properties/4ddb9c7c0aff6391c9fc8a9bac827125_images.jpg
20378.jpg,http://assets.myntassets.com/v1/images/style/properties/b94aab1d884dff761e0f66f9d76cf221_images.jpg
58262.jpg,http://assets.myntassets.com/v1/images/style/properties/Baggit-Women-Copper-Zodiac-Brush-Clutch_5a1bca3fb9376ff146bcce61bf053b90_images.jpg
57824.jpg,http://assets.myntassets.com/v1/images/style/properties/United-Colors-of-Benetton-Green-Trouser_29005e896e9d76a457a7f1c280ca4448_images.jpg
39067.jpg,http://assets.myntassets.com/v1/images/style/properties/7c15046d5ddefb3c9b4b080393335d7c_images.jpg
13966.jpg,http://assets.myntassets.com/v1/images/style/properties/e04e4735b265d3cb4d574a6694ef57b4_images.jpg
19004.jpg,http://assets.myntassets.com/v1/images/style/properties/d2127a1293498c6dec58f99d06357d8d_images.jpg
49546.jpg,http://assets.myntassets.com/v1/images/style/properties/7e943067031870a2a95aa507b262d947_images.jpg
27196.jpg,http://assets.myntassets.com/v1/images/style/properties/Doodle-Girls-Yellow-Dress_8deb5a4ffd0f960318c595c64649e65c_images.jpg
12271.jpg,http://assets.myntassets.com/v1/images/style/properties/105df285b5300e4832aad7676746f1db_images.jpg
9778.jpg,http://assets.myntassets.com/v1/images/style/properties/59042f7a5c415de26b20aa163ef89a52_images.jpg
26612.jpg,http://assets.myntassets.com/v1/images/style/properties/e18f896dfbf981d3d8b1c5af4b311b15_images.jpg
21437.jpg,http://assets.myntassets.com/v1/images/style/properties/e297613544d996040edb7a34abc3f4bb_images.jpg
25097.jpg,http://assets.myntassets.com/v1/images/style/properties/Lino-Perros-Men-Leather-Black-Walletc3758aeb90e6fd294bec4ad700641007_images.jpg
37794.jpg,http://assets.myntassets.com/v1/images/style/properties/83121999b711d85dc63f4648d93c9c74_images.jpg
52131.jpg,http://assets.myntassets.com/v1/images/style/properties/Doodle-Girls-Blue-Printed-Dress_d8d2067641e308fdfeb691f73e63aed3_images.jpg
59981.jpg,http://assets.myntassets.com/v1/images/style/properties/Avirate-Black---Purple-Women-Dress_b4f095c7a423d170e39cf78f1e9f4351_images.jpg
12285.jpg,http://assets.myntassets.com/v1/images/style/properties/b34240924498c963d23eb3d4db534ca8_images.jpg
48853.jpg,http://assets.myntassets.com/v1/images/style/properties/4964ec322f72e5de94a41eb37e87c5e5_images.jpg
9348.jpg,http://assets.myntassets.com/v1/images/style/properties/d19a0276c4c2f73de3d1df43c2659ca6_images.jpg
15000.jpg,http://assets.myntassets.com/v1/images/style/properties/2c004743c8a9ee4a425977cd412a6d67_images.jpg
9946.jpg,http://assets.myntassets.com/v1/images/style/properties/2cddbf7aaeb2ef93a764af28f46ed1b0_images.jpg
51370.jpg,http://assets.myntassets.com/v1/images/style/properties/530dcb878493cf1572ae96754e9a6372_images.jpg
12017.jpg,http://assets.myntassets.com/v1/images/style/properties/1ae5c5bfadf531b45cbfa02b9cf4b143_images.jpg
41586.jpg,http://assets.myntassets.com/v1/images/style/properties/415938bb6b47b8bd3f4de837e8c8b8ab_images.jpg
15464.jpg,http://assets.myntassets.com/v1/images/style/properties/85f47dfbba3ab33522858d0234746389_images.jpg
44232.jpg,http://assets.myntassets.com/v1/images/style/properties/9c185134e8565812bf4668445c0faf69_images.jpg
20777.jpg,http://assets.myntassets.com/v1/images/style/properties/681972ab94e4dab9560e2263be37aa0f_images.jpg
13303.jpg,http://assets.myntassets.com/v1/images/style/properties/abd44a4dbeaeb9c903805596d30936cb_images.jpg
25661.jpg,http://assets.myntassets.com/v1/images/style/properties/Fastrack-Women-Watches_fb36bfd59b44d51b62c02bcef2d4978c_images.jpg
23139.jpg,http://assets.myntassets.com/v1/images/style/properties/41ca020b10b3994671be7a419f8de96e_images.jpg
48606.jpg,http://assets.myntassets.com/v1/images/style/properties/d5e32cabb84db9e241af494a7622208c_images.jpg
58494.jpg,http://assets.myntassets.com/v1/images/style/properties/Tonga-Women-Purple-Dress_76c8909492015c5ad954b98f735100db_images.jpg
5788.jpg,http://assets.myntassets.com/v1/images/style/properties/c48d3f1066d9d0aaa9e161b1b7540019_images.jpg
7817.jpg,http://assets.myntassets.com/v1/images/style/properties/7d6dd2ffb60605c0910902845450ee39_images.jpg
36249.jpg,http://assets.myntassets.com/v1/images/style/properties/SDL-by-Sweet-Dreams-Men-White---Grey-Pyjama-Set_a47caf1e136ec52f996ab4e4227b6b9b_images.jpg
43814.jpg,http://assets.myntassets.com/v1/images/style/properties/a64a49535db8494a3f677b2c1261e8a4_images.jpg
43646.jpg,http://assets.myntassets.com/v1/images/style/properties/ca8e713ce9829fb999b8598b792c2a0f_images.jpg
35090.jpg,http://assets.myntassets.com/v1/images/style/properties/91d00de01a2bda0879a87e966111c9c5_images.jpg
6797.jpg,http://assets.myntassets.com/v1/images/style/properties/98ecb5d1b6702e05f61a9bfc22337932_images.jpg
33969.jpg,http://assets.myntassets.com/v1/images/style/properties/Femella-Women-Black-Dress_db1793bac3276003bafcf2f13559c0a6_images.jpg
52162.jpg,http://assets.myntassets.com/v1/images/style/properties/e2f7566b4cde1590facc4cdfb3e2668c_images.jpg
16020.jpg,http://assets.myntassets.com/v1/images/style/properties/80a1eaf55a73777aa6acc0aa0da36f38_images.jpg
33393.jpg,http://assets.myntassets.com/v1/images/style/properties/007fbebd13437c65fb57c1653ed6159f_images.jpg
6551.jpg,http://assets.myntassets.com/v1/images/style/properties/7f624bcc00fda2f1c3a7031b19b836c7_images.jpg
47676.jpg,http://assets.myntassets.com/v1/images/style/properties/3c414a4a1253b6474fb09d08c39241a4_images.jpg
21000.jpg,http://assets.myntassets.com/v1/images/style/properties/210774882d9408336f9c8883c0208469_images.jpg
51377.jpg,http://assets.myntassets.com/v1/images/style/properties/cdd90e3214b78714858921ed2ae5d9b0_images.jpg
18185.jpg,http://assets.myntassets.com/v1/images/style/properties/a1300728a417280445b0b07eec784211_images.jpg
58467.jpg,http://assets.myntassets.com/v1/images/style/properties/Fossil-Men-Brown-Belt_fd047f7de35980899f6126797b53a860_images.jpg
11008.jpg,http://assets.myntassets.com/v1/images/style/properties/7a3e4f2cab50d5b90b2ff16e40815faf_images.jpg
14922.jpg,http://assets.myntassets.com/v1/images/style/properties/6265edb23795d793680271391cf674af_images.jpg
39034.jpg,http://assets.myntassets.com/v1/images/style/properties/8f7e11107f04c5e91479c51e6262441d_images.jpg
58493.jpg,http://assets.myntassets.com/v1/images/style/properties/Tonga-Women-Grey-Dress_85699efa1b3a8648e1ae04fa4a341526_images.jpg
30529.jpg,http://assets.myntassets.com/v1/images/style/properties/Lovable-Cotton-Essensuals-Skin-Coloured-Bra_64c481b64376165cfd37b61a962a38f5_images.jpg
11001.jpg,http://assets.myntassets.com/v1/images/style/properties/fd4356e4df582e29159e685e13e6c205_images.jpg
1584.jpg,http://assets.myntassets.com/v1/images/style/properties/17333dd0e8793110b9ce07103e1327ac_images.jpg
7441.jpg,http://assets.myntassets.com/v1/images/style/properties/ada05b3d0730d478d98279442f693c43_images.jpg
15693.jpg,http://assets.myntassets.com/v1/images/style/properties/a1f55e2a398dec79ff9d71649d34ddce_images.jpg
36411.jpg,http://assets.myntassets.com/v1/images/style/properties/a146199cd2ed1b1ae584518aba8221ce_images.jpg
8851.jpg,http://assets.myntassets.com/v1/images/style/properties/d7b4006443982fa0c48605791c08f64f_images.jpg
36075.jpg,http://assets.myntassets.com/v1/images/style/properties/OTLS-Unisex-Navy-Gym-Bag_0ce27f2b8fbd651b28f9c2112b1aa418_images.jpg
45587.jpg,http://assets.myntassets.com/v1/images/style/properties/5126b09a2a7da6d47993c8467ec822d8_images.jpg
41315.jpg,http://assets.myntassets.com/v1/images/style/properties/bba2e85a8ebe0b3d59cccbdf6c019814_images.jpg
14117.jpg,http://assets.myntassets.com/v1/images/style/properties/d40c7c73da412a997222476cbd9611ab_images.jpg
23761.jpg,http://assets.myntassets.com/v1/images/style/properties/Oakley-Men-Brown-Sunglasses97227eba2c61c7bb8a11922670e70eba_images.jpg
30144.jpg,http://assets.myntassets.com/v1/images/style/properties/b67b21ab273e10b3af1f789d79d0f566_images.jpg
41785.jpg,http://assets.myntassets.com/v1/images/style/properties/67a1222f92395face388c3f369f2f9af_images.jpg
48608.jpg,http://assets.myntassets.com/v1/images/style/properties/2b8c478e12bd0070838b52e7e01968df_images.jpg
26677.jpg,http://assets.myntassets.com/v1/images/style/properties/5e07055a8d407f942b1ac77f6a338890_images.jpg
14128.jpg,http://assets.myntassets.com/v1/images/style/properties/a95e2df7700db34c77a4cd09a23b18d1_images.jpg
58809.jpg,http://assets.myntassets.com/v1/images/style/properties/Highlander-Men-Blue-Green---White-Striped-Shirt_c7b5f86f905a4c0eefc4f602c5b4c9d7_images.jpg
58035.jpg,http://assets.myntassets.com/v1/images/style/properties/Rreverie-Women-Earrings_420368d81d57d19c770136075271355d_images.jpg
25039.jpg,http://assets.myntassets.com/v1/images/style/properties/a975c175ccff6a53a6b7c45862b4dd50_images.jpg
31439.jpg,http://assets.myntassets.com/v1/images/style/properties/4545533f4502835934c7ee2a9066ea5d_images.jpg
29432.jpg,http://assets.myntassets.com/v1/images/style/properties/bab224c3f1f7cac5863e601c5b0eaa66_images.jpg
26822.jpg,http://assets.myntassets.com/v1/images/style/properties/b535a80ae8e03ef94827c9b41699fdeb_images.jpg
57089.jpg,http://assets.myntassets.com/v1/images/style/properties/Elle-Women-Blue-Skirt_b3e160afbe0b121082da35bf5cf83851_images.jpg
15660.jpg,http://assets.myntassets.com/v1/images/style/properties/a072429f2f11b615e422e221f67ad4bd_images.jpg
51510.jpg,http://assets.myntassets.com/v1/images/style/properties/d96da91cc109a769d9f918b0889cb237_images.jpg
13335.jpg,http://assets.myntassets.com/v1/images/style/properties/86f6e057103f86995291dfe4073ca65c_images.jpg
9984.jpg,http://assets.myntassets.com/v1/images/style/properties/06ece85a13c856ee22214509a12a09e2_images.jpg
14322.jpg,http://assets.myntassets.com/v1/images/style/properties/127af27f7083e96c1df8200f28b2279d_images.jpg
23759.jpg,http://assets.myntassets.com/v1/images/style/properties/Oakley-Men-Fast-Jacket-Brown-Sunglasses61e374478ac50779a945c3795c2f6f42_images.jpg
4208.jpg,http://assets.myntassets.com/v1/images/style/properties/b8f838a6bb3a6ec4624a914426040c12_images.jpg
32841.jpg,http://assets.myntassets.com/v1/images/style/properties/a8181108ae8fa6743f59030dc76535d6_images.jpg
24924.jpg,http://assets.myntassets.com/v1/images/style/properties/26ff98efca3817b80abc7f6391dcddc0_images.jpg
49716.jpg,http://assets.myntassets.com/v1/images/style/properties/Park-Avenue-Men-Blue-Tie_79c5239d209c0b782bb795e4c7118234_images.jpg
57846.jpg,http://assets.myntassets.com/v1/images/style/properties/Lino-Perros-Unisex-Beige-Sling-Bag_6cb1650a151701e1ff5ac53b00a4a38b_images.jpg
9187.jpg,http://assets.myntassets.com/v1/images/style/properties/ef39ff01e72b5cde4ebfae26fbbedcb5_images.jpg
13967.jpg,http://assets.myntassets.com/v1/images/style/properties/d4e2bad17f33603bac054a9d56dc4ac4_images.jpg
27960.jpg,http://assets.myntassets.com/v1/images/style/properties/85a4db46a8f38b7d87a0d0a29592bdd2_images.jpg
28928.jpg,http://assets.myntassets.com/v1/images/style/properties/4f5fe54704585e2011c465c5cd1adeb7_images.jpg
44258.jpg,http://assets.myntassets.com/v1/images/style/properties/136d96afbd06b569e3212c2007f09d16_images.jpg
58607.jpg,http://assets.myntassets.com/v1/images/style/properties/ToniQ-Women-Silver-Earrings_1d1b3832554fa20ca1d76a068531f6ba_images.jpg
30923.jpg,http://assets.myntassets.com/v1/images/style/properties/e7d66f3c35f9a4ccba81cb32ed3cceb6_images.jpg
14984.jpg,http://assets.myntassets.com/v1/images/style/properties/ed1239273219a33be915a65c073a6080_images.jpg
46530.jpg,http://assets.myntassets.com/assets/images/46530/2016/1/8/11452248783749-Timex-Women-Silver-Toned-Dial-Watch-T2N148-8781452248783330-1.jpg
34574.jpg,http://assets.myntassets.com/v1/images/style/properties/caf7ec8699b8009903ae54740a7e8256_images.jpg
46154.jpg,http://assets.myntassets.com/v1/images/style/properties/83c97920c7b9c41bed762d3ca97a93d7_images.jpg
8835.jpg,http://assets.myntassets.com/v1/images/style/properties/6d41fb2d7e5dbb65e804853811144c3d_images.jpg
7041.jpg,http://assets.myntassets.com/v1/images/style/properties/87d0a3eb3cd25ebac6cb330ff77bd350_images.jpg
4402.jpg,http://assets.myntassets.com/v1/images/style/properties/b43786b1275667bda4660e7eadc2586a_images.jpg
27197.jpg,http://assets.myntassets.com/v1/images/style/properties/2b4726ae82dead3ed5510dff8cd2cdc8_images.jpg
26045.jpg,http://assets.myntassets.com/v1/images/style/properties/a372b0e7c068b78c4e147dbfe66ee0fa_images.jpg
35660.jpg,http://assets.myntassets.com/v1/images/style/properties/e539a17448561f096999d58a84bd76c1_images.jpg
7889.jpg,http://assets.myntassets.com/v1/images/style/properties/997d2cb36029355abd9eafa763c8e5b8_images.jpg
55785.jpg,http://assets.myntassets.com/v1/image/style/properties/55785/Converse-Men-Navy-Blue-Casual-Shoes_1_199cefa09b7808998f241d1037d2cf2b.jpg
10715.jpg,http://assets.myntassets.com/v1/images/style/properties/48373b0212c02b6c39c53ec2215e1c58_images.jpg
29207.jpg,http://assets.myntassets.com/v1/images/style/properties/6a931fdbd9230dce710c3a67bbd70d3a_images.jpg
50499.jpg,http://assets.myntassets.com/v1/images/style/properties/Chromozome-Men-Grey-Melange-Innerwear-Vest_29d667b7c9d9d4fd2c7fb3db02543319_images.jpg
8667.jpg,http://assets.myntassets.com/assets/images/8667/2015/12/3/11449120922630-Fastrack-Men-Gradient-Bikers-Sunglasses-P148BR2-4991449120922191-1.jpg
48492.jpg,http://assets.myntassets.com/v1/images/style/properties/French-Connection-Women-Beige-Top_3d86f183e3a3efba7adb4bc38ac1d34b_images.jpg
11439.jpg,http://assets.myntassets.com/v1/images/style/properties/437ae47b52db0dceff7ae83f2a21b946_images.jpg
15436.jpg,http://assets.myntassets.com/v1/images/style/properties/0cd83633bada930b9654965419ddcdca_images.jpg
30543.jpg,http://assets.myntassets.com/v1/images/style/properties/Nike-Unisex-Pack-of-3-Socks_33ef3a06231283468dd202705a01965c_images.jpg
45174.jpg,http://assets.myntassets.com/v1/images/style/properties/Casio-Men-Blue-Dial-Watch_7ea004e7a963c3900fc77e79e6d1b9db_images.jpg
59973.jpg,http://assets.myntassets.com/v1/images/style/properties/Avirate-Women-Navy-Blue-Dress_d3209a1b11585a2236ae82ca26afe063_images.jpg
53475.jpg,http://assets.myntassets.com/v1/images/style/properties/Amante-Pink-Bra_9924461df9498e8a868617d49705c879_images.jpg
11406.jpg,http://assets.myntassets.com/v1/images/style/properties/7594543ecea9a4b35d5479e148d3ccfe_images.jpg
20341.jpg,http://assets.myntassets.com/v1/images/style/properties/de5816761c70b4abba154a28af62ea28_images.jpg
3082.jpg,http://assets.myntassets.com/v1/images/style/properties/bbd51e7fc1c7bf057f38f3fe0bbe2fd9_images.jpg
47418.jpg,http://assets.myntassets.com/v1/images/style/properties/336febeccd8f2c5be697db8fa5be674f_images.jpg
38343.jpg,http://assets.myntassets.com/v1/images/style/properties/f7d7c0aa100e4e175868f5e79fad6d0c_images.jpg
27199.jpg,http://assets.myntassets.com/v1/images/style/properties/db940964bc70d4c9fedf5b610adf25b0_images.jpg
7887.jpg,http://assets.myntassets.com/v1/images/style/properties/94facfc2f1c4234e90892f6219836206_images.jpg
54659.jpg,http://assets.myntassets.com/v1/images/style/properties/Fastrack-Women-Black-Watch_05fa05d471ea71e01a4b18a4d5f89dea_images.jpg
12884.jpg,http://assets.myntassets.com/v1/images/style/properties/76a129fe4c16e02db264d3be93bd5c01_images.jpg
18582.jpg,http://assets.myntassets.com/v1/images/style/properties/2f0097263571a52e1526a3f43f89f8a7_images.jpg
38185.jpg,http://assets.myntassets.com/v1/images/style/properties/b65ca87527291c284a2c7dd4bc8f5908_images.jpg
58060.jpg,http://assets.myntassets.com/v1/images/style/properties/Rreverie-Black---Sea-Green-Earrings_457ee23ef3980387abc5eb2b742397ba_images.jpg
45189.jpg,http://assets.myntassets.com/v1/images/style/properties/Casio-Women-Black-Dial-Watch_77aa4d6331d5dd3e2a4d301373e2020a_images.jpg
33935.jpg,http://assets.myntassets.com/v1/images/style/properties/1808b1849cc3fb6fc22b9cd3989865d6_images.jpg
9783.jpg,http://assets.myntassets.com/v1/images/style/properties/2913b40a24debaf518fa78b6115f2e21_images.jpg
26246.jpg,http://assets.myntassets.com/v1/images/style/properties/a0dbc49617cb68a3ce1fe352d5410f51_images.jpg
20383.jpg,http://assets.myntassets.com/v1/images/style/properties/169ef3ab64e43cea269ae92c6fa04eaf_images.jpg
23196.jpg,http://assets.myntassets.com/v1/images/style/properties/fb209af384d0d1af00368397afc12636_images.jpg
25261.jpg,http://assets.myntassets.com/v1/images/style/properties/Lino-Perros-Women-Canvas-Beige-Handbagcab90ce779a141483775f41ac4a00da2_images.jpg
33304.jpg,http://assets.myntassets.com/v1/images/style/properties/8f70720a7471ab797d7e0be3fca31bb8_images.jpg
14526.jpg,http://assets.myntassets.com/v1/images/style/properties/fb97e6093ce675d9baf8053140860d41_images.jpg
14714.jpg,http://assets.myntassets.com/v1/images/style/properties/fc68172adc020aab5f73b0f818c17aac_images.jpg
46733.jpg,http://assets.myntassets.com/v1/images/style/properties/08725f44217a792b713569b41589af67_images.jpg
15090.jpg,http://assets.myntassets.com/v1/images/style/properties/cee756a668ca269f555a02c9437d4a88_images.jpg
19201.jpg,http://assets.myntassets.com/v1/images/style/properties/a2840311e1172a6a36e86db0fd7a1166_images.jpg
19033.jpg,http://assets.myntassets.com/v1/images/style/properties/5c7ba4a80d33d36d5d5f1ab2c57775e6_images.jpg
49327.jpg,http://assets.myntassets.com/v1/images/style/properties/bc78aae7629cdc7e815439bc95684efa_images.jpg
18743.jpg,http://assets.myntassets.com/v1/images/style/properties/f005ecff7c08867b3024aa96547b9f9e_images.jpg
48665.jpg,http://assets.myntassets.com/v1/images/style/properties/27662970d37a4d3cbbd96f1fbc4ec8ba_images.jpg
26087.jpg,http://assets.myntassets.com/v1/images/style/properties/a781d2fd4dc516cddb8bc2501b69b0b1_images.jpg
34314.jpg,http://assets.myntassets.com/v1/images/style/properties/43b32ce03498f0875b552e261078b4dd_images.jpg
42394.jpg,http://assets.myntassets.com/v1/images/style/properties/15cd6db8013d71515eadc5a4106dec9a_images.jpg
47420.jpg,http://assets.myntassets.com/v1/images/style/properties/523735b5646af70a097ac6f938afa57e_images.jpg
43676.jpg,http://assets.myntassets.com/v1/images/style/properties/cb98cf6c84166ee28fe68e2de20ee3bd_images.jpg
14323.jpg,http://assets.myntassets.com/v1/images/style/properties/42b8a9b1e388137c2bb287eeba356f76_images.jpg
36073.jpg,http://assets.myntassets.com/v1/images/style/properties/OTLS-Unisex-Khaki-Gym-Bag_dab309c693d7080cc6306f1d354f3d8e_images.jpg
2307.jpg,http://assets.myntassets.com/v1/images/style/properties/e7a1546df24d647774b07238c388cbdc_images.jpg
7447.jpg,http://assets.myntassets.com/v1/images/style/properties/e496aabe4894459c0a648dfa00e891bf_images.jpg
33959.jpg,http://assets.myntassets.com/v1/images/style/properties/a574f11415a4b492df731cc39412ef5b_images.jpg
11235.jpg,http://assets.myntassets.com/v1/images/style/properties/acfb1b463e84641f86b08a1508cb5808_images.jpg
14581.jpg,http://assets.myntassets.com/v1/images/style/properties/6fbe14712fc280de1257bdbbdfe12672_images.jpg
6753.jpg,http://assets.myntassets.com/v1/images/style/properties/3b85fff436b31eab5389b074967d2789_images.jpg
29639.jpg,http://assets.myntassets.com/v1/images/style/properties/d188036ddc0c228a66265ea24be30e45_images.jpg
37155.jpg,http://assets.myntassets.com/v1/images/style/properties/448690543c45cd634e22e4b5b442aa30_images.jpg
44834.jpg,http://assets.myntassets.com/v1/images/style/properties/8ae4fb7f41cc8ec5b418c5da538ccfc4_images.jpg
49525.jpg,http://assets.myntassets.com/v1/images/style/properties/049740a0b93fa5a83a8c5edeb3f5542d_images.jpg
5579.jpg,http://assets.myntassets.com/v1/images/style/properties/8648cdb1fc43e376fe344bfd9579eef9_images.jpg
56995.jpg,http://assets.myntassets.com/v1/images/style/properties/HM-Women-Purple-Sandals_6faff68034a13f1fbbbc043a4492b790_images.jpg
56961.jpg,http://assets.myntassets.com/v1/images/style/properties/HM-Women-Black-Sandals_fb7d934c7fa54ee7737e577f25a4e2b1_images.jpg
4209.jpg,http://assets.myntassets.com/v1/images/style/properties/5d3c039c2a5b008d3a0cf1051aa5dd76_images.jpg
15666.jpg,http://assets.myntassets.com/v1/images/style/properties/7c1e20b901853378aef32719d076b67f_images.jpg
53073.jpg,http://assets.myntassets.com/v1/images/style/properties/c7953cf969857beb4e6d7726e34de7b9_images.jpg
37704.jpg,http://assets.myntassets.com/v1/images/style/properties/Wills-Women-Black-Belt_8292b41ff9656031ac12cb6202dd25fe_images.jpg
7686.jpg,http://assets.myntassets.com/v1/images/style/properties/ce04499c551f27acebaf15b1521fa8d6_images.jpg
25651.jpg,http://assets.myntassets.com/v1/images/style/properties/1328a5fd3667d2c60b82e4168ade41a7_images.jpg
17793.jpg,http://assets.myntassets.com/v1/images/style/properties/53f71e70ed546e67ace4877ebb1c0cda_images.jpg
59112.jpg,http://assets.myntassets.com/v1/images/style/properties/Just-Natural-Men-Olive-Jacket_f5611f6139262d6313a528e6682f9442_images.jpg
9175.jpg,http://assets.myntassets.com/v1/images/style/properties/5da4f9a70d6758ff3a88be171765324b_images.jpg
18710.jpg,http://assets.myntassets.com/v1/images/style/properties/d071312a47991eb68305b415352ca50c_images.jpg
30946.jpg,http://assets.myntassets.com/v1/images/style/properties/ea48284ea2c3c3776cf114a0c0fdb5ad_images.jpg
39003.jpg,http://assets.myntassets.com/v1/images/style/properties/a6a60b01a08f52b80148c06c48c6ee2f_images.jpg
29291.jpg,http://assets.myntassets.com/v1/images/style/properties/08226ec2dad16fa817e6ca0bf9bb8543_images.jpg
39231.jpg,http://assets.myntassets.com/v1/images/style/properties/a96cf07f419a9e7ef446b72ed0a7faab_images.jpg
35065.jpg,http://assets.myntassets.com/v1/images/style/properties/68787a28f10576651fc59ef683d91a20_images.jpg
48855.jpg,http://assets.myntassets.com/v1/images/style/properties/83768c026b4672e0c9c74410e514a45e_images.jpg
12011.jpg,http://assets.myntassets.com/v1/images/style/properties/9fa367944ef04955674a967ad68646a4_images.jpg
36270.jpg,http://assets.myntassets.com/v1/images/style/properties/2e2db6cc5db7798899a4f0986e03be9f_images.jpg
36042.jpg,http://assets.myntassets.com/v1/images/style/properties/OTLS-Unisex-Blue-Bag_b1b0ccc7998a3d9a105503a2c24ce2c6_images.jpg
57075.jpg,http://assets.myntassets.com/v1/images/style/properties/Elle-Women-Blue-Jeans_a93219ce85aae0fa3b168355d1004ad3_images.jpg
7012.jpg,http://assets.myntassets.com/v1/images/style/properties/0307fa6587ea752a0d543fd279cb1b65_images.jpg
50406.jpg,http://assets.myntassets.com/v1/images/style/properties/Miss-Sixty-Black-Dial-Watch_02d415b79a259391309acb9f7d8f361c_images.jpg
3821.jpg,http://assets.myntassets.com/v1/images/style/properties/cf7bb0a4d1f919924e80e0ea0020edd5_images.jpg
8859.jpg,http://assets.myntassets.com/v1/images/style/properties/d8a4ab750b4eb281bcbfb6dc7014c56d_images.jpg
52164.jpg,http://assets.myntassets.com/v1/images/style/properties/9869b7f1f73b99e2397526855da3db79_images.jpg
37197.jpg,http://assets.myntassets.com/v1/images/style/properties/a3c601db72d8e7cbcb7ea8db4aa23fa3_images.jpg
25452.jpg,http://assets.myntassets.com/v1/images/style/properties/12a40be5f35a5664674276d1dde5a977_images.jpg
16442.jpg,http://assets.myntassets.com/v1/images/style/properties/fa1f38763169cbe101158729de96599b_images.jpg
9947.jpg,http://assets.myntassets.com/v1/images/style/properties/fddbff01374205c5c2038647dbbb7e58_images.jpg
1918.jpg,http://assets.myntassets.com/v1/images/style/properties/c3da5855bb3a66c743c9c8833041c662_images.jpg
30510.jpg,http://assets.myntassets.com/v1/images/style/properties/3bd1299472a7d32805356b8e5bb6b163_images.jpg
45315.jpg,http://assets.myntassets.com/v1/images/style/properties/c3b537b15dc36ab14b0d3b2fc336d700_images.jpg
14785.jpg,http://assets.myntassets.com/v1/images/style/properties/1bcd680f08debc73c50abcb354185250_images.jpg
45127.jpg,http://assets.myntassets.com/v1/images/style/properties/Casio-Men-Blue-Dial-Watch_988f1080d4357ee9f1bb836a7b8703ce_images.jpg
18974.jpg,http://assets.myntassets.com/v1/images/style/properties/098628d06a0d719f232f4720979b14cb_images.jpg
14924.jpg,http://assets.myntassets.com/v1/images/style/properties/7a57c9048ba8d8e328ad1a467b44d90d_images.jpg
37994.jpg,http://assets.myntassets.com/v1/images/style/properties/3ab7d7ae197ea9b90e662b46b334a2ca_images.jpg
2900.jpg,http://assets.myntassets.com/v1/images/style/properties/7a9831345651cc31b67657574d22d661_images.jpg
48607.jpg,http://assets.myntassets.com/v1/images/style/properties/b11c79456b5b3e84cc81178c3bb95b20_images.jpg
42933.jpg,http://assets.myntassets.com/v1/images/style/properties/da124a39d944baed2d439729180e0661_images.jpg
24779.jpg,http://assets.myntassets.com/v1/images/style/properties/e9039471f605cf5cbddd587cbf3a31e7_images.jpg
5109.jpg,http://assets.myntassets.com/v1/images/style/properties/9ba5e026006dd9ddb0c1eb56add1ba2f_images.jpg
8616.jpg,http://assets.myntassets.com/v1/image/style/properties/8616/Fastrack-Unisex-Sunglasses-M035BR6_1_3a455c32cc1811a471e7b4f9f1f4ae1e.jpg
22800.jpg,http://assets.myntassets.com/v1/images/style/properties/9aa04022781e731cee1e98cc420940a3_images.jpg
22458.jpg,http://assets.myntassets.com/v1/images/style/properties/83b6e2d2ddc74778e46c2969c9215221_images.jpg
27916.jpg,http://assets.myntassets.com/v1/images/style/properties/af3e746ce6b52c2ff20e875758878095_images.jpg
6912.jpg,http://assets.myntassets.com/v1/images/style/properties/f32e04d941041097a6e3b658f686bc60_images.jpg
53609.jpg,http://assets.myntassets.com/v1/images/style/properties/Q-Q-Men-Black-Digital-Watch_2b6e611c36b11e3c8b53d669fd7173a2_images.jpg
14798.jpg,http://assets.myntassets.com/v1/images/style/properties/7d3d0efd945b3d91b2d006081b276b0f_images.jpg
13320.jpg,http://assets.myntassets.com/v1/images/style/properties/e0bb77787d05908a7df9fa4402b7da48_images.jpg
36255.jpg,http://assets.myntassets.com/v1/images/style/properties/SDL-by-Sweet-Dreams-Men-Grey---Red-Pyjama-Set_0550d952ed02057a5d6fa22661e078e1_images.jpg
14939.jpg,http://assets.myntassets.com/v1/images/style/properties/a8b0bb2e5c2dd232647d0da89de502f7_images.jpg
58018.jpg,http://assets.myntassets.com/v1/images/style/properties/Rreverie-Silver---White-Earrings_e00b3bac6a69da674faca367f9b6c121_images.jpg
57050.jpg,http://assets.myntassets.com/v1/images/style/properties/Elle-Color-Clash-Purple-Dress_58462a913b738c272a3cf61069262346_images.jpg
27743.jpg,http://assets.myntassets.com/v1/images/style/properties/97592c693b3a8d2aecfc5b533281f00f_images.jpg
52374.jpg,http://assets.myntassets.com/v1/images/style/properties/Red-Rose-Women-Blue-1031SkyNight-Gowns-Nightdress_11aca95b3564946782441fcb2a0dc639_images.jpg
5136.jpg,http://assets.myntassets.com/v1/images/style/properties/5d9545099ff6ca76d1ae5bd15e163972_images.jpg
15675.jpg,http://assets.myntassets.com/v1/images/style/properties/1c7a9a567a32de91926c988df6cedd5e_images.jpg
18358.jpg,http://assets.myntassets.com/v1/images/style/properties/7c6eb47e06879564b2c358205852642c_images.jpg
57296.jpg,http://assets.myntassets.com/v1/images/style/properties/French-Connection-Men-White-Checks-Shirt_57dc17df9923b143289be6d80b54c5b5_images.jpg
5794.jpg,http://assets.myntassets.com/v1/images/style/properties/99bd1d6b73e882dcca682b8c6f5079db_images.jpg
12808.jpg,http://assets.myntassets.com/v1/images/style/properties/cfc2fc0eb4ae6a5dfbeb2f7be2bfe441_images.jpg
17546.jpg,http://assets.myntassets.com/v1/images/style/properties/c810af458f23e2ff1135e888a5d81625_images.jpg
22699.jpg,http://assets.myntassets.com/v1/images/style/properties/46be487ae99632463dbf6a56a07f7aed_images.jpg
8275.jpg,http://assets.myntassets.com/v1/images/style/properties/d916e8b04c54bd4876d9b7e5a9198032_images.jpg
16800.jpg,http://assets.myntassets.com/v1/images/style/properties/7bb6f3ddc83a045e2497917eb8f1146e_images.jpg
28501.jpg,http://assets.myntassets.com/v1/images/style/properties/c019aba80aa64607de12d01e210df05a_images.jpg
59905.jpg,http://assets.myntassets.com/v1/images/style/properties/Femella-Women-Pink-Scarf_86aaffd92735d10a5fd871da9eed708f_images.jpg
44686.jpg,http://assets.myntassets.com/v1/images/style/properties/f47419cdc3129da5ba0ed5aed99d175a_images.jpg
11484.jpg,http://assets.myntassets.com/v1/images/style/properties/b1c4cbbf014b6bb98a84ca9e9a27d4f7_images.jpg
6572.jpg,http://assets.myntassets.com/v1/images/style/properties/c90062757b4521af1d9a6f57342ad347_images.jpg
51730.jpg,http://assets.myntassets.com/v1/images/style/properties/Allen-Solly-Women-Purple-Sunglass_0edf4bb840137358490dbbffca0f6a9f_images.jpg
13743.jpg,http://assets.myntassets.com/v1/images/style/properties/56e9f24bfaf78fa7dea11485de2363ca_images.jpg
52373.jpg,http://assets.myntassets.com/v1/images/style/properties/Red-Rose-Women-Pink-Nightdress_367cf1208e8a0b2b9295d22783223160_images.jpg
39028.jpg,http://assets.myntassets.com/v1/images/style/properties/ad374a8dc541bea387b23afe82d51ce0_images.jpg
25645.jpg,http://assets.myntassets.com/v1/images/style/properties/Fastrack-Men-Black-Casual-Watchf325862d3103768f17bcf347153e0cbd_images.jpg
59130.jpg,http://assets.myntassets.com/v1/images/style/properties/Just-Natural-Men-Black-Jacket_79487896308207cc7de2f8f6688079c6_images.jpg
29247.jpg,http://assets.myntassets.com/v1/images/style/properties/4ec4fece7736760937613aff0374b2a1_images.jpg
18164.jpg,http://assets.myntassets.com/v1/images/style/properties/Spice-Art-Women-Zircons-Black-Clutch_c9d200b79b0df8536a58af43a7d8d75f_images.jpg
29411.jpg,http://assets.myntassets.com/v1/images/style/properties/e38884ad25e24546fb027208ffb17248_images.jpg
52148.jpg,http://assets.myntassets.com/v1/images/style/properties/8af6f04f3a97dfbfa0a0420960bb83ae_images.jpg
49732.jpg,http://assets.myntassets.com/v1/images/style/properties/Park-Avenue-Men-Blue-Tie_01d50a82a4d5b83833cd4ff4b708b7dc_images.jpg
1598.jpg,http://assets.myntassets.com/v1/images/style/properties/ec98cf22cd608a2cfb38dfb0add76f7b_images.jpg
20791.jpg,http://assets.myntassets.com/v1/images/style/properties/685eabafbbe374e2ac480d1ca8fd57f0_images.jpg
51706.jpg,http://assets.myntassets.com/v1/images/style/properties/Van-Heusen-Men-Black-Sunglasses_51916e506b55090b361ef1bdad1643d1_images.jpg
10336.jpg,http://assets.myntassets.com/v1/images/style/properties/89d8a70f2bb90ff6f2b5d12f13d99670_images.jpg
12839.jpg,http://assets.myntassets.com/v1/images/style/properties/beda24a6a1981ab1c739d6613fc445eb_images.jpg
15220.jpg,http://assets.myntassets.com/v1/images/style/properties/982e949f2cf8001fbeb4497a86830021_images.jpg
53435.jpg,http://assets.myntassets.com/v1/images/style/properties/Adidas-Men-Black-Jacket_da0bcd83075304d39c332b66474ec5ec_images.jpg
31273.jpg,http://assets.myntassets.com/v1/images/style/properties/641457ec9d145167fa87b58896468689_images.jpg
7006.jpg,http://assets.myntassets.com/v1/images/style/properties/d1eb6d59ed180941f72725e1718b6be6_images.jpg
14908.jpg,http://assets.myntassets.com/v1/images/style/properties/United-Colors-of-Benetton-Women-Funky-Blue-Sunglassesc6a126e1cef03a1adeb82746f765aedc_images.jpg
29882.jpg,http://assets.myntassets.com/v1/images/style/properties/41daadfd8d9cbcd0b3ca066b639246b4_images.jpg
5107.jpg,http://assets.myntassets.com/v1/images/style/properties/5189823f7541e58ea6cc943af6bd1f78_images.jpg
41752.jpg,http://assets.myntassets.com/v1/images/style/properties/6681d77ef817510c74193c4b25417353_images.jpg
31425.jpg,http://assets.myntassets.com/v1/images/style/properties/75ef5768b9bb10cda999a69c93c34942_images.jpg
2110.jpg,http://assets.myntassets.com/v1/images/style/properties/a790a08b2a110450dff50340ab22d09a_images.jpg
17319.jpg,http://assets.myntassets.com/v1/images/style/properties/Pepe-Jeans-Women-Casual-Sunglasses7a4ab0eba2a5fc9cdaab4c6b0824b596_images.jpg
4019.jpg,http://assets.myntassets.com/v1/images/style/properties/43d71c98796974e399c7c8bd052adbfb_images.jpg
15218.jpg,http://assets.myntassets.com/v1/images/style/properties/bd4a6dc66d7d0eaa3b9fc7c1b005dd5f_images.jpg
29072.jpg,http://assets.myntassets.com/v1/images/style/properties/fc959b23c689014f9f80e62a54f211dc_images.jpg
27775.jpg,http://assets.myntassets.com/v1/images/style/properties/977d9b4938674652ac434c113a92dc65_images.jpg
16032.jpg,http://assets.myntassets.com/v1/images/style/properties/877ee77c85b395051be9e7e31d1825b2_images.jpg
5100.jpg,http://assets.myntassets.com/v1/images/style/properties/6f935b030ba083854743b2b94dc645dd_images.jpg
44643.jpg,http://assets.myntassets.com/v1/images/style/properties/f82e258a0f337e7c031eddfab7942858_images.jpg
4670.jpg,http://assets.myntassets.com/v1/images/style/properties/3dcdcfa069e43c71074788c635f0d052_images.jpg
13786.jpg,http://assets.myntassets.com/v1/images/style/properties/7b1e96b2932631f15a844d678a6f9c2c_images.jpg
42918.jpg,http://assets.myntassets.com/v1/images/style/properties/47c3fa4ca0fee12e3bdc649098548edd_images.jpg
50673.jpg,http://assets.myntassets.com/v1/images/style/properties/83999400062e4f20f6da3f3f277be1cf_images.jpg
8479.jpg,http://assets.myntassets.com/v1/images/style/properties/33abe02e37b16010b068ebc37de2b42a_images.jpg
40085.jpg,http://assets.myntassets.com/v1/images/style/properties/6e7c90c4c502c919b32f84361b63dbb3_images.jpg
50217.jpg,http://assets.myntassets.com/v1/images/style/properties/55f3ef8256b18b773fc3699b499c1b06_images.jpg
7267.jpg,http://assets.myntassets.com/v1/images/style/properties/Rockport-Mens-Cooper-Light-Brown-Shoe_c1242813b912839a18618cc7adab3085_images.jpg
58248.jpg,http://assets.myntassets.com/v1/images/style/properties/Baggit-Women-Purple-Wallet_2d9568564f5b05b9348113d6dc1db61f_images.jpg
10701.jpg,http://assets.myntassets.com/v1/images/style/properties/a216a464dfb71d1c7ec891d912a1996d_images.jpg
20194.jpg,http://assets.myntassets.com/v1/images/style/properties/b2d06ebb2f7d320abd5120e0f0d58123_images.jpg
26263.jpg,http://assets.myntassets.com/v1/images/style/properties/Proline-Men-Blue-Polo-T-Shirt_1966052844cbf436fb13ff9b563cead9_images.jpg
29019.jpg,http://assets.myntassets.com/v1/images/style/properties/b33d26400e95d53f46e2a9adc2c32e73_images.jpg
27183.jpg,http://assets.myntassets.com/v1/images/style/properties/6cd4fab5131d983fa6f2d8acb92f9582_images.jpg
54829.jpg,http://assets.myntassets.com/v1/images/style/properties/Ivory-Tag-Women-Brown-Sling-Bag_5d6050a7c0452ad11925a27b56f87944_images.jpg
36208.jpg,http://assets.myntassets.com/v1/images/style/properties/dcad707e099047b68f73ce6b3b4db441_images.jpg
58277.jpg,http://assets.myntassets.com/v1/images/style/properties/Baggit-Women-Khaki-Libra-Jhuti-Sling-Bag_00108e3d6800bd81d900aa1a78f3f930_images.jpg
27148.jpg,http://assets.myntassets.com/v1/images/style/properties/eab0fabb7e7807bfd5619a3ea09a42e8_images.jpg
9594.jpg,http://assets.myntassets.com/v1/images/style/properties/5152c1c0fd9ab11237c8c668a23b3fc7_images.jpg
4885.jpg,http://assets.myntassets.com/v1/images/style/properties/caa568ea9b7d7b80c8a4d67b88072f8f_images.jpg
8674.jpg,http://assets.myntassets.com/assets/images/8674/2015/12/3/11449120928339-Fastrack-Titan-Men-Sunglasses-FTML016NYGP2-6111449120928047-1.jpg
19223.jpg,http://assets.myntassets.com/v1/images/style/properties/3d0e745853a29a1ea371f596698b78d4_images.jpg
16891.jpg,http://assets.myntassets.com/v1/images/style/properties/01a666e261507f92f5444ff791362a9e_images.jpg
18305.jpg,http://assets.myntassets.com/v1/images/style/properties/b6df11d9c445749ee40836360b01561e_images.jpg
20399.jpg,http://assets.myntassets.com/v1/images/style/properties/cb8652cf96ab4510b5741e0b360809d4_images.jpg
21079.jpg,http://assets.myntassets.com/v1/images/style/properties/d3a2f42ef6bf5f8a3f02f517ce2ed14f_images.jpg
40412.jpg,http://assets.myntassets.com/v1/images/style/properties/7962b3a441256fc78bcafec38dae409f_images.jpg
47637.jpg,http://assets.myntassets.com/v1/images/style/properties/214bb14bc44ec619a1afbef71b6fa4d9_images.jpg
26056.jpg,http://assets.myntassets.com/v1/images/style/properties/65c77f91daec633e92099fab4b314dc5_images.jpg
52781.jpg,http://assets.myntassets.com/v1/images/style/properties/d00bd7de074132b42024a87316b2d05a_images.jpg
59967.jpg,http://assets.myntassets.com/v1/images/style/properties/Avirate-Women-Black-Dress_ba98a43386b31d45f56b1e8e0cb1181a_images.jpg
15274.jpg,http://assets.myntassets.com/v1/images/style/properties/f89ba90bcdf28523d9dc8406147bef34_images.jpg
40082.jpg,http://assets.myntassets.com/v1/images/style/properties/e1ea76a453ad5da6532e361d1e607b5e_images.jpg
52123.jpg,http://assets.myntassets.com/v1/images/style/properties/79e71e6bb1a3969bbb6994aef1e6d87e_images.jpg
5153.jpg,http://assets.myntassets.com/v1/images/style/properties/063e757e11d908cc61fd2dc098680161_images.jpg
19486.jpg,http://assets.myntassets.com/v1/images/style/properties/221e8cf5b2649870ef8b72af68af109d_images.jpg
16862.jpg,http://assets.myntassets.com/v1/images/style/properties/97f4555a4314fff2ec62143dadb0094f_images.jpg
39849.jpg,http://assets.myntassets.com/v1/images/style/properties/b45ca9f0de9d375d3276e0eb191988d9_images.jpg
33780.jpg,http://assets.myntassets.com/v1/images/style/properties/d9aef0b3dd792a1e9f3ba680420b9ca6_images.jpg
12403.jpg,http://assets.myntassets.com/v1/images/style/properties/3861fdf2b90a5bed8eb19aa726daa503_images.jpg
51556.jpg,http://assets.myntassets.com/v1/images/style/properties/feb8a25b59215573315ae2e37a53cd0f_images.jpg
33310.jpg,http://assets.myntassets.com/v1/images/style/properties/275756a5605b9ab43ef4c46f2a864865_images.jpg
20707.jpg,http://assets.myntassets.com/v1/images/style/properties/cacb3198939df5d1be72af619e068ab6_images.jpg
2340.jpg,http://assets.myntassets.com/v1/images/style/properties/35b38d334af9e0544e06d363f326e4d7_images.jpg
44289.jpg,http://assets.myntassets.com/v1/images/style/properties/748024d64c90fd9f61838164b9918f90_images.jpg
6519.jpg,http://assets.myntassets.com/v1/images/style/properties/43d2afb798e9afbd42ed0965fb9b2d1f_images.jpg
8483.jpg,http://assets.myntassets.com/v1/images/style/properties/b72505f1886c0f575819d85db0196594_images.jpg
38165.jpg,http://assets.myntassets.com/v1/images/style/properties/d7e368b2aaa2b279ea366f4e3b2dc0b9_images.jpg
46972.jpg,http://assets.myntassets.com/v1/images/style/properties/3a96eeead3cb13ba7066f61327ab3026_images.jpg
57236.jpg,http://assets.myntassets.com/v1/images/style/properties/Murcia-Women-Burgundy-Handbag_14c3d0abb498d029103005b9b35c3233_images.jpg
5506.jpg,http://assets.myntassets.com/v1/images/style/properties/6e51d4bb0710c1614be34edceb3ba424_images.jpg
46176.jpg,http://assets.myntassets.com/v1/images/style/properties/Adrika-Women-Purple-Necklace_b31372fda0ee199a364594f8e3cf9765_images.jpg
31672.jpg,http://assets.myntassets.com/v1/images/style/properties/6c14bcc2970a04387dbd215ccf72415d_images.jpg
5350.jpg,http://assets.myntassets.com/v1/images/style/properties/0ff4b585d619d395a3d10647a013f94d_images.jpg
25286.jpg,http://assets.myntassets.com/v1/images/style/properties/e56151aa1d269a224aa69abd6e30f6a7_images.jpg
16898.jpg,http://assets.myntassets.com/v1/images/style/properties/da671102d0024b723967c8dc427cb9cc_images.jpg
40423.jpg,http://assets.myntassets.com/v1/images/style/properties/5920d6967465c892f86e2fee68173e44_images.jpg
45151.jpg,http://assets.myntassets.com/assets/images/45151/2018/3/2/11519970473841-Casio-Enticer-Men-Black-Analogue-Watch-A490-MTP-1302L-7BVDF-5041519970473675-1.jpg
47262.jpg,http://assets.myntassets.com/v1/images/style/properties/FCUK-Underwear-Men-White---Black-Brief_3132a6bcfcbaf56a9bc6b260c30590f0_images.jpg
16853.jpg,http://assets.myntassets.com/v1/images/style/properties/IDEE-Men-Funky-Eyewear-Green-Sunglassese5c1ae74f033469ba2537b170007560a_images.jpg
26890.jpg,http://assets.myntassets.com/v1/images/style/properties/188408d7093780e772f4ecf03bdf3d3b_images.jpg
58241.jpg,http://assets.myntassets.com/v1/images/style/properties/Baggit-Women-Beige-Wallet_fc61e6adecb0b1b2a6fac5db3cb2f6cf_images.jpg
18565.jpg,http://assets.myntassets.com/v1/images/style/properties/c38cfaf0151e7ada4fc46f28e8ac68d2_images.jpg
9556.jpg,http://assets.myntassets.com/v1/images/style/properties/fb73b5b4893eb185e795918b47c07f85_images.jpg
18734.jpg,http://assets.myntassets.com/v1/images/style/properties/fd48b1a9b8fea7c2a1afe9d5a431fc17_images.jpg
21810.jpg,http://assets.myntassets.com/v1/images/style/properties/Fossil-Men-Hood-Traveller-Brown-Wallet_6095c23ff2c2cd883f15aec551a9014f_images.jpg
31844.jpg,http://assets.myntassets.com/v1/images/style/properties/0d9a0e8e1a60b50c74f82e4b70186a1c_images.jpg
19612.jpg,http://assets.myntassets.com/v1/images/style/properties/bd2356b1ece68265f5c592e961b2c3e3_images.jpg
20936.jpg,http://assets.myntassets.com/v1/images/style/properties/Fastrack-Men-Polyester-Olive-Backpack_924b8a1ba8832d23500dc7fc9a6daa65_images.jpg
5768.jpg,http://assets.myntassets.com/v1/images/style/properties/74e84f8080f76cbe917c4510c641bb3e_images.jpg
19420.jpg,http://assets.myntassets.com/v1/images/style/properties/4d68b5f703d9a8e3893bad424e868554_images.jpg
33179.jpg,http://assets.myntassets.com/v1/images/style/properties/9d0f13076c08dac1ce3e6c178542232b_images.jpg
35880.jpg,http://assets.myntassets.com/v1/images/style/properties/Jungle-Book-Boys-Royal-White-T-shirt_31a7b0991a3df5d48939842620fc4765_images.jpg
32299.jpg,http://assets.myntassets.com/v1/images/style/properties/Q-Q-Men-White-Dial-Watch_d10d1d3c51fc9302a2fbf034c56a5457_images.jpg
17571.jpg,http://assets.myntassets.com/v1/images/style/properties/1e72af80d3bccfc4e295738fa1ded05b_images.jpg
15014.jpg,http://assets.myntassets.com/v1/images/style/properties/fd98d1c78099daf1cf11d9f6f75ea0fc_images.jpg
53601.jpg,http://assets.myntassets.com/v1/images/style/properties/Q-Q-Men-Black-Digital-Watch_4babce815dcafeffc91dc1b1feac3d06_images.jpg
11024.jpg,http://assets.myntassets.com/v1/images/style/properties/5ced39861a1660c5d3e4cff0e5bdba67_images.jpg
15484.jpg,http://assets.myntassets.com/v1/images/style/properties/c6e4223c929b0b2ccd3ec89295b2e891_images.jpg
50626.jpg,http://assets.myntassets.com/v1/images/style/properties/Chromozome-Men-Grey-Briefs_749e3576a57de4a66249a8f028ccddbc_images.jpg
1793.jpg,http://assets.myntassets.com/v1/images/style/properties/c7386a06c859c5594982c8c9d68f26c1_images.jpg
33146.jpg,http://assets.myntassets.com/v1/images/style/properties/5e4e78593c924109d65978ca09ca44fe_images.jpg
13317.jpg,http://assets.myntassets.com/v1/images/style/properties/e4ed173d77ca220159af10b70cd96437_images.jpg
44810.jpg,http://assets.myntassets.com/v1/images/style/properties/2135db3d420b22b52d50864435e9d88c_images.jpg
20931.jpg,http://assets.myntassets.com/v1/images/style/properties/1627ca56ce0270a4e6f5663d10175bf5_images.jpg
19615.jpg,http://assets.myntassets.com/v1/images/style/properties/4aacf24c5ae9b5179d467e4cdc76ff59_images.jpg
9156.jpg,http://assets.myntassets.com/v1/images/style/properties/eadea5948f43f524a1aecd003b7d1b6d_images.jpg
26800.jpg,http://assets.myntassets.com/v1/images/style/properties/Arrow-Men-Grey-Shirt_090f4bfb31f0066b5f1dad5d776879aa_images.jpg
27919.jpg,http://assets.myntassets.com/v1/images/style/properties/ed1140aebfd4ec47f201f9b787184b1f_images.jpg
7235.jpg,http://assets.myntassets.com/v1/images/style/properties/12f751b14cea5c5a9d982378a3ee3e24_images.jpg
13310.jpg,http://assets.myntassets.com/v1/images/style/properties/9f3ead66ab9b8f3b9ba0f9ad3cb439d5_images.jpg
14307.jpg,http://assets.myntassets.com/v1/images/style/properties/3b4edbc1ff8d9c4e6549bad1197225bd_images.jpg
21484.jpg,http://assets.myntassets.com/v1/images/style/properties/d7833732563ded9c3aab3314bde0b84f_images.jpg
53296.jpg,http://assets.myntassets.com/v1/images/style/properties/Locomotive-Men-Blue-Jeans_805657a2458be905efa9c7f67c78728a_images.jpg
51707.jpg,http://assets.myntassets.com/v1/images/style/properties/Van-Heusen-Men-Grey-Sunglasses_e8aa6118003ceb951278e6c0a49674fb_images.jpg
18966.jpg,http://assets.myntassets.com/v1/images/style/properties/45e6e4c78ac71ee663a667f648655c6a_images.jpg
10105.jpg,http://assets.myntassets.com/v1/images/style/properties/0b36b904a338a58bb059a5277a088304_images.jpg
20790.jpg,http://assets.myntassets.com/v1/images/style/properties/d29ccb832527c82a21037d8deb525dc0_images.jpg
47450.jpg,http://assets.myntassets.com/v1/images/style/properties/8b8c4d1f84024a790e47b951baeb5b16_images.jpg
42122.jpg,http://assets.myntassets.com/v1/images/style/properties/3879caa80f197e63862f04ba06e9e64b_images.jpg
5759.jpg,http://assets.myntassets.com/v1/images/style/properties/ea04cf0397a788472dd5eee227e56040_images.jpg
43469.jpg,http://assets.myntassets.com/v1/images/style/properties/470d9c74f4442d3fae9b1c0453be6b35_images.jpg
11816.jpg,http://assets.myntassets.com/v1/images/style/properties/6eece5eec3c7b24413880eb1414244a5_images.jpg
2118.jpg,http://assets.myntassets.com/v1/images/style/properties/189c12c3f552458f7bf2f11ed0d66fae_images.jpg
34399.jpg,http://assets.myntassets.com/v1/images/style/properties/cd707ac2361948cfd47806848e905ab2_images.jpg
9160.jpg,http://assets.myntassets.com/v1/images/style/properties/4ba6166080775de6d23ff05241dc1110_images.jpg
28190.jpg,http://assets.myntassets.com/v1/images/style/properties/f2b257e33950426cf2703bccd52f0874_images.jpg
9352.jpg,http://assets.myntassets.com/v1/images/style/properties/0d59a8363419194cb1adcd16a565bcee_images.jpg
15687.jpg,http://assets.myntassets.com/v1/images/style/properties/ad2728c1158ace2122324433a6b2c3fb_images.jpg
53092.jpg,http://assets.myntassets.com/v1/images/style/properties/Fabindia-Rust-Necklace_17bbee810b5420d35e2e49b6a7e7a79f_images.jpg
22237.jpg,http://assets.myntassets.com/v1/images/style/properties/0bd3c8978fc048682fee8f8d4f5111c4_images.jpg
18198.jpg,http://assets.myntassets.com/v1/images/style/properties/5d75bdd3c06b6c7b50267750a3d3cd46_images.jpg
52372.jpg,http://assets.myntassets.com/v1/images/style/properties/Red-Rose-Women-Green-Nightdress_045d1d3724255edc77a291fdba031167_images.jpg
5130.jpg,http://assets.myntassets.com/v1/images/style/properties/7d747b2ef802ac81d8def189954cc420_images.jpg
7203.jpg,http://assets.myntassets.com/v1/images/style/properties/985929f35225044b0581b8d9a1a19747_images.jpg
20938.jpg,http://assets.myntassets.com/v1/images/style/properties/cef64a1e30512ae410a34b3030e05a23_images.jpg
38933.jpg,http://assets.myntassets.com/v1/images/style/properties/759f163c719a08926859815a22ec8752_images.jpg
15673.jpg,http://assets.myntassets.com/v1/images/style/properties/dfa772965efefe32acfc50bc1508c73e_images.jpg
51503.jpg,http://assets.myntassets.com/v1/images/style/properties/829e70eada416e729390c855b2d0fd85_images.jpg
45331.jpg,http://assets.myntassets.com/v1/images/style/properties/7daf883e2220a5b8d1b1f2e492903016_images.jpg
14593.jpg,http://assets.myntassets.com/v1/images/style/properties/United-Colors-of-Benetton-Men-Solid-Black-Belts2a3a971920b6cdd296f60db425586aa0_images.jpg
29277.jpg,http://assets.myntassets.com/v1/images/style/properties/08e90a9a35d85a9a92845e95bfc64135_images.jpg
5108.jpg,http://assets.myntassets.com/v1/images/style/properties/de6e1f58075724ec4f35201b185ed0a5_images.jpg
18359.jpg,http://assets.myntassets.com/v1/images/style/properties/2d7d143faf35e692d601f316592cfa39_images.jpg
26664.jpg,http://assets.myntassets.com/v1/images/style/properties/d22b077c0a6cf9916cf7771717c08d34_images.jpg
57051.jpg,http://assets.myntassets.com/v1/images/style/properties/Elle-Women-Multi-Coloured-Dress_99a09d3142fa5f162029568fbe5c477c_images.jpg
22466.jpg,http://assets.myntassets.com/v1/images/style/properties/74c513a0a3ed8a2b22e1d8e2bce9bd83_images.jpg
27928.jpg,http://assets.myntassets.com/v1/images/style/properties/cf49da570f29ce64f2785037890ca3c0_images.jpg
31415.jpg,http://assets.myntassets.com/v1/images/style/properties/8341db9297db54a31c76282301045862_images.jpg
41762.jpg,http://assets.myntassets.com/v1/images/style/properties/22158853a9920fe208341c83a2fcb8d4_images.jpg
16005.jpg,http://assets.myntassets.com/v1/images/style/properties/e2f7c0ee06727cedc94405ba66f0ab76_images.jpg
25889.jpg,http://assets.myntassets.com/v1/images/style/properties/e14ff53cd7276128480bb92daf6c9b04_images.jpg
45362.jpg,http://assets.myntassets.com/v1/images/style/properties/5e46c56c0077272b5f259cb52d9f5c51_images.jpg
17513.jpg,http://assets.myntassets.com/v1/images/style/properties/47e7c38f7715354f5ae6c29592a87612_images.jpg
41352.jpg,http://assets.myntassets.com/v1/images/style/properties/aa6cae0ebf2657bd05f387306593d33b_images.jpg
43405.jpg,http://assets.myntassets.com/v1/images/style/properties/54d2f1fde90cb6f2132f6f83872de48b_images.jpg
6382.jpg,http://assets.myntassets.com/v1/images/style/properties/3d62fc263c5348675fa75713de661b95_images.jpg
43637.jpg,http://assets.myntassets.com/v1/images/style/properties/Vero-Moda-Women-Peach-Dress_290adcece7ff314c1e04579c992f4aea_images.jpg
7062.jpg,http://assets.myntassets.com/v1/images/style/properties/5235dbbcbc93e2f0e774fe6c5590a0f4_images.jpg
14362.jpg,http://assets.myntassets.com/v1/images/style/properties/c097bda15536e2ac1e605a6f3bd51e6b_images.jpg
33540.jpg,http://assets.myntassets.com/v1/images/style/properties/84d03b6bdae1d99197075d41b348d7ba_images.jpg
44244.jpg,http://assets.myntassets.com/v1/images/style/properties/acdf6100652c298c7000c8f6f959eddd_images.jpg
7895.jpg,http://assets.myntassets.com/v1/images/style/properties/7dfae078b6365455b3eb12448e62de20_images.jpg
51339.jpg,http://assets.myntassets.com/v1/images/style/properties/598fd20d98cb26a95bf1cdc09f65c538_images.jpg
23973.jpg,http://assets.myntassets.com/v1/images/style/properties/0e75f0527178db147904aa1b2f7a5034_images.jpg
8643.jpg,http://assets.myntassets.com/v1/images/style/properties/60639d08b393d1f9a4efc277cf83b349_images.jpg
11079.jpg,http://assets.myntassets.com/v1/images/style/properties/47fd3985968efcde2c07c8ec00b01e9f_images.jpg
5960.jpg,http://assets.myntassets.com/v1/images/style/properties/6ce4069d7343e2b3c694c8eb35d2b190_images.jpg
48684.jpg,http://assets.myntassets.com/v1/images/style/properties/4d853be12a898d4f5ba51f5732b874c3_images.jpg
31826.jpg,http://assets.myntassets.com/v1/images/style/properties/e55ce1f1e1f95eaf675ac2b8fd5c8689_images.jpg
4284.jpg,http://assets.myntassets.com/v1/images/style/properties/e48d6770ce64237c6373ce4549223578_images.jpg
57230.jpg,http://assets.myntassets.com/v1/images/style/properties/Murcia-Women-Purple-Handbag_ed16f09b117728cf0008c734d2698929_images.jpg
41355.jpg,http://assets.myntassets.com/v1/images/style/properties/8a6704ce66444dd3fdf3ee6a93eeb76e_images.jpg
4042.jpg,http://assets.myntassets.com/v1/images/style/properties/Rajasthan-Royals-Kids-Authentic-Replica-Cricket-Jersey_8a66c1b762e77a71703c6eb67f6a0b95_images.jpg
15415.jpg,http://assets.myntassets.com/v1/images/style/properties/876b8577af35306d424eeeb72fee6c09_images.jpg
1530.jpg,http://assets.myntassets.com/v1/images/style/properties/470f495a596697306cc22fe87b8c5916_images.jpg
32005.jpg,http://assets.myntassets.com/v1/images/style/properties/Playboy-Men-Grey-Brown-Socks_054952a8f2981d19fb12a73c1bfd3339_images.jpg
31821.jpg,http://assets.myntassets.com/v1/images/style/properties/7e033d0601f755bdd7cc7918b3bcc78b_images.jpg
58247.jpg,http://assets.myntassets.com/v1/images/style/properties/Baggit-Women-Red-Wallet_417c42a6eceb7b44199faaa714de24fc_images.jpg
17389.jpg,http://assets.myntassets.com/v1/images/style/properties/9918788f358bbba4fbcb92f05f89d918_images.jpg
11842.jpg,http://assets.myntassets.com/v1/images/style/properties/4de2e2a9440c86bd22c2da1dcafa225b_images.jpg
2984.jpg,http://assets.myntassets.com/v1/images/style/properties/180de30f4aabaeeaca0fff903aaf5206_images.jpg
17719.jpg,http://assets.myntassets.com/v1/images/style/properties/89c3ad494bdbbfd8add11e17f33956e6_images.jpg
53469.jpg,http://assets.myntassets.com/v1/images/style/properties/Amante-Women-Briefs_c04350ea9c0375cafb4dc4f437c26568_images.jpg
22631.jpg,http://assets.myntassets.com/v1/images/style/properties/9e3d6b36f4aff898034f0481e69a7387_images.jpg
33929.jpg,http://assets.myntassets.com/v1/images/style/properties/0f19a96b85e401551bf74fa8dc022d9e_images.jpg
16060.jpg,http://assets.myntassets.com/v1/images/style/properties/714f1439369b5aeb95dd6b6a753433c2_images.jpg
15611.jpg,http://assets.myntassets.com/v1/images/style/properties/4eb51993db42a6d121d2c5716adef307_images.jpg
55797.jpg,http://assets.myntassets.com/v1/images/style/properties/SDL-by-Sweet-Dreams-Women-Blue-Nightdress_0d31a7a6b4957c02ef84e54aa658c8c9_images.jpg
9901.jpg,http://assets.myntassets.com/v1/images/style/properties/68b94c43e02f4dc4340b83009c8e9b8d_images.jpg
48028.jpg,http://assets.myntassets.com/v1/images/style/properties/Nautica-Men-Black-Chronograph-Watch_9c88725f88f634a97419b5e5568ff2dc_images.jpg
8672.jpg,http://assets.myntassets.com/v1/images/style/properties/6f5721fe22af0c75153eca8d7c6c57dd_images.jpg
18793.jpg,http://assets.myntassets.com/v1/images/style/properties/1132bd2841304ffb9e254be32d8534e3_images.jpg
34559.jpg,http://assets.myntassets.com/v1/images/style/properties/Puma-Women-Handbags_6300850cdff2a3afa3f27ccd01efd4df_images.jpg
29020.jpg,http://assets.myntassets.com/v1/images/style/properties/622c95e12039fe191533bd7b3b2531ab_images.jpg
39080.jpg,http://assets.myntassets.com/v1/images/style/properties/640410074c55d35626e842c24979ce09_images.jpg
38152.jpg,http://assets.myntassets.com/v1/images/style/properties/138b200ca4813cd96f71fabd35bf7c1e_images.jpg
59501.jpg,http://assets.myntassets.com/v1/images/style/properties/Lucera-Gold-Plated-Pendant-With-Chain_447249550525e75033d204443dca81d6_images.jpg
38358.jpg,http://assets.myntassets.com/v1/images/style/properties/a5c0b94c3cefdb2ae34580780cd4d4e2_images.jpg
46387.jpg,http://assets.myntassets.com/v1/images/style/properties/87b0fa0d9470d2a2d3efec5f57907266_images.jpg
51566.jpg,http://assets.myntassets.com/v1/images/style/properties/72e3a8583f86a3c1dd555ecb3228de44_images.jpg
6724.jpg,http://assets.myntassets.com/v1/images/style/properties/56f6f0c70741d9a0ff42e3b84f1cd679_images.jpg
21611.jpg,http://assets.myntassets.com/v1/images/style/properties/5ff499f0ff2f9bed1c990bb99b9c90a3_images.jpg
45192.jpg,http://assets.myntassets.com/v1/images/style/properties/Casio-Men-Golden-Dial-Watch_a4220b861505c78967d86d82be22253f_images.jpg
52125.jpg,http://assets.myntassets.com/v1/images/style/properties/2210e932090741098a9755e785bf2a3e_images.jpg
8478.jpg,http://assets.myntassets.com/v1/images/style/properties/d02da8fda6a0495027b99a35c99c29f6_images.jpg
21281.jpg,http://assets.myntassets.com/v1/images/style/properties/Allen-Solly-Women-Funky-Brown-Frame-Sunglassesdb51b7608ae2c0ff43cf737cc7628e8e_images.jpg
58249.jpg,http://assets.myntassets.com/v1/images/style/properties/Baggit-Women-Brown-Wallet_7218e6d80d3c30b7cfd0fc15b8d8a538_images.jpg
23179.jpg,http://assets.myntassets.com/v1/images/style/properties/649eb352ebdc1b4a5a624f5558a676d2_images.jpg
16890.jpg,http://assets.myntassets.com/v1/images/style/properties/36b86fbbd71ed13b34308aa059551af9_images.jpg
14991.jpg,http://assets.myntassets.com/v1/images/style/properties/e62114a36e7821d33272a3a5eb37de2f_images.jpg
11873.jpg,http://assets.myntassets.com/v1/images/style/properties/cb0ced8c8b5de5c55e20eda1be3ec2f0_images.jpg
4884.jpg,http://assets.myntassets.com/v1/images/style/properties/30682bc49ab20d956e7a975f13702df9_images.jpg
28565.jpg,http://assets.myntassets.com/v1/images/style/properties/dd6d5addda6109b44a82bf1c2493c761_images.jpg
19506.jpg,http://assets.myntassets.com/v1/images/style/properties/4664b090389ec3e6560ce51e25926ef8_images.jpg
59222.jpg,http://assets.myntassets.com/v1/images/style/properties/Titan-Women-Burgundy-Watch_958644a28fbeffee1c9ed06237d68bee_images.jpg
1814.jpg,http://assets.myntassets.com/v1/images/style/properties/49e83ae321592864b9e4e2472fd1670c_images.jpg
26921.jpg,http://assets.myntassets.com/v1/images/style/properties/5b8a46e084332b7739d3ab2d829bb196_images.jpg
18044.jpg,http://assets.myntassets.com/v1/images/style/properties/Lino-Perros-Women-Sequin-Yellow-Walletb37e05361c229fceb5198719380d50a0_images.jpg
40559.jpg,http://assets.myntassets.com/v1/images/style/properties/fc95513c2517f6d9405bc5b6a2286b88_images.jpg
39591.jpg,http://assets.myntassets.com/v1/images/style/properties/8ac90986afb8f17dbc812557cf675fa1_images.jpg
22576.jpg,http://assets.myntassets.com/v1/images/style/properties/b4366245d812e5738096730a56672b7d_images.jpg
14828.jpg,http://assets.myntassets.com/v1/images/style/properties/ab80437d0baf3d83ba863a0b7458f3ae_images.jpg
7126.jpg,http://assets.myntassets.com/v1/images/style/properties/00d454a9a2dbfe6539d2577953f7876c_images.jpg
20477.jpg,http://assets.myntassets.com/v1/images/style/properties/5e0815b623dc783a9f09617f41c58948_images.jpg
35397.jpg,http://assets.myntassets.com/v1/images/style/properties/65a6ce3863d01d1ff152b46bdb210625_images.jpg
43919.jpg,http://assets.myntassets.com/v1/images/style/properties/463b2bdcf01423e3b26096537d4ec815_images.jpg
5027.jpg,http://assets.myntassets.com/v1/images/style/properties/cad04ed0f8855a462a76c54f1bedf23d_images.jpg
20483.jpg,http://assets.myntassets.com/v1/images/style/properties/97e2e30063b86af998e6c6a5fa8fa679_images.jpg
17033.jpg,http://assets.myntassets.com/v1/image/style/properties/17033/Gas-Men-Europa-Casual-Shoe_1_ca162e1867364286d4184bd723cf7c3d.jpg
18847.jpg,http://assets.myntassets.com/v1/images/style/properties/23e5172ad5d20ed04fd710ae65a2e3ac_images.jpg
7784.jpg,http://assets.myntassets.com/v1/images/style/properties/3022053b244480e3b53a7d370d1657bc_images.jpg
32374.jpg,http://assets.myntassets.com/v1/images/style/properties/Q-Q-Women-White-Dial-Watch_4f8e7b2ec71cd9921a34cd7fac66467d_images.jpg
57989.jpg,http://assets.myntassets.com/v1/images/style/properties/Latin-Quarters-Women-Blue-Dress_7a52d5076420d5332f1c373769b8979c_images.jpg
38444.jpg,http://assets.myntassets.com/v1/images/style/properties/45969bb923debe72f16a26acf7d6a9ce_images.jpg
3778.jpg,http://assets.myntassets.com/v1/images/style/properties/e59e7c0929ce36be3e20410c056faee2_images.jpg
11308.jpg,http://assets.myntassets.com/v1/images/style/properties/Wrangler-Men-Jeans_03bdfb54ab7acd5040a053a73d0daeb8_images.jpg
38682.jpg,http://assets.myntassets.com/v1/images/style/properties/1a11ee5a048c181aa4b23b045efa1d69_images.jpg
38823.jpg,http://assets.myntassets.com/v1/images/style/properties/92509468eefec5aea4abfd04d79c14d1_images.jpg
23665.jpg,http://assets.myntassets.com/v1/images/style/properties/1433c40fcb240f87d488eae35a535a4a_images.jpg
32717.jpg,http://assets.myntassets.com/v1/images/style/properties/f13becb1ae97b388ab95358e69c45a28_images.jpg
29509.jpg,http://assets.myntassets.com/v1/images/style/properties/10ea1c483e5a57ab3f6d6d76f62fb89b_images.jpg
3323.jpg,http://assets.myntassets.com/v1/images/style/properties/KKR-Mens-Fangear-Tee_446ccb02da172860b4b5f414c2da146d_images.jpg
30616.jpg,http://assets.myntassets.com/v1/images/style/properties/d8874d0e4846518646c163212d008eaf_images.jpg
16320.jpg,http://assets.myntassets.com/v1/images/style/properties/afcce9e4f9a794cc7a46c61679b8cdc2_images.jpg
6497.jpg,http://assets.myntassets.com/v1/images/style/properties/881afe633f00e2f28fbbcc98c8133442_images.jpg
28279.jpg,http://assets.myntassets.com/v1/images/style/properties/Fastrack-Women-Brown-Sunglassesc32b879ec8abfe6641391fd2de28a0d5_images.jpg
7313.jpg,http://assets.myntassets.com/v1/images/style/properties/d7c830b0f9fe29bdf945723fdd09e58c_images.jpg
29199.jpg,http://assets.myntassets.com/v1/images/style/properties/01fba6fb3f9e1f49fefc08bd058749e0_images.jpg
2661.jpg,http://assets.myntassets.com/v1/images/style/properties/bbc9f629dce0b03697371c5a28b7b48b_images.jpg
50990.jpg,http://assets.myntassets.com/v1/images/style/properties/1d8c67079d5f5060486a51bdfb1b4787_images.jpg
12917.jpg,http://assets.myntassets.com/v1/images/style/properties/63c83946fcb572a24bfdffe7ddb05bd6_images.jpg
48361.jpg,http://assets.myntassets.com/v1/images/style/properties/7076b17139f6d1b224a75e75bbd63b18_images.jpg
39792.jpg,http://assets.myntassets.com/v1/images/style/properties/6bd4c86e1bfd8b0c0f0d35531511506e_images.jpg
4933.jpg,http://assets.myntassets.com/v1/images/style/properties/02271729a49327ea8f12fd68d5ae1227_images.jpg
59677.jpg,http://assets.myntassets.com/v1/images/style/properties/Avirate-Black---White-Brief_e0980ea3495541376d6d9e4ce0c2df4d_images.jpg
37298.jpg,http://assets.myntassets.com/v1/image/style/properties/37298/Casio-Men-Blue-Dial-Watch_1_3b613f8778c024130e1807ca845ddcb2.jpg
17466.jpg,http://assets.myntassets.com/v1/images/style/properties/f46e5baf8cec7b01d071c72ff64264ff_images.jpg
26113.jpg,http://assets.myntassets.com/v1/images/style/properties/8b433d4be9809d9b52e6e7a23788635b_images.jpg
43584.jpg,http://assets.myntassets.com/v1/images/style/properties/f4c6ebcecd5dbf559369866175d83f53_images.jpg
58904.jpg,http://assets.myntassets.com/v1/images/style/properties/Hakashi-Men-Grey---Black-Tie_041bc182bd94fe903a1ae7042293fdee_images.jpg
36375.jpg,http://assets.myntassets.com/v1/images/style/properties/92367990559ad443bae836fa0c9c1a33_images.jpg
27809.jpg,http://assets.myntassets.com/v1/images/style/properties/Bulchee-Men-Brown-And-Black-Reversible-Beltb56d9550af4aaa5ef8b50bb3cc6cfcf0_images.jpg
43570.jpg,http://assets.myntassets.com/v1/images/style/properties/e7b73cffc2a4758a8859c6338fb4e57b_images.jpg
35194.jpg,http://assets.myntassets.com/v1/images/style/properties/Wildcraft-Unisex-Polyester-Blue-Backpack_bc955fa506ad1085096f31abacb57ba5_images.jpg
7741.jpg,http://assets.myntassets.com/v1/images/style/properties/89f20ad59c9d083c3ab577c6ba6fcb30_images.jpg
25908.jpg,http://assets.myntassets.com/v1/images/style/properties/4832260c55be7080eaa88000ea9110e2_images.jpg
19530.jpg,http://assets.myntassets.com/v1/images/style/properties/dcf14c69058f6beee389218f93748bee_images.jpg
48392.jpg,http://assets.myntassets.com/v1/images/style/properties/74a35898696c126d0f2868ce849e94e5_images.jpg
58332.jpg,http://assets.myntassets.com/v1/images/style/properties/Lotto-Men-Red-Flip-Flops_94a6deac55c44725373efa52f4a531d9_images.jpg
28421.jpg,http://assets.myntassets.com/v1/images/style/properties/IDEE-Men-Black-Sunglassesb674ec95321ade0f822ac777265e71f4_images.jpg
42836.jpg,http://assets.myntassets.com/v1/images/style/properties/9006bea556277fbc691653581eac3c74_images.jpg
39795.jpg,http://assets.myntassets.com/v1/images/style/properties/307f117d29f2c825c17b09cbb2e4ddf7_images.jpg
9041.jpg,http://assets.myntassets.com/v1/images/style/properties/995f0f5acb00e1b3e2d50ebaafb5838d_images.jpg
54739.jpg,http://assets.myntassets.com/v1/images/style/properties/Vans-Men-Grey-Del-Norte-Canvas-Shoes_1d43cdaa7ed192173d1bfada3aa91f2c_images.jpg
26917.jpg,http://assets.myntassets.com/v1/images/style/properties/1c2cf549db2a8ee3bb0040e0671a7651_images.jpg
22316.jpg,http://assets.myntassets.com/v1/images/style/properties/c71c07b73726aeb57a99253098d721c2_images.jpg
32184.jpg,http://assets.myntassets.com/v1/images/style/properties/0d336fe8005ddef4b8281a23fb91c061_images.jpg
27456.jpg,http://assets.myntassets.com/v1/images/style/properties/fa11845ef5953997be6e4ea9c67b4e05_images.jpg
7110.jpg,http://assets.myntassets.com/v1/images/style/properties/af2ea6e7d804ef6c8de49bb2c2c5b1fd_images.jpg
52405.jpg,http://assets.myntassets.com/v1/images/style/properties/Red-Rose-Women-Black-Nightdress_83f97704aa4413ba445863ca739b4472_images.jpg
56263.jpg,http://assets.myntassets.com/v1/images/style/properties/SDL-by-Sweet-Dreams-Men-Mustard-Pyjama-Set_8ed385b476a1fa8b978cad238ca720b4_images.jpg
36386.jpg,http://assets.myntassets.com/v1/images/style/properties/148c20df468ccf06ae1c9ffdf135ece0_images.jpg
26928.jpg,http://assets.myntassets.com/v1/images/style/properties/01ad6b530b55959034a8eaffcfb93e72_images.jpg
50194.jpg,http://assets.myntassets.com/v1/images/style/properties/0fbddfb7b4d428055c7ee385bffc655e_images.jpg
26114.jpg,http://assets.myntassets.com/v1/images/style/properties/4a0844887f431108a13f35f1a15c9031_images.jpg
30243.jpg,http://assets.myntassets.com/v1/images/style/properties/a6858158897492449daf7e5a475eb77d_images.jpg
37066.jpg,http://assets.myntassets.com/v1/images/style/properties/bdd4a595a458e5a0c32089a392e60d16_images.jpg
59019.jpg,http://assets.myntassets.com/v1/images/style/properties/Carlton-London-Women-Black-Sandals_bee50443f47a77205c7dbb029f26e65b_images.jpg
27690.jpg,http://assets.myntassets.com/v1/images/style/properties/b7944ed48f61729ac4728a99b3638a75_images.jpg
3120.jpg,http://assets.myntassets.com/v1/images/style/properties/45760fddf44f4d184aa253a5cf769b25_images.jpg
51482.jpg,http://assets.myntassets.com/v1/images/style/properties/73bf12dd789f5b392f792130ee7b698b_images.jpg
36742.jpg,http://assets.myntassets.com/v1/images/style/properties/02c0e7ed95524610a6790b65b30f78f7_images.jpg
45082.jpg,http://assets.myntassets.com/v1/images/style/properties/0c25e3e2f24b9c0996e5357d4c8ea6b5_images.jpg
39994.jpg,http://assets.myntassets.com/v1/images/style/properties/18f0d57d7dd4ab3f5077d4a72aecb59d_images.jpg
33492.jpg,http://assets.myntassets.com/v1/images/style/properties/76073789ce4b9e7a82f4fff4bd97486a_images.jpg
29108.jpg,http://assets.myntassets.com/v1/images/style/properties/1c11effd9b2428b7de17e805cb4ba123_images.jpg
51644.jpg,http://assets.myntassets.com/v1/images/style/properties/4fff3bf54a4bc77c161499196dfdeb1b_images.jpg
36917.jpg,http://assets.myntassets.com/v1/images/style/properties/Fossil-Men-Black-Wallet_c9640dbd49f10feaa2ea2237f5568dc1_images.jpg
49670.jpg,http://assets.myntassets.com/v1/images/style/properties/369cc9ace10931bfb8f988a3b7dbd2b0_images.jpg
11997.jpg,http://assets.myntassets.com/v1/images/style/properties/8e847b79e6af90bbaebe8c4a31c69b9e_images.jpg
23855.jpg,http://assets.myntassets.com/v1/images/style/properties/ff2711756a959bc256793c3417417494_images.jpg
8791.jpg,http://assets.myntassets.com/v1/images/style/properties/633ec49186cbc8f9ce1092f0c81003c2_images.jpg
30228.jpg,http://assets.myntassets.com/v1/images/style/properties/c937208d3bbb79db01f5b1f31888065a_images.jpg
38841.jpg,http://assets.myntassets.com/v1/images/style/properties/65b260ca292e53b9de5e62fb07a0bc56_images.jpg
27061.jpg,http://assets.myntassets.com/v1/images/style/properties/f6c479cc03d7c3f542360aa523d36ca2_images.jpg
25504.jpg,http://assets.myntassets.com/v1/images/style/properties/5df6d925769044657cd5b801e88cde80_images.jpg
13066.jpg,http://assets.myntassets.com/v1/images/style/properties/d68cbf0e54fa9bcd124b3f0f1ec0f632_images.jpg
4190.jpg,http://assets.myntassets.com/v1/images/style/properties/d557b76f1e3b2953c91f08ffe0800760_images.jpg
23638.jpg,http://assets.myntassets.com/v1/images/style/properties/27463b4c359c2493ec407fe4dbb845b8_images.jpg
45872.jpg,http://assets.myntassets.com/v1/images/style/properties/5871404baf131b6e011a89f1dde3308e_images.jpg
40990.jpg,http://assets.myntassets.com/v1/images/style/properties/b1ded201036aaff1bea218de976c6893_images.jpg
27862.jpg,http://assets.myntassets.com/v1/images/style/properties/858c8251614cb92d23aaa32d2953083b_images.jpg
53774.jpg,http://assets.myntassets.com/v1/images/style/properties/Puma-Men-White-Polo-T-shirt_7ede20146f94d6d0a5987f25c486718d_images.jpg
3713.jpg,http://assets.myntassets.com/v1/images/style/properties/c45fd7a310d454b981d19be820314262_images.jpg
26343.jpg,http://assets.myntassets.com/v1/images/style/properties/DKNY-Women-Quartz-Watch74398bbe31a92f161c414266345a3886_images.jpg
9827.jpg,http://assets.myntassets.com/v1/images/style/properties/38f4f19239ceadba205e67bceab07846_images.jpg
32571.jpg,http://assets.myntassets.com/v1/images/style/properties/8fed64802849a68a13e4158e8d31e819_images.jpg
6437.jpg,http://assets.myntassets.com/v1/images/style/properties/d4d4974a9cdbc2db197954f7fbdcc77b_images.jpg
37655.jpg,http://assets.myntassets.com/v1/images/style/properties/Playboy-Men-Cream-Socks_89e7ae7029b61c2a558fb5c3a9f33a31_images.jpg
16380.jpg,http://assets.myntassets.com/v1/images/style/properties/0b90f068aa6e547f12ecb05575784554_images.jpg
17094.jpg,http://assets.myntassets.com/v1/images/style/properties/1772cba75e0c11cb5bc399ad0d561439_images.jpg
50753.jpg,http://assets.myntassets.com/v1/images/style/properties/6d322b596bc4e644df57eae0feaf4e15_images.jpg
36541.jpg,http://assets.myntassets.com/v1/images/style/properties/4382c8158f2362e12c11909a8e8c1167_images.jpg
11363.jpg,http://assets.myntassets.com/v1/images/style/properties/d16fa862f5fd7c602a649b28deffbcb2_images.jpg
23864.jpg,http://assets.myntassets.com/v1/images/style/properties/9914cb57e4cefcb252fdb04ebf81370e_images.jpg
38848.jpg,http://assets.myntassets.com/v1/images/style/properties/c72c39b2b498ffc4bb4b54cad83f815e_images.jpg
58165.jpg,http://assets.myntassets.com/v1/images/style/properties/Rocky-S-Women-Cream-Wallet_db01481b9e08c78805a997c844b931a0_images.jpg
18487.jpg,http://assets.myntassets.com/v1/images/style/properties/79b03ea2a9ff575251fffe024a83cde3_images.jpg
13853.jpg,http://assets.myntassets.com/v1/images/style/properties/0436cccc26bd6e6ed43ab28187268f57_images.jpg
27854.jpg,http://assets.myntassets.com/v1/images/style/properties/75eae9165ba17ba533b144893c27a242_images.jpg
22942.jpg,http://assets.myntassets.com/v1/images/style/properties/e9a65a33c85b40d117efe17eb3e6b915_images.jpg
47387.jpg,http://assets.myntassets.com/v1/images/style/properties/4711dabc76cd08c5d31b9d505cc0d852_images.jpg
20275.jpg,http://assets.myntassets.com/v1/images/style/properties/12a95fbcd2fb7f328bce4cd97a636637_images.jpg
20611.jpg,http://assets.myntassets.com/v1/images/style/properties/b15a4917cfc49b22ed7dda551cfe7946_images.jpg
33206.jpg,http://assets.myntassets.com/v1/images/style/properties/a87fdda58d615962c3d7cbaf3bad218d_images.jpg
48599.jpg,http://assets.myntassets.com/v1/images/style/properties/b12103c31a0dd727ed70922494028d44_images.jpg
15502.jpg,http://assets.myntassets.com/v1/images/style/properties/6f7541f045e992aff3cbcb586b827510_images.jpg
32576.jpg,http://assets.myntassets.com/v1/images/style/properties/c1ec32bae3217fc063e2a64cab166d3a_images.jpg
40364.jpg,http://assets.myntassets.com/v1/images/style/properties/5d0defbebe78efef2060cb799dc62aee_images.jpg
30013.jpg,http://assets.myntassets.com/v1/images/style/properties/1bc72c98dc74764ac1abd6bde098df39_images.jpg
48935.jpg,http://assets.myntassets.com/v1/images/style/properties/Lucera-Women-Silver-Ring_ea72f31b6d337fe13adbe617530dbf30_images.jpg
58506.jpg,http://assets.myntassets.com/v1/images/style/properties/Tonga-Women-Printed-Blue-Dress_7594bbaf4b3b00bd33c821e2bc260a88_images.jpg
14629.jpg,http://assets.myntassets.com/v1/images/style/properties/762d58d57cc09a5a2079af359d538e70_images.jpg
58734.jpg,http://assets.myntassets.com/v1/image/style/properties/58734/PUMA-Men-Red-Printed-T-shirt_1_a6dacbea856341c01acf0a07d2003957.jpg
33239.jpg,http://assets.myntassets.com/v1/images/style/properties/Arrow-Men-Black-Striped-Shirt_cc295bf9f69ba8f73b9759541216c2d8_images.jpg
3519.jpg,http://assets.myntassets.com/v1/images/style/properties/a30db4908781646836dd8d5a43a28e79_images.jpg
5884.jpg,http://assets.myntassets.com/v1/images/style/properties/b3f4145a3ea2c1ca5663b3cb003bf46d_images.jpg
19393.jpg,http://assets.myntassets.com/v1/images/style/properties/56c96acb917eb147f6fe329219c77813_images.jpg
38222.jpg,http://assets.myntassets.com/v1/images/style/properties/3bc7cb1982561b7b693058f648c30de3_images.jpg
19703.jpg,http://assets.myntassets.com/v1/images/style/properties/a1e47c2fd58eb25d17cc0db3b20544c3_images.jpg
28878.jpg,http://assets.myntassets.com/v1/images/style/properties/a433f29ac78e2dd25a1684266eb1359c_images.jpg
14820.jpg,http://assets.myntassets.com/v1/images/style/properties/df372fccc221b6ba9fcb67d429057ad2_images.jpg
16921.jpg,http://assets.myntassets.com/v1/images/style/properties/296d2856d5116c1ec112ebaace526ddb_images.jpg
59685.jpg,http://assets.myntassets.com/v1/images/style/properties/Avirate-Grey-Boyshort-Brief_da7fed69895615db345bebd727b54d89_images.jpg
26327.jpg,http://assets.myntassets.com/v1/images/style/properties/a8c88313f5c8b83a96030d33cfc895a6_images.jpg
22787.jpg,http://assets.myntassets.com/v1/images/style/properties/9f1c9b5c6468f6955c61d7742ebe5460_images.jpg
17460.jpg,http://assets.myntassets.com/assets/images/17460/2018/3/5/11520250160266-Casio-G-Shock-Men-Black-Analogue-Digital-Watches-G339-GA-110GB-1ADR-11520250160058-1.jpg
15939.jpg,http://assets.myntassets.com/v1/images/style/properties/dc18896a8796aba096baf93f03488d94_images.jpg
51423.jpg,http://assets.myntassets.com/v1/images/style/properties/3ec66afa45a19fb6d97bee4755e263d0_images.jpg
11135.jpg,http://assets.myntassets.com/v1/images/style/properties/7132e99d7dc8c10fb0017bb8c56ea34a_images.jpg
22317.jpg,http://assets.myntassets.com/v1/images/style/properties/e102dca42d7effae04ec10704e81736d_images.jpg
20024.jpg,http://assets.myntassets.com/v1/images/style/properties/4233cc92b2d2bd39b4854ef72cda6d5a_images.jpg
52404.jpg,http://assets.myntassets.com/v1/images/style/properties/Red-Rose-Women-Blue-Nightdress_c67657ee471a28349925ba745c14d685_images.jpg
25338.jpg,http://assets.myntassets.com/v1/images/style/properties/Casio-Women-Sheen-Red-Watch_a33fd77cef8b17a426a0023c04b3cb92_images.jpg
49622.jpg,http://assets.myntassets.com/v1/images/style/properties/cdadd695699cf5b7cb3f03b1cbdd53da_images.jpg
28043.jpg,http://assets.myntassets.com/v1/image/style/properties/28043/Jockey-Men-Grey-Melange-Brief_1_f65a3b856353ca0fd2d8d4cea2e331cb.jpg
28285.jpg,http://assets.myntassets.com/v1/images/style/properties/Fastrack-Men-Black-Sunglasses67508aedadc1990bbdad9e3c67ec48d4_images.jpg
4932.jpg,http://assets.myntassets.com/v1/images/style/properties/9bf200396c228a976b097863b783da1b_images.jpg
43571.jpg,http://assets.myntassets.com/v1/images/style/properties/6989ad7fc95a2d13ac174143e21d256f_images.jpg
27808.jpg,http://assets.myntassets.com/v1/images/style/properties/Bulchee-Men-Reversible-Prong-Black-Beltf510c88b69731dd79eda52091b715349_images.jpg
16541.jpg,http://assets.myntassets.com/v1/images/style/properties/61d0ebac77454d9be4898a228c5b942b_images.jpg
39758.jpg,http://assets.myntassets.com/v1/images/style/properties/0df1c66bde73fc88c88e47b6bbb616da_images.jpg
20218.jpg,http://assets.myntassets.com/v1/images/style/properties/1eab511547c0638fe93426cb60dd2edd_images.jpg
50953.jpg,http://assets.myntassets.com/v1/images/style/properties/5f0195d95f53cc5fc4f4da9170751f01_images.jpg
7749.jpg,http://assets.myntassets.com/v1/images/style/properties/d3020ca79c97ab2ed6ad59d5419c8047_images.jpg
28411.jpg,http://assets.myntassets.com/v1/images/style/properties/c65dd8286dfa3ef6bc77be251062f6e9_images.jpg
23831.jpg,http://assets.myntassets.com/v1/images/style/properties/Puma-Unisex-Dilute-Black-Flip-Flops_3774d2167b9a3aa2d5b16f97d389836c_images.jpg
9071.jpg,http://assets.myntassets.com/v1/images/style/properties/a06dd294908aaadb2bf9b1eaafd438b1_images.jpg
3779.jpg,http://assets.myntassets.com/v1/images/style/properties/dcbe5d8b39bbf30022f48d0a5eb9b885_images.jpg
31990.jpg,http://assets.myntassets.com/v1/images/style/properties/Playboy-Men-Black-Socks_9359f4c67c2272b371c0746d1dade185_images.jpg
7312.jpg,http://assets.myntassets.com/v1/images/style/properties/aa5a60ab609994f542fb167a51edac6c_images.jpg
40560.jpg,http://assets.myntassets.com/v1/images/style/properties/4a5b8d4462f4629c251ef354ec7d42cf_images.jpg
3110.jpg,http://assets.myntassets.com/v1/images/style/properties/ec6f593d952a3854353dedfc1533fcbd_images.jpg
9076.jpg,http://assets.myntassets.com/v1/images/style/properties/2c9acf4a2540f618d422971d03deaff7_images.jpg
18045.jpg,http://assets.myntassets.com/v1/images/style/properties/Lino-Perros-Women-Sequin-Blue-Walletc75acde9bbb202257a52f017f475c236_images.jpg
13459.jpg,http://assets.myntassets.com/v1/images/style/properties/5130f3ff498e1efbc69d43598b0787c7_images.jpg
25907.jpg,http://assets.myntassets.com/v1/images/style/properties/1006bc18864868cf0739547b8bc340c0_images.jpg
39756.jpg,http://assets.myntassets.com/v1/images/style/properties/bcb509d6fa8ea66faf9f3e68d81d7ece_images.jpg
7118.jpg,http://assets.myntassets.com/v1/images/style/properties/Wildcraft-Unisex-Meteor-Blue---Black-Backpack_f0cbe41012b7c1ddcea520a15007147f_images.jpg
51627.jpg,http://assets.myntassets.com/v1/images/style/properties/7a33c8de631c2184cf68ed37f4719b9e_images.jpg
23207.jpg,http://assets.myntassets.com/v1/images/style/properties/85de6a2aa9704acf752aa9c734f41d4e_images.jpg
29957.jpg,http://assets.myntassets.com/v1/images/style/properties/b323ad71ccd7c68650a97e6ae66ffc48_images.jpg
11755.jpg,http://assets.myntassets.com/v1/images/style/properties/7d1c259e8cd12d5708c5cb63168c7cef_images.jpg
31352.jpg,http://assets.myntassets.com/v1/images/style/properties/d6e719db5925e0141f772c2833a82485_images.jpg
9881.jpg,http://assets.myntassets.com/v1/images/style/properties/b54118b7967cf4ef97af4d4e00eac87e_images.jpg
7127.jpg,http://assets.myntassets.com/v1/images/style/properties/a82ddc508456a53afe542fab8dad4806_images.jpg
5442.jpg,http://assets.myntassets.com/v1/images/style/properties/dfe73d5bd3baf8dada6590dd220ae92b_images.jpg
41673.jpg,http://assets.myntassets.com/v1/images/style/properties/15d4b1dfb192d56f1b348c4f69c9b32a_images.jpg
42264.jpg,http://assets.myntassets.com/v1/images/style/properties/778e0fb7ebace3c3c0ff5503f5720bb5_images.jpg
2091.jpg,http://assets.myntassets.com/v1/images/style/properties/73428c56b219124a1f3b7e7ed3848f9a_images.jpg
48934.jpg,http://assets.myntassets.com/v1/images/style/properties/Lucera-Women-Silver-Ring_fe73a472ddcaa8e420bd8d8faeecc436_images.jpg
7187.jpg,http://assets.myntassets.com/v1/images/style/properties/d195bd39547615275ec5222d99202982_images.jpg
24412.jpg,http://assets.myntassets.com/v1/images/style/properties/70acf425093962c45aee3402b52681b6_images.jpg
8309.jpg,http://assets.myntassets.com/v1/images/style/properties/06d28b3897a1c81dbc9ddef0779c1215_images.jpg
44503.jpg,http://assets.myntassets.com/v1/images/style/properties/8394b5483ae06953534f5e0182a05944_images.jpg
25150.jpg,http://assets.myntassets.com/v1/images/style/properties/b2f6a7becad1f7fe374486372ede8e4e_images.jpg
25362.jpg,http://assets.myntassets.com/v1/images/style/properties/822eddc49e70d5d3fc2cc7c50fe77a1b_images.jpg
26974.jpg,http://assets.myntassets.com/v1/images/style/properties/b444d2a640172cd15162c5f7aeb9cc0c_images.jpg
48137.jpg,http://assets.myntassets.com/v1/images/style/properties/40f32339425648e7ba7bf12fc286dd1e_images.jpg
4359.jpg,http://assets.myntassets.com/v1/images/style/properties/4a71fa220e08f6c43ec168c9d58a40a0_images.jpg
28442.jpg,http://assets.myntassets.com/v1/images/style/properties/923120975e0d1b9be030c061d20ac54f_images.jpg
57917.jpg,http://assets.myntassets.com/v1/images/style/properties/Fruit-of-the-Loom-Men-White-Pack-of-Three-Socks_8b703c77e065e0c626c7c630ae020abf_images.jpg
13855.jpg,http://assets.myntassets.com/v1/images/style/properties/581781ee5484f42f252e3ff07f7cd65f_images.jpg
2062.jpg,http://assets.myntassets.com/v1/images/style/properties/e15dece2d308ecde17c432d0af8c0405_images.jpg
55644.jpg,http://assets.myntassets.com/v1/images/style/properties/Catwalk-Women-Black-Heels_9185563bc043ce29b4ba7e41920703da_images.jpg
43513.jpg,http://assets.myntassets.com/v1/images/style/properties/4f9c55558f1b507e2b01b6c3fc268888_images.jpg
28822.jpg,http://assets.myntassets.com/v1/images/style/properties/f10dd561c2bd2c5d4860887ff172b8ff_images.jpg
3520.jpg,http://assets.myntassets.com/v1/images/style/properties/3f2a06dcd3707b649a9ea387c5eb815f_images.jpg
4361.jpg,http://assets.myntassets.com/v1/images/style/properties/bf92d0c1bdb0e5c595e92bdfb53acec9_images.jpg
14845.jpg,http://assets.myntassets.com/v1/images/style/properties/c81f802149a3602ea855a7b0d337afb9_images.jpg
2861.jpg,http://assets.myntassets.com/v1/images/style/properties/8bebbc5d67126e7df3c92f034418db60_images.jpg
17298.jpg,http://assets.myntassets.com/v1/images/style/properties/b5a38f39641f40423e127f22c1e6b645_images.jpg
24288.jpg,http://assets.myntassets.com/v1/images/style/properties/ba72833e45fb4acf4526f1bc7191f69e_images.jpg
20628.jpg,http://assets.myntassets.com/v1/images/style/properties/a2225d492126af7707f045a61a863911_images.jpg
24872.jpg,http://assets.myntassets.com/v1/images/style/properties/349d45b0a8ddd096eded7fa60efa7fdb_images.jpg
54339.jpg,http://assets.myntassets.com/v1/images/style/properties/Levis-Men-3-Pair-Of-Socks_2e610b89981980a08e2493fcc63b3621_images.jpg
17862.jpg,http://assets.myntassets.com/v1/images/style/properties/c862ae803df1e811e678e4b81000d11f_images.jpg
53585.jpg,http://assets.myntassets.com/v1/images/style/properties/Q-Q-Men-Blue-Dial-Watch_2503eb3e05530e1257327b0c286a9fd6_images.jpg
37696.jpg,http://assets.myntassets.com/v1/images/style/properties/2877916d7740d05e0bd333a555588a73_images.jpg
5271.jpg,http://assets.myntassets.com/v1/images/style/properties/68fb45af2862fba40f99746fb7a697aa_images.jpg
2054.jpg,http://assets.myntassets.com/v1/images/style/properties/b09e5f82ee412c645d9e573a9a87de59_images.jpg
24275.jpg,http://assets.myntassets.com/v1/images/style/properties/c5c4b9e26a0ea406bdc0abf05abd8053_images.jpg
38418.jpg,http://assets.myntassets.com/v1/images/style/properties/c49ff4943e2ebc183357e3c9f6fd26c0_images.jpg
40502.jpg,http://assets.myntassets.com/v1/images/style/properties/7a69330b1c52ffc97553d81a91c598cc_images.jpg
49676.jpg,http://assets.myntassets.com/v1/images/style/properties/United-Colors-of-Benetton-Men-Black-Sunglass_c5a0086a7232c0168b784fcd27cb70df_images.jpg
28473.jpg,http://assets.myntassets.com/v1/images/style/properties/07d5d548849b56cdf2cbb469d512ddd9_images.jpg
8763.jpg,http://assets.myntassets.com/v1/images/style/properties/e1d3ebfe21604a9f926e84d276505312_images.jpg
12942.jpg,http://assets.myntassets.com/v1/images/style/properties/aacfabd63856b3a1efa0bccd7ded443c_images.jpg
3529.jpg,http://assets.myntassets.com/v1/images/style/properties/42573385780259f34ec876acfd5606a2_images.jpg
28487.jpg,http://assets.myntassets.com/v1/images/style/properties/486f8e22e71a3323e989189a9fbd4d7f_images.jpg
56236.jpg,http://assets.myntassets.com/v1/images/style/properties/SDL-by-Sweet-Dreams-Men-Black-Pyjama-Set_a7c41fdde9d161762ad9602d9e871b75_images.jpg
6063.jpg,http://assets.myntassets.com/v1/images/style/properties/be4972c5476d93183c0f07962b36d2b2_images.jpg
47344.jpg,http://assets.myntassets.com/v1/images/style/properties/379c05067af2306970f8df57b91c22b4_images.jpg
1622.jpg,http://assets.myntassets.com/v1/images/style/properties/d545d737b2b2dcf7cee2145263e7c850_images.jpg
11353.jpg,http://assets.myntassets.com/v1/images/style/properties/7c75057c812f5c484acb31f0b9e092ac_images.jpg
20626.jpg,http://assets.myntassets.com/v1/images/style/properties/50131e08e6e3eb4aab53741cf60e36f7_images.jpg
31102.jpg,http://assets.myntassets.com/v1/images/style/properties/ddb42cb67da5483011045f2f21f2a142_images.jpg
43522.jpg,http://assets.myntassets.com/v1/images/style/properties/French-Connection-Women-Beige-Trouser_e9389131527c43b1b310189bcf4b5552_images.jpg
18488.jpg,http://assets.myntassets.com/v1/images/style/properties/db50cbf20f3abf16c17bd8246b3cd782_images.jpg
23068.jpg,http://assets.myntassets.com/v1/images/style/properties/bd178e10fb19458cd5fff3aff876c93d_images.jpg
9014.jpg,http://assets.myntassets.com/v1/images/style/properties/1e2dc0c892774073b5a186ad3103ee57_images.jpg
6860.jpg,http://assets.myntassets.com/v1/images/style/properties/7c8cb9c499c26b6eaa8170f8f00cb480_images.jpg
15952.jpg,http://assets.myntassets.com/v1/images/style/properties/14fbf119c8886799bc85760c29259ce7_images.jpg
11708.jpg,http://assets.myntassets.com/v1/images/style/properties/c88f990d70db2847f7836d133cfce224_images.jpg
34817.jpg,http://assets.myntassets.com/v1/images/style/properties/e8f1498b1fec8c17e4463eb439df2670_images.jpg
43179.jpg,http://assets.myntassets.com/v1/images/style/properties/e6587a6fb950b15862017f05231baa76_images.jpg
9484.jpg,http://assets.myntassets.com/v1/images/style/properties/71993cfc4ef31c64c8184bbb4d824774_images.jpg
49671.jpg,http://assets.myntassets.com/v1/images/style/properties/0ac9fbc6b7150fe65c4edb4a64e2d829_images.jpg
23483.jpg,http://assets.myntassets.com/v1/images/style/properties/Arrow-Men-Blue-Check-Scarf_913655d0fc672c7084704cc843f40409_images.jpg
56286.jpg,http://assets.myntassets.com/v1/images/style/properties/Biara-Women-Skin-Bra_21a70b4a117f2937cf1dda83cb2d59fe_images.jpg
41003.jpg,http://assets.myntassets.com/v1/images/style/properties/4f3ca5ac78565aafca3d7f2b24eab1c1_images.jpg
16556.jpg,http://assets.myntassets.com/v1/images/style/properties/939b57f30f765b6dfb03b2e00d58d850_images.jpg
11125.jpg,http://assets.myntassets.com/v1/images/style/properties/936fa8d433ced1bf74b33a299f9461e9_images.jpg
9639.jpg,http://assets.myntassets.com/v1/images/style/properties/22fc978a1d721d2296c729bad558d2b4_images.jpg
21320.jpg,http://assets.myntassets.com/v1/images/style/properties/4e5b6cce6801412f745bdd076959e4e7_images.jpg
38803.jpg,http://assets.myntassets.com/v1/images/style/properties/a0cf545c18c946922043154c1e004195_images.jpg
59834.jpg,http://assets.myntassets.com/v1/images/style/properties/United-Colors-of-Benetton-Men-Black-Shirt_ac98c6920eabc338e09e644f1efebb19_images.jpg
28430.jpg,http://assets.myntassets.com/v1/images/style/properties/cd90c90b3eb280e774adbc02fd1948ec_images.jpg
8512.jpg,http://assets.myntassets.com/v1/images/style/properties/8002fafe1a985760141c658bd0de4103_images.jpg
25921.jpg,http://assets.myntassets.com/v1/images/style/properties/1880940f1e3bb06647326ef829accc98_images.jpg
48383.jpg,http://assets.myntassets.com/v1/images/style/properties/91e9cd597dbf269de0ead989a49ccf08_images.jpg
56843.jpg,http://assets.myntassets.com/v1/images/style/properties/John-Players-Men-Blue-Jeans_a86c77384ac6f172a87b08ee7ef3ac39_images.jpg
57991.jpg,http://assets.myntassets.com/v1/images/style/properties/Latin-Quarters-Women-Blue-Dress_73393e9879c2104a5613ff65581aa51c_images.jpg
9262.jpg,http://assets.myntassets.com/v1/images/style/properties/387982a923bb010ba1d6eef70cb3224f_images.jpg
37070.jpg,http://assets.myntassets.com/v1/images/style/properties/f802306f49854c19fb3981797e233017_images.jpg
59833.jpg,http://assets.myntassets.com/v1/images/style/properties/United-Colors-of-Benetton-Men-Green-Shirt_88e190c8c790e34f1613ba731f79a336_images.jpg
4313.jpg,http://assets.myntassets.com/v1/images/style/properties/f81e11ac990f876661ea9ce0fd5544a7_images.jpg
32166.jpg,http://assets.myntassets.com/v1/images/style/properties/d9aee3fb3f0920ee1166040659d690a0_images.jpg
11310.jpg,http://assets.myntassets.com/v1/images/style/properties/b8e7bb7a24d4711c40542f3701df29fc_images.jpg
19941.jpg,http://assets.myntassets.com/v1/images/style/properties/b7ad00fad4eaf891237d0736e4ee2e2d_images.jpg
19519.jpg,http://assets.myntassets.com/v1/images/style/properties/1af9879c44fa5cc63884d845fd518423_images.jpg
43561.jpg,http://assets.myntassets.com/v1/images/style/properties/064ffce4cb3a682983ceea71e6bfcf23_images.jpg
10807.jpg,http://assets.myntassets.com/v1/images/style/properties/73e1513994329a8102ce1c6f2f9850e1_images.jpg
38235.jpg,http://assets.myntassets.com/v1/images/style/properties/65e73345297280bc478da1a913b4c8fd_images.jpg
47338.jpg,http://assets.myntassets.com/v1/images/style/properties/00924c394ff5a4a56c50e729e5adec92_images.jpg
57996.jpg,http://assets.myntassets.com/v1/images/style/properties/Latin-Quarters-Women-Black-Dress_f2a8a1b553b049ca2fafa14dacee0768_images.jpg
28053.jpg,http://assets.myntassets.com/v1/image/style/properties/28053/Jockey-Men-Navy-Blue-Pack-of-2-Briefs_1_b3f205f343248f799f4f4746759ed708.jpg
23689.jpg,http://assets.myntassets.com/v1/images/style/properties/84fc87863c24c2f7cc1c61918127004e_images.jpg
20830.jpg,http://assets.myntassets.com/v1/images/style/properties/a0f794a9fc0d43dd6e6e99dacc75785f_images.jpg
20468.jpg,http://assets.myntassets.com/v1/images/style/properties/c58fc86f0e1be24b146045668694c962_images.jpg
59692.jpg,http://assets.myntassets.com/v1/images/style/properties/Avirate-Black-Bra_980734f1e1ebef0290e46dfb86f9718c_images.jpg
38832.jpg,http://assets.myntassets.com/v1/images/style/properties/bab7032fe6a0440e06b7cf7e11bdaf20_images.jpg
40928.jpg,http://assets.myntassets.com/v1/images/style/properties/df57dc0bbff5f614f9f8f104fd4c0f02_images.jpg
10690.jpg,http://assets.myntassets.com/v1/images/style/properties/e105cdc3784cffb153601681994f88e3_images.jpg
3769.jpg,http://assets.myntassets.com/v1/images/style/properties/1d7f7feb5d584261e4a38072eb132125_images.jpg
42218.jpg,http://assets.myntassets.com/v1/images/style/properties/50e855d33e3724bd8404b2c5d583e213_images.jpg
49052.jpg,http://assets.myntassets.com/v1/images/style/properties/Lucera-Women-Silver-Ring_a9b09ad12832d95c1bfe5a40a20f2f56_images.jpg
31148.jpg,http://assets.myntassets.com/v1/images/style/properties/8106c997ae0173dc00700f77e2c93800_images.jpg
50943.jpg,http://assets.myntassets.com/v1/images/style/properties/59aadc536dc2de4d62eb93e09b3318c5_images.jpg
50523.jpg,http://assets.myntassets.com/v1/images/style/properties/Chromozome-Men-Black-Pack-of-2-Briefs_1106052520e2e6bdea3f0398ca79daca_images.jpg
33415.jpg,http://assets.myntassets.com/v1/images/style/properties/05cdbfcbb4f55f64879176d1a9d13224_images.jpg
41035.jpg,http://assets.myntassets.com/v1/images/style/properties/Nautica-Men-White-Watch_e36c537b378c9ce71df6ac12bf56335e_images.jpg
2683.jpg,http://assets.myntassets.com/v1/images/style/properties/c5607441581dd8a8d569a78d0b8dc47b_images.jpg
28895.jpg,http://assets.myntassets.com/v1/images/style/properties/4d4d9c562edc035e27c661f472148fe4_images.jpg
57998.jpg,http://assets.myntassets.com/v1/images/style/properties/Latin-Quarters-Women-Blue-Dress_9dbcb345137a351e990c82330844a95a_images.jpg
48187.jpg,http://assets.myntassets.com/v1/images/style/properties/fbeeec188274fc907841fb30d8742e4c_images.jpg
28406.jpg,http://assets.myntassets.com/v1/images/style/properties/4e4d8f2ba9e53c5899f50433cd299a45_images.jpg
5009.jpg,http://assets.myntassets.com/v1/images/style/properties/6f67d8ccb07a60cf40deedcd949f1bfd_images.jpg
20459.jpg,http://assets.myntassets.com/v1/images/style/properties/048dd00ea577ee0821d6a7d1b0b6699a_images.jpg
31719.jpg,http://assets.myntassets.com/v1/images/style/properties/ecd448e90e40b858f1e17c5853095047_images.jpg
23826.jpg,http://assets.myntassets.com/v1/images/style/properties/Puma-Unisex-Blue-Miami-III-Flip-Flops_13143c3e90c9bd279d0407f15045b92e_images.jpg
18869.jpg,http://assets.myntassets.com/v1/images/style/properties/0c103d57e4f45b1676e30f781fa77383_images.jpg
18603.jpg,http://assets.myntassets.com/v1/images/style/properties/90b5392a56e4c698eb502111e3debcb4_images.jpg
38204.jpg,http://assets.myntassets.com/v1/images/style/properties/7916bfd3486a3adbd6ebba8e8bdcc816_images.jpg
27628.jpg,http://assets.myntassets.com/v1/images/style/properties/470e5f22eca59f96aaaa997366e754da_images.jpg
35319.jpg,http://assets.myntassets.com/v1/images/style/properties/3224ac5f816c103be60499b25ab556bb_images.jpg
46412.jpg,http://assets.myntassets.com/v1/images/style/properties/b5455e56dae2bd9a9d35cdfca585c968_images.jpg
23627.jpg,http://assets.myntassets.com/v1/images/style/properties/Beatles-Men-White-Printed-Tshirt_50ec4ec3809e52743a28c63a9487d627_images.jpg
56674.jpg,http://assets.myntassets.com/v1/images/style/properties/Maxima-Men-White-Chronograph-Watch_33d02afe1fb27affb1b5dcbbb173b8bb_images.jpg
45263.jpg,http://assets.myntassets.com/v1/images/style/properties/Casio-Men-Black-Analog-Chronograph-Watch_cb4754d9f71683807f4fffd26a7f3044_images.jpg
1604.jpg,http://assets.myntassets.com/v1/images/style/properties/8fd5171948a4e5a31236d3a5e2e2b2cb_images.jpg
9469.jpg,http://assets.myntassets.com/v1/images/style/properties/b1f627286d611add4f4d0cd5c5e40404_images.jpg
29741.jpg,http://assets.myntassets.com/v1/images/style/properties/5f98ec2c1a8c834130188754204e65c8_images.jpg
8113.jpg,http://assets.myntassets.com/v1/images/style/properties/dbeb45cdf86a118bfd63df6fa2133a44_images.jpg
27079.jpg,http://assets.myntassets.com/v1/images/style/properties/18a694e1b6c383717f57f436d08ef81f_images.jpg
1603.jpg,http://assets.myntassets.com/v1/images/style/properties/8a35e15817f73e211f316806cd514719_images.jpg
4371.jpg,http://assets.myntassets.com/v1/images/style/properties/25ff8a9cbf1a93e26d54e7096a0e017b_images.jpg
12731.jpg,http://assets.myntassets.com/v1/images/style/properties/dfc614c2af3e50cb0a406d97ab1b7eaa_images.jpg
32336.jpg,http://assets.myntassets.com/v1/image/style/properties/32336/QQ-Dynamiq-Men-White-Dial-Watch-Q276J404Y_1_e246fae23707eab3b7f5e8c22a538373.jpg
45264.jpg,http://assets.myntassets.com/v1/images/style/properties/Casio-Men-Olive-Digital-Watch_8123185a8b15914210c7f4a55f2cf1f5_images.jpg
54540.jpg,http://assets.myntassets.com/v1/images/style/properties/F-Sports-Men-Grey-Gravity-Sports-Shoes_96043307d9fce5d3e77c965dbb1f179c_images.jpg
43503.jpg,http://assets.myntassets.com/v1/images/style/properties/2384bb88dc460e6f65926ac9faddf537_images.jpg
47391.jpg,http://assets.myntassets.com/v1/images/style/properties/4e898dfe2dd55e58701c89f0ef3a5f45_images.jpg
9655.jpg,http://assets.myntassets.com/v1/images/style/properties/48a7c4829456611051bd7641a4b01e37_images.jpg
30468.jpg,http://assets.myntassets.com/v1/images/style/properties/1f24762a73519ca9fb86163bec6cb05d_images.jpg
38605.jpg,http://assets.myntassets.com/v1/images/style/properties/01528c4a6ac8dd4457b6717f1d2baf36_images.jpg
25388.jpg,http://assets.myntassets.com/v1/images/style/properties/Levis-Men-Pack-of-3-Briefs_2f8307eb2a0e5c47c623d7c426aa4f85_images.jpg
29777.jpg,http://assets.myntassets.com/v1/images/style/properties/b35cf095e41972abf487073e1a489e54_images.jpg
12952.jpg,http://assets.myntassets.com/v1/images/style/properties/947a82af21111b5c3bc1bc41ad5922ff_images.jpg
27887.jpg,http://assets.myntassets.com/v1/images/style/properties/Scullers-For-Her-Women-Purple---Navy-Blue-Check-Shirt_5f62a298ec69ca051207efd937c93c43_images.jpg
33689.jpg,http://assets.myntassets.com/v1/images/style/properties/bf4d52b553bb3ce0b3833a0cbcea7775_images.jpg
19324.jpg,http://assets.myntassets.com/v1/images/style/properties/3723f848081ab3d649bdc3aa4372bfc1_images.jpg
2847.jpg,http://assets.myntassets.com/v1/images/style/properties/68857eefc3bf2ba1d03f77b0ab835def_images.jpg
34493.jpg,http://assets.myntassets.com/v1/images/style/properties/2aa41a64586ca0a70be8c0edfa9de91b_images.jpg
42245.jpg,http://assets.myntassets.com/v1/images/style/properties/b0cd03fe074ea8da2e7654abcc00329b_images.jpg
22354.jpg,http://assets.myntassets.com/v1/images/style/properties/3c838954c5147088a1cac5a96b9846bb_images.jpg
7704.jpg,http://assets.myntassets.com/v1/images/style/properties/ea0c71db90338ec474b6c908a8f8c4f0_images.jpg
31929.jpg,http://assets.myntassets.com/v1/images/style/properties/f1e5ff3dd0aa91eb24432aa926af40dd_images.jpg
22502.jpg,http://assets.myntassets.com/v1/images/style/properties/51681bad8c29e7cdc6592eae11fbd974_images.jpg
27070.jpg,http://assets.myntassets.com/v1/images/style/properties/Yelloe-Women-Shoppers-Fun-Brown-Handbagf22539dafce61a9762fe2fd6cf87a0b7_images.jpg
26390.jpg,http://assets.myntassets.com/v1/images/style/properties/cadf7638667e6439546fc913a892248e_images.jpg
49661.jpg,http://assets.myntassets.com/v1/images/style/properties/United-Colors-of-Benetton-Men-Sunglass_9e78009ab53220cd860a39fa54cb355f_images.jpg
27874.jpg,http://assets.myntassets.com/v1/images/style/properties/e539b7afde647520266f1a101955d0ea_images.jpg
18695.jpg,http://assets.myntassets.com/v1/images/style/properties/154a4a4293e08deffed72713bcf79f99_images.jpg
17629.jpg,http://assets.myntassets.com/v1/images/style/properties/f80689cc3cd0d110daf114cbd23b00a6_images.jpg
9236.jpg,http://assets.myntassets.com/v1/images/style/properties/e268a30c873bf08b8cae5fc0e9523a47_images.jpg
15942.jpg,http://assets.myntassets.com/v1/images/style/properties/d618dfa020f3118794d402c23941c7c2_images.jpg
19581.jpg,http://assets.myntassets.com/v1/images/style/properties/0810496287e9904f9570f64fd11b8035_images.jpg
54318.jpg,http://assets.myntassets.com/v1/images/style/properties/Garfield-Women-Pink---Red-Bra_55e608558277268c08ca24fdeff92b42_images.jpg
51458.jpg,http://assets.myntassets.com/v1/images/style/properties/cb7c60967dd26de2567928036c2ea890_images.jpg
36798.jpg,http://assets.myntassets.com/v1/images/style/properties/e1475a1a7bcf5a0015d486ee9ffc1220_images.jpg
33645.jpg,http://assets.myntassets.com/v1/images/style/properties/f97f90dac8ab16d8142c764e9beee719_images.jpg
2615.jpg,http://assets.myntassets.com/v1/images/style/properties/56ff32d3199559c05f33ed73c32f13c6_images.jpg
12390.jpg,http://assets.myntassets.com/v1/images/style/properties/Reid---Taylor-Men-Stripes-Blue-Tiese7c19eebe2561ff66bacc95d65a938c3_images.jpg
19912.jpg,http://assets.myntassets.com/assets/images/19912/2017/7/6/11499324387866-Wildcraft-Unisex-Outdoors-Crump-Green-Backpack-4531499324387610-1.jpg
25176.jpg,http://assets.myntassets.com/v1/images/style/properties/Lino-Perros-Women-Sequins-Brown-Handbagdd0365bfdff89f7233db226da2c1c99c_images.jpg
16192.jpg,http://assets.myntassets.com/v1/images/style/properties/dda3451b36d805c42413c520b29b0363_images.jpg
43390.jpg,http://assets.myntassets.com/v1/images/style/properties/07d10234240d913c804600c1785cf700_images.jpg
24050.jpg,http://assets.myntassets.com/v1/images/style/properties/759f0d0aba98784aca037506c9d3b6bc_images.jpg
40515.jpg,http://assets.myntassets.com/v1/images/style/properties/50b3f8f6bde0caf516eba883812918b3_images.jpg
47354.jpg,http://assets.myntassets.com/v1/images/style/properties/c069c594053e33a17c288ed8350b9db2_images.jpg
53737.jpg,http://assets.myntassets.com/v1/images/style/properties/Adidas-Men-Olive-Shorts_87c891b2cbbb66e64aa7f492606f9695_images.jpg
37272.jpg,http://assets.myntassets.com/v1/images/style/properties/197ef8386aacf8706bc0b922e82f8954_images.jpg
15122.jpg,http://assets.myntassets.com/v1/images/style/properties/1143a143a8988bf09db9a7dab4cb48db_images.jpg
8728.jpg,http://assets.myntassets.com/v1/images/style/properties/3f7e3366dcec843c97138466862fb971_images.jpg
22330.jpg,http://assets.myntassets.com/v1/images/style/properties/ff85d9daf06f622edef3bca1c0f0c07a_images.jpg
7304.jpg,http://assets.myntassets.com/v1/images/style/properties/65a3175aebdb795b8b4ab2b7d1f2c94c_images.jpg
34403.jpg,http://assets.myntassets.com/v1/images/style/properties/30fedbe6864c0cb34d73fb6a4989a64b_images.jpg
27014.jpg,http://assets.myntassets.com/v1/images/style/properties/b36e396ad3b6c999677b8631b0a11ea0_images.jpg
40549.jpg,http://assets.myntassets.com/v1/images/style/properties/5f8a1e048e058aca7fffcb0fdcbeb88a_images.jpg
14699.jpg,http://assets.myntassets.com/v1/images/style/properties/3bf5cc265ce34fee1a55461f0df89c95_images.jpg
12338.jpg,http://assets.myntassets.com/v1/images/style/properties/a50c1610823bbe17ab9bfc23440d5fa8_images.jpg
8373.jpg,http://assets.myntassets.com/v1/images/style/properties/Fastrack-Men-Navy-Blue-Bag_bd91af2bc9cae9b24e374d11bfa0915a_images.jpg
44579.jpg,http://assets.myntassets.com/v1/images/style/properties/72b4123b631aa60e0abae4041f03f57d_images.jpg
5454.jpg,http://assets.myntassets.com/v1/images/style/properties/9f6a948ff7ac26feab131cf67c56f407_images.jpg
52424.jpg,http://assets.myntassets.com/v1/images/style/properties/Red-Rose-Women-Cream-Nightdress_7b2a184c2b1fd85db02c75e4fd49b3ff_images.jpg
20460.jpg,http://assets.myntassets.com/v1/images/style/properties/7be8c94e53835c18de9994d7ecc79e28_images.jpg
36737.jpg,http://assets.myntassets.com/v1/images/style/properties/d7c95f9dd39911a0558507796fd813ba_images.jpg
54343.jpg,http://assets.myntassets.com/v1/images/style/properties/Levis-Men-3-Pair-Of-Socks_547656392015edb5225d885ac73ba543_images.jpg
45003.jpg,http://assets.myntassets.com/v1/images/style/properties/c749a77a480e55cbc0b6786ff39d86b2_images.jpg
34094.jpg,http://assets.myntassets.com/v1/images/style/properties/9dfa98739bd7d7062de2e4002e09cb01_images.jpg
51403.jpg,http://assets.myntassets.com/v1/images/style/properties/d10c33ecf89a83cb513b9cc92a2c2803_images.jpg
54171.jpg,http://assets.myntassets.com/v1/images/style/properties/Femella-Wooden-Balls-Necklace_dbb0c9ede37df6521b206fae434b56a3_images.jpg
9094.jpg,http://assets.myntassets.com/v1/images/style/properties/9197e2b763707d908ac79e8a4f590af3_images.jpg
20209.jpg,http://assets.myntassets.com/v1/images/style/properties/7daa0d698289a879da1868372d815857_images.jpg
38030.jpg,http://assets.myntassets.com/v1/images/style/properties/ca09890ba148f844fb283a4bef5f641d_images.jpg
32952.jpg,http://assets.myntassets.com/v1/images/style/properties/d4bb51e31e38c4dd5d4a78ed847aa9a7_images.jpg
50721.jpg,http://assets.myntassets.com/v1/images/style/properties/8cb3dbe21deed6e53c4eaca084d65c00_images.jpg
27025.jpg,http://assets.myntassets.com/v1/images/style/properties/71ed9893853b80062700ace11c26fbe2_images.jpg
23471.jpg,http://assets.myntassets.com/v1/images/style/properties/Lino-Perros-Men-Red-Scarf7f41616afecf7f54f6aeb84e3275734a_images.jpg
29977.jpg,http://assets.myntassets.com/v1/images/style/properties/00628ee443ead99989b6191ffe346e0e_images.jpg
40547.jpg,http://assets.myntassets.com/v1/images/style/properties/6999a24bc105fe8eac1cafad7f03e557_images.jpg
45035.jpg,http://assets.myntassets.com/v1/images/style/properties/780c8d8eee844a65946e5591bc3b365a_images.jpg
3137.jpg,http://assets.myntassets.com/v1/images/style/properties/46d8ca7b7cd38efb42fe8405bae6dd5c_images.jpg
12752.jpg,http://assets.myntassets.com/v1/images/style/properties/6bc8ec1016cde4561caa1438da1db926_images.jpg
23688.jpg,http://assets.myntassets.com/v1/images/style/properties/78e376bb6c058519719f5c7d647caf35_images.jpg
10698.jpg,http://assets.myntassets.com/v1/images/style/properties/1f086f7631765374825640300c0feef1_images.jpg
37886.jpg,http://assets.myntassets.com/v1/images/style/properties/25eabbfcef340dc364c52591caf85c9b_images.jpg
51638.jpg,http://assets.myntassets.com/v1/images/style/properties/4ad3fe5e7af395e6d75f19588c71f5be_images.jpg
10208.jpg,http://assets.myntassets.com/v1/images/style/properties/9afc8fe3b22b8059078a0a699abd4e04_images.jpg
4315.jpg,http://assets.myntassets.com/v1/images/style/properties/f53c75f57b73a1ed7d61b5c28e2f7c00_images.jpg
30637.jpg,http://assets.myntassets.com/v1/images/style/properties/7cfd016a492e718fdcf2dc0cef0cbc4e_images.jpg
10654.jpg,http://assets.myntassets.com/v1/images/style/properties/f486a91d2b018104e0e2e6ccc010bc9c_images.jpg
22796.jpg,http://assets.myntassets.com/v1/images/style/properties/4e48bafad725121b47b1ebc11145d596_images.jpg
16557.jpg,http://assets.myntassets.com/v1/images/style/properties/9351971dc2a77262d60aa0b7ff0c550c_images.jpg
8148.jpg,http://assets.myntassets.com/v1/images/style/properties/7d9d0d2ce1e58548498250cc0c7f8ca8_images.jpg
3792.jpg,http://assets.myntassets.com/v1/images/style/properties/10e0e2bda1fd2d7e6272c745c3ff55b5_images.jpg
33274.jpg,http://assets.myntassets.com/v1/images/style/properties/74e430aed783899975103128d36ee6dc_images.jpg
1658.jpg,http://assets.myntassets.com/v1/images/style/properties/98d1ecda8009cf20a7562055f7796639_images.jpg
50719.jpg,http://assets.myntassets.com/v1/images/style/properties/9c3c4ce6364de301f02d3d43c72e0fe8_images.jpg
44917.jpg,http://assets.myntassets.com/v1/images/style/properties/210b8b94a497f133a809586f8ebcb233_images.jpg
15789.jpg,http://assets.myntassets.com/v1/images/style/properties/Facit-Men-Briefs_75e7eb796fe8e84714bf57993ceed34c_images.jpg
58322.jpg,http://assets.myntassets.com/v1/images/style/properties/Jockey-Men-White-Pack-of-3-Socks_42db798192716954d48cbcedd70aa76f_images.jpg
31944.jpg,http://assets.myntassets.com/v1/images/style/properties/c39e914a2aeb417a9fe9253ac6a2c675_images.jpg
48382.jpg,http://assets.myntassets.com/v1/images/style/properties/1993c1dc82115d5ca0a6fd509e916531_images.jpg
37881.jpg,http://assets.myntassets.com/v1/images/style/properties/f638a10274c5b7d781f14bd0dcf9ce32_images.jpg
13288.jpg,http://assets.myntassets.com/v1/images/style/properties/8c72a6e386795f09943214e8bfea00aa_images.jpg
3967.jpg,http://assets.myntassets.com/v1/images/style/properties/135d111321a0c1aed42c4a1cac7a1e0f_images.jpg
58520.jpg,http://assets.myntassets.com/v1/images/style/properties/Tonga-Women-Black-Top_1f9016d79fa8c47555d536dd3e0fb575_images.jpg
19110.jpg,http://assets.myntassets.com/v1/images/style/properties/ee8b1cf0a898d220d1756718330fb8db_images.jpg
9495.jpg,http://assets.myntassets.com/v1/images/style/properties/a42803f6000aa8227798b2436ac08786_images.jpg
58144.jpg,http://assets.myntassets.com/v1/images/style/properties/Puma-Unisex-Grey-Backpack_03e78a4d08dcbdce7c294a3a55e2248f_images.jpg
44729.jpg,http://assets.myntassets.com/v1/images/style/properties/4f22e477359d689770e144e83a33abbf_images.jpg
37674.jpg,http://assets.myntassets.com/v1/images/style/properties/f3bc49612806c8ad89b39ec7456b629a_images.jpg
23046.jpg,http://assets.myntassets.com/v1/images/style/properties/314d306bf3ebad70e081f8a7c34bb6d0_images.jpg
7154.jpg,http://assets.myntassets.com/v1/images/style/properties/6a8bfac8151c75fa42ad0f09fd69a506_images.jpg
17845.jpg,http://assets.myntassets.com/v1/images/style/properties/94e4145eec6b3be73043366a9daeb826_images.jpg
35927.jpg,http://assets.myntassets.com/v1/images/style/properties/e7e51313cbcb8c81ede9c612c0fc784b_images.jpg
9654.jpg,http://assets.myntassets.com/v1/images/style/properties/9f9eb340747ce6865d6e5332c5a17948_images.jpg
4977.jpg,http://assets.myntassets.com/v1/images/style/properties/b3565ae2fd12b13a31b1ca7b52e6fe53_images.jpg
14298.jpg,http://assets.myntassets.com/v1/images/style/properties/bafd1923f89b626433999cc965aaa95f_images.jpg
31570.jpg,http://assets.myntassets.com/v1/images/style/properties/295ab555a999bbe734da6da098e632bf_images.jpg
23287.jpg,http://assets.myntassets.com/v1/images/style/properties/maxima-Men-Watches_ce984141bca8bd3d05a33777cd2d6c5a_images.jpg
34654.jpg,http://assets.myntassets.com/v1/images/style/properties/e6998cd556e2c9e2ccdc48ebc8b36dc4_images.jpg
52446.jpg,http://assets.myntassets.com/v1/images/style/properties/Red-Rose-Red---Black-Nightdress_8763ff7cad635a1d158ae8361f79398d_images.jpg
34466.jpg,http://assets.myntassets.com/v1/images/style/properties/c18d00a7a3b8b5d534e43801ea3ba308_images.jpg
48914.jpg,http://assets.myntassets.com/v1/images/style/properties/4cd88fc5be9c738fe96c878fc7e9383e_images.jpg
24264.jpg,http://assets.myntassets.com/v1/images/style/properties/fa85ea1a0f4dfdab30e2e86a0492f253_images.jpg
16194.jpg,http://assets.myntassets.com/v1/images/style/properties/42c958c8016662a137233dcf79a0ee52_images.jpg
25184.jpg,http://assets.myntassets.com/v1/images/style/properties/Lino-Perros-Women-Leatherette-Dark-Brown-Handbag161dff37d5417de935f18f7f34e7a046_images.jpg
52817.jpg,http://assets.myntassets.com/v1/images/style/properties/Adrika-Red-Earrings_46b936ed267817394c522702411bd83a_images.jpg
50916.jpg,http://assets.myntassets.com/v1/images/style/properties/Parx-Men-White-Brief_9f9d934cb8b743f49e19093fb152dcb0_images.jpg
22738.jpg,http://assets.myntassets.com/v1/images/style/properties/2a1ac5e19a2419c47a08bbf9b958a488_images.jpg
17619.jpg,http://assets.myntassets.com/v1/images/style/properties/24a1988e621915aa6548ced9b54966a4_images.jpg
12159.jpg,http://assets.myntassets.com/v1/images/style/properties/9f3c58d0836d757a58d57a4b7bd846e7_images.jpg
9662.jpg,http://assets.myntassets.com/v1/images/style/properties/115f087ae2fb8b5979ff312b04cbe9ce_images.jpg
33447.jpg,http://assets.myntassets.com/v1/images/style/properties/0a6419f36227c4fda477104b5424f933_images.jpg
31122.jpg,http://assets.myntassets.com/v1/images/style/properties/aa5db411e82b2cedfa6e956050fa2fbd_images.jpg
34808.jpg,http://assets.myntassets.com/v1/images/style/properties/5c5ea9ae53ea846dc6e6b074b683a79b_images.jpg
11387.jpg,http://assets.myntassets.com/v1/images/style/properties/9270df10472eb844608f40888d425281_images.jpg
45639.jpg,http://assets.myntassets.com/v1/images/style/properties/Park-Avenue-Men-White-Y-Front-Brief_3bf0c7178510ef22b3aa87f1233c4f82_images.jpg
20854.jpg,http://assets.myntassets.com/v1/images/style/properties/90dc3188cd2dd5cb075d348895b43f17_images.jpg
11179.jpg,http://assets.myntassets.com/v1/images/style/properties/a36184bea02f108a6bc0f64109405bc4_images.jpg
23887.jpg,http://assets.myntassets.com/v1/images/style/properties/b1a0da69a72de808b8641a4cf76b5e84_images.jpg
23289.jpg,http://assets.myntassets.com/v1/images/style/properties/0e0e9558a89f2fe55ec5df2521982df3_images.jpg
25942.jpg,http://assets.myntassets.com/v1/images/style/properties/d3f0540e611d2674dbd33bc979e548a2_images.jpg
51662.jpg,http://assets.myntassets.com/v1/images/style/properties/Louis-Philippe-Men-Brown-Sunglasses_826c9b9f9b5b7c144a00e77b61728484_images.jpg
8788.jpg,http://assets.myntassets.com/v1/images/style/properties/f1fc0cbae5e380f8ee5e68380129a0ee_images.jpg
15512.jpg,http://assets.myntassets.com/v1/images/style/properties/eebe265708462e5a998a0709f1db044b_images.jpg
53307.jpg,http://assets.myntassets.com/v1/images/style/properties/f26c19b7e8ca272093d66b97d0872d6a_images.jpg
56681.jpg,http://assets.myntassets.com/v1/images/style/properties/Maxima-Men-Black-Chronograph-Watch_30e6d894d6a2ad67d80ec8fa80c58030_images.jpg
33440.jpg,http://assets.myntassets.com/v1/images/style/properties/5bd399d3d8c06dbbb8d9c3d2a2f4bf05_images.jpg
41320.jpg,http://assets.myntassets.com/v1/images/style/properties/2503222d240018f413f40b99239bee89_images.jpg
36272.jpg,http://assets.myntassets.com/v1/images/style/properties/b98fd9d1911a1237647c48d4401c35c3_images.jpg
22672.jpg,http://assets.myntassets.com/v1/images/style/properties/Wildcraft-Unisex-Grey-Backpack_ac51f3e03dfd46d254ff992611babe22_images.jpg
25033.jpg,http://assets.myntassets.com/v1/images/style/properties/96004762d3a5d087360819e65fa0922a_images.jpg
24929.jpg,http://assets.myntassets.com/v1/images/style/properties/56c18f1453cc845163ebcfa815d54059_images.jpg
47675.jpg,http://assets.myntassets.com/v1/images/style/properties/a1639f482be8a23447dabf3ef70d2cbe_images.jpg
30515.jpg,http://assets.myntassets.com/v1/images/style/properties/363b5f3559b34add5f44b478dee631b7_images.jpg
49516.jpg,http://assets.myntassets.com/v1/images/style/properties/63222424db502913ccda62e9f42d16ac_images.jpg
19868.jpg,http://assets.myntassets.com/v1/images/style/properties/0f63431b10b73e20cd0353814c6da770_images.jpg
33169.jpg,http://assets.myntassets.com/v1/images/style/properties/cd2fa6bbe07d77a7523d22f84df4efdf_images.jpg
46308.jpg,http://assets.myntassets.com/v1/images/style/properties/be6302101b3ea29b13c46259da433233_images.jpg
9989.jpg,http://assets.myntassets.com/v1/images/style/properties/ad95cf4ed54830fac8da2234fe0d70a2_images.jpg
8093.jpg,http://assets.myntassets.com/v1/images/style/properties/bec064992c04dfd653a5daf5f6c720a2_images.jpg
26817.jpg,http://assets.myntassets.com/v1/images/style/properties/28a046943e6838d4b1fc8cd04919c28f_images.jpg
9525.jpg,http://assets.myntassets.com/v1/images/style/properties/bc1123c71958258e77fd343ed051ba0f_images.jpg
38575.jpg,http://assets.myntassets.com/v1/images/style/properties/173145705e460bcf13b43ec68d868858_images.jpg
12828.jpg,http://assets.myntassets.com/v1/images/style/properties/16b559696b75f62cb835207c0db53c73_images.jpg
5586.jpg,http://assets.myntassets.com/v1/images/style/properties/80805a17e37462f7f2e0373044341164_images.jpg
35060.jpg,http://assets.myntassets.com/v1/images/style/properties/7851396d4953736500ed06d220b8f732_images.jpg
54057.jpg,http://assets.myntassets.com/v1/images/style/properties/Myntra-Women-Sea-Green-Leggings_6c2ec551469720248deec3cd3eba50c0_images.jpg
59748.jpg,http://assets.myntassets.com/v1/images/style/properties/Avirate-Cream-Nightdress_ffd0574723d893ab554538a1747b6b7d_images.jpg
45317.jpg,http://assets.myntassets.com/v1/images/style/properties/fc5ab63be7c0913952c645b1892e598a_images.jpg
31434.jpg,http://assets.myntassets.com/v1/images/style/properties/83a12286bceaa04343147a9ad8e42b75_images.jpg
53888.jpg,http://assets.myntassets.com/v1/images/style/properties/KIARA-Women-Yellow-Handbag_4c8b58f11b66cb27e5b58c1e5b9ee811_images.jpg
31606.jpg,http://assets.myntassets.com/v1/images/style/properties/d35e53e00c5a9a5f7c85ae5912d341f5_images.jpg
25450.jpg,http://assets.myntassets.com/v1/images/style/properties/ec07c3903ca30d2a8e408276216067c8_images.jpg
49976.jpg,http://assets.myntassets.com/v1/images/style/properties/14e4406cb3623ffa465f860b252d2b93_images.jpg
57242.jpg,http://assets.myntassets.com/v1/images/style/properties/Murcia-Women-Brown-Duffle-Bag_762f472224514b57a2466c3fa20a6426_images.jpg
10585.jpg,http://assets.myntassets.com/v1/images/style/properties/5cf75ca079e040288466f5d65635dad4_images.jpg
51728.jpg,http://assets.myntassets.com/v1/images/style/properties/Allen-Solly-Women-Black-Sunglass_4d4b800b52e2a208fdf5358975d6e6a9_images.jpg
54854.jpg,http://assets.myntassets.com/v1/images/style/properties/Ivory-Tag-Women-Delectable-Pink-Necklace_a38e4b88a6234f94f0490ea97acb1537_images.jpg
6758.jpg,http://assets.myntassets.com/v1/images/style/properties/Timberland-Mens-Linear-Logo-Red-T-shirt_cc1e907ca6b02ed4eff717d420d84630_images.jpg
28370.jpg,http://assets.myntassets.com/v1/images/style/properties/IDEE-Men-Metallic-Sunglassese1b63455ce92d774feb00a9132115e82_images.jpg
58007.jpg,http://assets.myntassets.com/v1/images/style/properties/Latin-Quarters-Women-Mustard-Top_049063efd63b33a3c7d434823ac14594_images.jpg
33952.jpg,http://assets.myntassets.com/v1/images/style/properties/335d19fbfe5d7c443af02e205e46e1cc_images.jpg
19261.jpg,http://assets.myntassets.com/v1/images/style/properties/Guess-Women-Logo-Glam-Silver-Watch13652dcaa773e6b36c07c5f512cf5587_images.jpg
12674.jpg,http://assets.myntassets.com/v1/images/style/properties/36b0e413b1a59b6d38e958b9b52284f9_images.jpg
37533.jpg,http://assets.myntassets.com/v1/images/style/properties/e6379ab61d960ed7159ddde764d1d567_images.jpg
45113.jpg,http://assets.myntassets.com/assets/images/45113/2017/3/8/11488974447132-Casio-Enticer-Men-Silver-Analogue-Watch-A188-MTP-1233D-1ADF-2861488974447247-1.jpg
40237.jpg,http://assets.myntassets.com/v1/images/style/properties/Provogue-Men-260-Mercerized-with-Lycra-Purple-Socks_3542f5f2099c7824935dbbbf5dde2b24_images.jpg
46306.jpg,http://assets.myntassets.com/v1/images/style/properties/a41011e765022f46fd56cc025f1e2112_images.jpg
33503.jpg,http://assets.myntassets.com/v1/images/style/properties/7a58d13ecc318d578224315e0963e992_images.jpg
20928.jpg,http://assets.myntassets.com/v1/images/style/properties/Fastrack-Women-Leatherette-Black-HandBag_c79aab4ddc37b846f25e933dbc6ab4b5_images.jpg
46134.jpg,http://assets.myntassets.com/v1/images/style/properties/d794a6848423a287227b439922bd26b1_images.jpg
13752.jpg,http://assets.myntassets.com/v1/images/style/properties/3de727a032ec3b90514ad1bbf45c8eb7_images.jpg
32628.jpg,http://assets.myntassets.com/v1/images/style/properties/b8dac0b31656bc7ff7451626302d52a1_images.jpg
59117.jpg,http://assets.myntassets.com/v1/images/style/properties/Just-Natural-Men-Black-Jacket_40287995d6d7ef756f4bb0c7aa12ee79_images.jpg
54608.jpg,http://assets.myntassets.com/v1/images/style/properties/Jockey-Men-Blue-Briefs_9d7d0b00df587f53644334c557c7366a_images.jpg
26228.jpg,http://assets.myntassets.com/v1/images/style/properties/7b45c4f47be95fb73c4e7afb2480f15a_images.jpg
38544.jpg,http://assets.myntassets.com/v1/images/style/properties/6187f865ed64b9c6ed41e9da753ee317_images.jpg
35069.jpg,http://assets.myntassets.com/v1/images/style/properties/Allen-Solly-Men-Black---Brown-Reversible-Belt_2225374a30847527e15e0421097efaf0_images.jpg
13799.jpg,http://assets.myntassets.com/v1/images/style/properties/6e178eb99615953d5ee2e15469cd894d_images.jpg
54896.jpg,http://assets.myntassets.com/v1/images/style/properties/Do-u-speak-green-Boys-Olive-Trousers_5834f9170a672a0e274b4f9b303af58d_images.jpg
56997.jpg,http://assets.myntassets.com/v1/images/style/properties/HM-Women-Black-Sandals_5ef08d9c5c502c16d16c50fc6f62c8fd_images.jpg
27752.jpg,http://assets.myntassets.com/v1/images/style/properties/3655864b3326b90cbd89b768e29fda49_images.jpg
48895.jpg,http://assets.myntassets.com/v1/images/style/properties/11620d8704f68d08bc09c324ff09f392_images.jpg
5771.jpg,http://assets.myntassets.com/v1/images/style/properties/3a1d5e4241fc7252a8c2611a3ee2f492_images.jpg
12025.jpg,http://assets.myntassets.com/v1/images/style/properties/1f0c301759cb77b0be68fbe346079f15_images.jpg
32422.jpg,http://assets.myntassets.com/v1/images/style/properties/d8e3048a439d5ff0030d8bd700015c40_images.jpg
37150.jpg,http://assets.myntassets.com/v1/images/style/properties/cba555986fcd6c909f0f0c8505f0b615_images.jpg
58499.jpg,http://assets.myntassets.com/v1/images/style/properties/Tonga-White-Floral-Design-Dress_c8060cca2e01d587c96badd11844ecdd_images.jpg
21663.jpg,http://assets.myntassets.com/v1/images/style/properties/Enamor-Women-White-Smooth-Bra_f3caff85d82987b14419d6bd1c9377d0_images.jpg
34148.jpg,http://assets.myntassets.com/v1/images/style/properties/c90319b0bf114581aa3dc692239a0607_images.jpg
54865.jpg,http://assets.myntassets.com/v1/images/style/properties/Ivory-Tag-Women-Eye-Catcher-Red-Necklace_793467edd1631f0cd0a0c5a040264a51_images.jpg
48406.jpg,http://assets.myntassets.com/v1/images/style/properties/02ba8ba65e3d9444e587bed079621048_images.jpg
33997.jpg,http://assets.myntassets.com/v1/images/style/properties/858bc561e52253702cd504d907a4855b_images.jpg
33937.jpg,http://assets.myntassets.com/v1/images/style/properties/a2e30f82009e9e87f35c067b0649ccda_images.jpg
19204.jpg,http://assets.myntassets.com/v1/images/style/properties/51394d2a8d7db4613cb6d430ce28c63c_images.jpg
59978.jpg,http://assets.myntassets.com/v1/images/style/properties/Avirate-Brown---Grey-Check-Dress_2c46126a13797b160513bf6fa98e7312_images.jpg
27534.jpg,http://assets.myntassets.com/v1/images/style/properties/d9ef5b5e4f6fd1e59f455f6070562f3c_images.jpg
11264.jpg,http://assets.myntassets.com/v1/images/style/properties/0372654a36f440a5f1c5385c77bb74de_images.jpg
17193.jpg,http://assets.myntassets.com/v1/images/style/properties/77dca02199245ac4546f60b448a337cb_images.jpg
43627.jpg,http://assets.myntassets.com/v1/images/style/properties/d4462f03a6b8b22876c64467d8f680d2_images.jpg
44630.jpg,http://assets.myntassets.com/v1/images/style/properties/900a6ce4db6478417aad0e53b879ce51_images.jpg
53687.jpg,http://assets.myntassets.com/v1/images/style/properties/10bb64b86cb2eeac11689f445288546f_images.jpg
33762.jpg,http://assets.myntassets.com/v1/images/style/properties/9c60199a89db151cb4e70e0ce58ad723_images.jpg
23736.jpg,http://assets.myntassets.com/v1/images/style/properties/Ray-Ban-Women-Jackie-Sunglasses69f5b799988b21a0580866c5725c6c36_images.jpg
16287.jpg,http://assets.myntassets.com/v1/images/style/properties/61554eacd369b1e47e3a1bfe91bbf8c3_images.jpg
40432.jpg,http://assets.myntassets.com/v1/images/style/properties/51e2d26dd67eb4be6132f7a02cab4e74_images.jpg
24177.jpg,http://assets.myntassets.com/v1/images/style/properties/982e440bf35fe3547827bf7f43ba7661_images.jpg
8492.jpg,http://assets.myntassets.com/v1/images/style/properties/670db66fd940faffd0df95babd16fd54_images.jpg
52309.jpg,http://assets.myntassets.com/v1/images/style/properties/29cff32a3a4f1a6d48da1f7fff9541df_images.jpg
44608.jpg,http://assets.myntassets.com/v1/images/style/properties/f4178912b6dc2e925f974476280c7168_images.jpg
11297.jpg,http://assets.myntassets.com/v1/images/style/properties/89a3d9dd36285701b89de96900807ece_images.jpg
2197.jpg,http://assets.myntassets.com/v1/images/style/properties/7df0c0c698f01354d1cef469397daf91_images.jpg
45375.jpg,http://assets.myntassets.com/v1/images/style/properties/Cobblerz-Women-Grey-sandals_002975d158322ae51ff39b720721be27_images.jpg
11899.jpg,http://assets.myntassets.com/v1/images/style/properties/aae13508387c553ba2d84ba94d7d5876_images.jpg
40051.jpg,http://assets.myntassets.com/v1/images/style/properties/Adidas-Men-Navy-Messi-Track-Jacket_262bfbdc05ad840cb53b2429dac262c7_images.jpg
58268.jpg,http://assets.myntassets.com/v1/images/style/properties/Baggit-Women-Grey-Pride-Jhuti-Handbag_3de90e5e77ff8d5de84b5e0157c0475a_images.jpg
34772.jpg,http://assets.myntassets.com/v1/images/style/properties/8fdbb8e5aad70f4809b5f00ed1dbd114_images.jpg
20716.jpg,http://assets.myntassets.com/v1/images/style/properties/Red-Tape-Men-RTS---6152-BRN-Brown-Casual-Shoes_c5fd18aa9ee11d8e35fe7a4eae399430_images.jpg
52336.jpg,http://assets.myntassets.com/v1/images/style/properties/9438aadc369024442f725b371211e2f1_images.jpg
48463.jpg,http://assets.myntassets.com/v1/images/style/properties/French-Connection-Teal---Brown-Dress_65450b4ba2b7f3979d0d71a86bb13680_images.jpg
8696.jpg,http://assets.myntassets.com/v1/images/style/properties/Fastrack-Women-Hip-Hop-Red-Sunglasses742e557d4278c8fee903109aea92898a_images.jpg
16289.jpg,http://assets.myntassets.com/v1/images/style/properties/72bc07365bb15fc4bf5e32f106abd38a_images.jpg
17169.jpg,http://assets.myntassets.com/v1/images/style/properties/3bb4e8d3f410bb11f1cb38dde5272e36_images.jpg
51318.jpg,http://assets.myntassets.com/v1/images/style/properties/Wildcraft-Unisex-Blue-Cauvery-Backpack_5fce2379039b11094fec0172e1b4eb52_images.jpg
30921.jpg,http://assets.myntassets.com/v1/images/style/properties/58b975f1f54a2cb10e598a166bb0eed3_images.jpg
14972.jpg,http://assets.myntassets.com/v1/images/style/properties/8c653d1b5f7bd14af0a81693a7e8f0ff_images.jpg
25609.jpg,http://assets.myntassets.com/v1/images/style/properties/a4aa3f91bc75ee7b50519efdf7f31029_images.jpg
58605.jpg,http://assets.myntassets.com/v1/images/style/properties/ToniQ-Women-Silver-Earrings_e96fa889f74db1a0c037638e9a43a2ca_images.jpg
2956.jpg,http://assets.myntassets.com/v1/images/style/properties/1f63907f8cff29521c7888da52d82033_images.jpg
37307.jpg,http://assets.myntassets.com/assets/images/37307/2018/3/2/11519969920219-CASIO-Youth-Digital-Men-Black-Digital-Watch-D065-1091519969920027-1.jpg
55787.jpg,http://assets.myntassets.com/v1/images/style/properties/SDL-by-Sweet-Dreams-Women-Pink-Nightdress_edf5715204f780da9f33c07eb5e96957_images.jpg
46390.jpg,http://assets.myntassets.com/v1/images/style/properties/f54f02d9d667d9dd48b30bdf8854754f_images.jpg
59976.jpg,http://assets.myntassets.com/v1/images/style/properties/Avirate-Black-Dress_9b9f96696a46592e966b7dfbae281d54_images.jpg
4256.jpg,http://assets.myntassets.com/v1/images/style/properties/Inkfruit-Men-Grey-Melange-Printed-T-shirt_d591ff6503a8d100a55a32df509999ca_images.jpg
32023.jpg,http://assets.myntassets.com/v1/images/style/properties/ee1cf046b9e8c612a3b9724e61a16ac0_images.jpg
10373.jpg,http://assets.myntassets.com/v1/images/style/properties/ddf53a1f7bd53c23bc331f22a01552ea_images.jpg
45343.jpg,http://assets.myntassets.com/v1/images/style/properties/7cfccf13098ff5540fd916c79504cafa_images.jpg
33939.jpg,http://assets.myntassets.com/v1/images/style/properties/42185b2ed8a11a2e803737ed937ad079_images.jpg
20512.jpg,http://assets.myntassets.com/v1/images/style/properties/Baggit-Women-Teal-Turnoff-Taj-Handbag707e80ab2b0ac8198fbd75f1cd597dd6_images.jpg
14171.jpg,http://assets.myntassets.com/v1/images/style/properties/178348684d708fc831045a1d0a83cc0c_images.jpg
27353.jpg,http://assets.myntassets.com/v1/images/style/properties/57eeffafae5ef5e4a3a5812faa7b2fd3_images.jpg
50201.jpg,http://assets.myntassets.com/v1/images/style/properties/2fa98afe7183f735e6b0c97306f4c6fd_images.jpg
41141.jpg,http://assets.myntassets.com/v1/images/style/properties/Allen-Solly-Woman-Blue-Dress_99353e5867259faba5df7f628ce99779_images.jpg
45981.jpg,http://assets.myntassets.com/v1/images/style/properties/fa2347ad3b50684f613b0083cbed624a_images.jpg
8665.jpg,http://assets.myntassets.com/v1/images/style/properties/45102b4d189a3ef3ea405262ac2ffe6b_images.jpg
1982.jpg,http://assets.myntassets.com/v1/images/style/properties/6e6eefdd9ab02e45240f79afaffca707_images.jpg
6995.jpg,http://assets.myntassets.com/v1/images/style/properties/cd57cc361957dae00375603045d23683_images.jpg
24942.jpg,http://assets.myntassets.com/v1/images/style/properties/a02e50b2758a452e152466444c8142c7_images.jpg
58259.jpg,http://assets.myntassets.com/v1/images/style/properties/Baggit-Women-Olive-Mobile-Pouch_4b468e3f7b489748de4e7d1b47f80177_images.jpg
11094.jpg,http://assets.myntassets.com/v1/images/style/properties/4eb2c147e7a5caacb34e1af6b6e66110_images.jpg
17151.jpg,http://assets.myntassets.com/v1/images/style/properties/c10342464cdd2fdb85780f40f81ddec2_images.jpg
15606.jpg,http://assets.myntassets.com/v1/images/style/properties/d121b105a973f799786f05ba97b24f82_images.jpg
32024.jpg,http://assets.myntassets.com/v1/images/style/properties/4bb4a81cfb08c590525449d9da277908_images.jpg
3410.jpg,http://assets.myntassets.com/v1/images/style/properties/d9382871b007cc0c1deb02adf6e866f4_images.jpg
58498.jpg,http://assets.myntassets.com/v1/images/style/properties/Tonga-Women-Printed-White-Dress_728bbbc7abea10ed4454a87eb6983cea_images.jpg
43672.jpg,http://assets.myntassets.com/v1/images/style/properties/ONLY-Women-Peach-Dress_8f6ae2625bc3d394bfaf0b9de2b33adf_images.jpg
31252.jpg,https://cdn.vuahanghieu.com/unsafe/0x900/left/top/smart/filters:quality(90)/https://admin.vuahanghieu.com/upload/product/2023/12/ao-thun-nam-puma-graphics-sneaker-677186-43-tshirt-mau-xanh-657bd10bd5105-15122023110739.jpg
38770.jpg,http://assets.myntassets.com/v1/images/style/properties/e6a1ec647544d0bffc6112821381a113_images.jpg
18383.jpg,http://assets.myntassets.com/v1/images/style/properties/1bf0f27608d7e56d77c9dae82812f466_images.jpg
42595.jpg,http://assets.myntassets.com/v1/images/style/properties/United-Colors-of-Benetton-Boys-Grey-Slim-Fit-Jeans_29910bc7ff42dd7489572cafa9963e7d_images.jpg
27566.jpg,http://assets.myntassets.com/v1/images/style/properties/aa39dde851a5d11084e7ffda5e4eac8c_images.jpg
4235.jpg,http://assets.myntassets.com/v1/images/style/properties/3fac722c11e3df946f27afd88339d2f6_images.jpg
31093.jpg,http://assets.myntassets.com/v1/images/style/properties/5434fde91285b36cae3fe9d391f9fda7_images.jpg
58030.jpg,http://assets.myntassets.com/v1/images/style/properties/Rreverie-Golden---Black-Earrings_13952fecfa72e6d3f1175dde340b41d9_images.jpg
7823.jpg,http://assets.myntassets.com/v1/images/style/properties/e98a048c215bd76b7e04613d9da1ef67_images.jpg
48090.jpg,http://assets.myntassets.com/v1/images/style/properties/5f13ba32502ef354d4b8e37b964e53bb_images.jpg
35068.jpg,http://assets.myntassets.com/v1/images/style/properties/Allen-Solly-Men-Belt_058bcf695e966a6f6bfde25495e986ad_images.jpg
20788.jpg,http://assets.myntassets.com/v1/images/style/properties/d452e5042920ed294fed355100ce2f90_images.jpg
14772.jpg,http://assets.myntassets.com/v1/images/style/properties/9e9d25d2a3d6806cb98794c901e9ce72_images.jpg
41570.jpg,http://assets.myntassets.com/v1/images/style/properties/AND-Women-Pink-Dress_02f26736c83d2ea88658701766922c48_images.jpg
1785.jpg,http://assets.myntassets.com/v1/images/style/properties/402bcddf8ef924cb0d95edde98def6c5_images.jpg
25207.jpg,http://assets.myntassets.com/v1/images/style/properties/73267ab0c58eae0dc87a7aef7c7009a8_images.jpg
40690.jpg,http://assets.myntassets.com/v1/images/style/properties/3702c4bdf20de9a77d436d2f20b3af0b_images.jpg
8862.jpg,http://assets.myntassets.com/v1/images/style/properties/ec1f087d743c894e1703c8f7edde2d67_images.jpg
14786.jpg,http://assets.myntassets.com/v1/images/style/properties/e8297ccc728c8bd59b8ac49fbdc93590_images.jpg
12471.jpg,http://assets.myntassets.com/v1/images/style/properties/e71d824bb31b30456c9c53578bc6ced1_images.jpg
34381.jpg,http://assets.myntassets.com/v1/images/style/properties/8ca2884bdd6d39615c06b4f16c8ed145_images.jpg
7486.jpg,http://assets.myntassets.com/v1/images/style/properties/c4e87337f8d29a2c9447b2e89291df8e_images.jpg
51716.jpg,http://assets.myntassets.com/v1/images/style/properties/Allen-Solly-Women-Brown-Sunglasses_e0dde552446dbc08829567f661f40e5f_images.jpg
33396.jpg,http://assets.myntassets.com/v1/images/style/properties/a42e87b57a01a1618cbadec725d43aea_images.jpg
5128.jpg,http://assets.myntassets.com/v1/images/style/properties/bd7049bc2b9721aa2d4c2a2130d89821_images.jpg
48604.jpg,http://assets.myntassets.com/v1/images/style/properties/Lucera-Women-Silver-Earrings_d3f9d58cff0f0e71e30f9877cea9cbb5_images.jpg
43688.jpg,http://assets.myntassets.com/v1/images/style/properties/a2c6d8bd84ebea6950a692f6190e1c63_images.jpg
12644.jpg,http://assets.myntassets.com/v1/images/style/properties/6ace3d97b87a59b23826a94ceef36b91_images.jpg
15653.jpg,http://assets.myntassets.com/v1/images/style/properties/f0e11b5932ccd8a4f851fdb8cb063f19_images.jpg
11697.jpg,http://assets.myntassets.com/v1/images/style/properties/575a51a9a66436c7ae9fd3ffa454651d_images.jpg
36287.jpg,http://assets.myntassets.com/v1/images/style/properties/58350a163a338b16efbae8437e862d2d_images.jpg
57076.jpg,http://assets.myntassets.com/v1/images/style/properties/Elle-Women-Blue-Jeans_6ba5d68ef6af408598184e8eb708a220_images.jpg
22819.jpg,http://assets.myntassets.com/v1/images/style/properties/f535edf466c07c39097bf4ea347b0256_images.jpg
9372.jpg,http://assets.myntassets.com/v1/images/style/properties/ae5b5bd07a27f794412874c5b34d7288_images.jpg
18173.jpg,http://assets.myntassets.com/v1/images/style/properties/125d4e288484ab5eb9b3576d10c4f90b_images.jpg
7678.jpg,http://assets.myntassets.com/v1/images/style/properties/2586f50f14f739235b29877a5c65e42e_images.jpg
24789.jpg,http://assets.myntassets.com/v1/images/style/properties/81842632d17182a11d406a639d4e6690_images.jpg
59725.jpg,http://assets.myntassets.com/v1/images/style/properties/Avirate-White-Bra_3ee61685153e5fb12e3ffe8b8e99e47a_images.jpg
58267.jpg,http://assets.myntassets.com/v1/images/style/properties/Baggit-Women-Bronze-Silly-Birdtt-Handbag_d63230c781411b5770c01fe370417826_images.jpg
17150.jpg,http://assets.myntassets.com/v1/images/style/properties/a0247bf5d0a095d32ddd2e0b403f6e79_images.jpg
46396.jpg,http://assets.myntassets.com/v1/images/style/properties/f2b0e65922bc2a7d1dc5b65356bcb126_images.jpg
24524.jpg,http://assets.myntassets.com/v1/images/style/properties/df31e497d21fccbce4113c97ea522aa9_images.jpg
22627.jpg,http://assets.myntassets.com/v1/images/style/properties/d0729cd658672925dc98dedc9415c5d9_images.jpg
14345.jpg,http://assets.myntassets.com/v1/images/style/properties/be6a03d3a4d0bb5799f7eeed603e1c0a_images.jpg
1984.jpg,http://assets.myntassets.com/v1/images/style/properties/3d1c2533c78618aaf8c8229ade3f42fd_images.jpg
33309.jpg,http://assets.myntassets.com/v1/images/style/properties/deca420368a1021daa82c5beed44b3eb_images.jpg
17168.jpg,http://assets.myntassets.com/v1/images/style/properties/97e60a4ff54323a6c8348e83a83b74ab_images.jpg
33336.jpg,http://assets.myntassets.com/v1/images/style/properties/a028dc778e1d75f1fc15780508e58100_images.jpg
16071.jpg,http://assets.myntassets.com/v1/images/style/properties/92a26bdc38fdd27ae723245362981842_images.jpg
11254.jpg,http://assets.myntassets.com/v1/images/style/properties/4357015d037de2544e35621185f7d349_images.jpg
36476.jpg,http://assets.myntassets.com/v1/images/style/properties/144a8fd0a2bc4795f2f46f7bfe3038fb_images.jpg
13167.jpg,http://assets.myntassets.com/v1/images/style/properties/1261d295ab5e72c7b23b85cce3fb0f3c_images.jpg
11402.jpg,http://assets.myntassets.com/v1/images/style/properties/021e8e410228c0f03b53cf1685bb7124_images.jpg
42731.jpg,http://assets.myntassets.com/v1/images/style/properties/c3d0458986cab7b405c94569f4de8abe_images.jpg
32446.jpg,http://assets.myntassets.com/v1/images/style/properties/e847d2bbcd33c260ce6dfd43fc036364_images.jpg
18749.jpg,http://assets.myntassets.com/v1/images/style/properties/2929aec35062a2acf78db653480a579c_images.jpg
47415.jpg,http://assets.myntassets.com/v1/images/style/properties/b6f211b4e05243ff8728d1e5eaa297b6_images.jpg
51570.jpg,http://assets.myntassets.com/v1/images/style/properties/Fastrack-Men-Metallic-Watch_114178a7094ae4e8aa3f54a3639df2b3_images.jpg
58858.jpg,http://assets.myntassets.com/v1/images/style/properties/Hakashi-Men-Black-Cufflinks_bc357514e5c7012976e97214f2103c38_images.jpg
41975.jpg,http://assets.myntassets.com/v1/images/style/properties/6d68a19ae5708b220e246c777c9dd890_images.jpg
19692.jpg,http://assets.myntassets.com/v1/images/style/properties/45db0d0730e04a405e4cba72d2e48abc_images.jpg
53478.jpg,http://assets.myntassets.com/v1/image/style/properties/53478/Amante-White-Bra_1_f55291992f1d644eb7561072511c067c.jpg
8493.jpg,http://assets.myntassets.com/v1/images/style/properties/4436560b14766d192faddebb37081701_images.jpg
59526.jpg,http://assets.myntassets.com/v1/images/style/properties/Lucera-Silver-Earrings_b4f3aea073782d578cacd9871f5134ac_images.jpg
15609.jpg,http://assets.myntassets.com/v1/images/style/properties/aa7edf4bd9377e62b661d39ce6fa71aa_images.jpg
58269.jpg,http://assets.myntassets.com/v1/images/style/properties/Baggit-Women-Brown-Pride-Jhuti-Handbag_ef5a06930e9a8ffda15c0bc06ea71192_images.jpg
43077.jpg,http://assets.myntassets.com/v1/images/style/properties/8fbbacae724c6b52da4568713dae7ff9_images.jpg
17195.jpg,http://assets.myntassets.com/v1/images/style/properties/0e9b244511829c426d5e6708800f2897_images.jpg
43083.jpg,http://assets.myntassets.com/v1/images/style/properties/e741f8a61d5d70fa3b41c909f58aff91_images.jpg
53211.jpg,http://assets.myntassets.com/v1/images/style/properties/584bba7057bdb1119775ca503154b71e_images.jpg
45146.jpg,http://assets.myntassets.com/v1/images/style/properties/Casio-Men-Golden-Chronograph-Watch_d96d5cc82297895a1f39a7f4bde29c34_images.jpg
32470.jpg,http://assets.myntassets.com/v1/images/style/properties/878ad9ccfb371aed0bc36618b487eeb1_images.jpg
48833.jpg,http://assets.myntassets.com/v1/images/style/properties/ce3e014fc16f4bccb3bb2ccc84765509_images.jpg
30929.jpg,http://assets.myntassets.com/v1/images/style/properties/54f475076a2fc0e3bd21ebb9b934d8ec_images.jpg
12245.jpg,http://assets.myntassets.com/v1/images/style/properties/dba5f24b6d1bcff4a355fa01e841295c_images.jpg
58097.jpg,http://assets.myntassets.com/v1/images/style/properties/Rreverie-Women-Turquoise-Blue-Pendant_d3d6613730999defeb183e7cc9b9880f_images.jpg
51926.jpg,http://assets.myntassets.com/v1/images/style/properties/Nyk-Women-Red-Julius-Handbag_3d2b2ea6ab4d0baad06aa8766ccf5bf6_images.jpg
41972.jpg,http://assets.myntassets.com/v1/images/style/properties/8052d65cd17bd197d8dcaba23f6337de_images.jpg
57817.jpg,http://assets.myntassets.com/v1/images/style/properties/United-Colors-of-Benetton-Women-Green-Top_4cc4ef18735406fc02a2a1e005007924_images.jpg
38971.jpg,http://assets.myntassets.com/v1/images/style/properties/bb447aced3ee382ccdee165f9a4ed772_images.jpg
42700.jpg,http://assets.myntassets.com/v1/images/style/properties/538d332dc4b8e007c0a6c02e7eff4432_images.jpg
40433.jpg,http://assets.myntassets.com/v1/images/style/properties/7b4791576e8f62da96c2d05c90c86ee5_images.jpg
16888.jpg,http://assets.myntassets.com/v1/images/style/properties/Police-Men-Casual-Black-Sunglassese6ff42d3744078afe552bc1941959e00_images.jpg
28589.jpg,http://assets.myntassets.com/v1/images/style/properties/8dd834148aae94e5b5d7b1ec6b78cf06_images.jpg
34122.jpg,http://assets.myntassets.com/v1/images/style/properties/0692d2e6b698e2231275c5fb13bcec7b_images.jpg
5172.jpg,http://assets.myntassets.com/v1/images/style/properties/eae3f74310ebe54588c892cb020f1538_images.jpg
57014.jpg,http://assets.myntassets.com/v1/images/style/properties/HM-Women-Multi-Coloured-Sandals_b49b2fa2049c5bad1b4af7fd00744fb4_images.jpg
34774.jpg,http://assets.myntassets.com/v1/images/style/properties/9d5a12c954535d7eb2c6fc1ecdf51ac8_images.jpg
16424.jpg,http://assets.myntassets.com/v1/images/style/properties/d0a419cbf77aa02079306b82b77afd31_images.jpg
10705.jpg,http://assets.myntassets.com/v1/images/style/properties/2d120905b8558d382babfe1f95aaefb0_images.jpg
35670.jpg,http://assets.myntassets.com/v1/images/style/properties/f1dbb76d7109539570de8d6b15e12134_images.jpg
48218.jpg,http://assets.myntassets.com/v1/images/style/properties/United-Colors-of-Benetton-Women-Black-Sunglass_f8377cb28bc8d4ca2744423cb1d5a23d_images.jpg
7297.jpg,http://assets.myntassets.com/v1/images/style/properties/07f8f4b8c15e6e57d008f199ece137b9_images.jpg
37315.jpg,http://assets.myntassets.com/v1/image/style/properties/37315/Casio-Men-Edifice-Silver-Chronograph-Watch_1_62e8acdb41acbf7f62fc903a28431154.jpg
14197.jpg,http://assets.myntassets.com/v1/images/style/properties/aca7a37b5b07c5d998fcd1bd1b7b4e5f_images.jpg
20164.jpg,http://assets.myntassets.com/v1/images/style/properties/4fea1d6f2fa784f6af12aaa906435fda_images.jpg
15283.jpg,http://assets.myntassets.com/v1/images/style/properties/23452f7c7be06ed1feffb1289ae273b4_images.jpg
13174.jpg,http://assets.myntassets.com/v1/images/style/properties/44b4476e9041add8659410b46d196b02_images.jpg
7607.jpg,http://assets.myntassets.com/v1/images/style/properties/4dd3e9a4621b138c01795038d35de169_images.jpg
5150.jpg,http://assets.myntassets.com/v1/images/style/properties/372317771629d2255571b18d9948480a_images.jpg
37785.jpg,http://assets.myntassets.com/v1/images/style/properties/4e0585407c4f310d0717ee23f7b926a9_images.jpg
19816.jpg,http://assets.myntassets.com/v1/images/style/properties/e6cf4a9ffe377023f601f42c31e53b27_images.jpg
31640.jpg,http://assets.myntassets.com/v1/images/style/properties/c2c04047b57997f7457445ddf90a54eb_images.jpg
9332.jpg,http://assets.myntassets.com/v1/images/style/properties/4e031dea586e2cf0cb7fe37857f66420_images.jpg
12851.jpg,http://assets.myntassets.com/v1/images/style/properties/2a2f299baac30029ac3a49be03ef2663_images.jpg
53805.jpg,http://assets.myntassets.com/v1/images/style/properties/Puma-Kids-Unisex-Socks_74a14462b9a21ad3a33f239541059336_images.jpg
28594.jpg,http://assets.myntassets.com/v1/images/style/properties/5aa2e200dfa94e4d9482d7f39c29a956_images.jpg
29446.jpg,http://assets.myntassets.com/v1/images/style/properties/a9856744df4d7b0dfe6974f07eb2eee5_images.jpg
9590.jpg,http://assets.myntassets.com/v1/images/style/properties/5313ceb1aacb28b8f8339b25f6d91571_images.jpg
58425.jpg,http://assets.myntassets.com/v1/images/style/properties/AND-by-Anita-Dongre-Women-Grey-Dress_c44e0278d7df8e4b3b21354479de41ae_images.jpg
14960.jpg,http://assets.myntassets.com/v1/images/style/properties/b982674c2805985ead51b44e40eb5b5d_images.jpg
7852.jpg,http://assets.myntassets.com/v1/images/style/properties/952d9a7d37fbd856f3967c05de7a72e9_images.jpg
33110.jpg,http://assets.myntassets.com/v1/images/style/properties/ea807f313c3cc76869235e26291dda4c_images.jpg
19811.jpg,http://assets.myntassets.com/v1/images/style/properties/0f8e5bcdab2592fd089ade1678632200_images.jpg
16859.jpg,http://assets.myntassets.com/v1/images/style/properties/IDEE-Unisex-Funky-Eyewear-Brown-Sunglassesdc07143bb89113376f472392793b2f75_images.jpg
27948.jpg,http://assets.myntassets.com/v1/images/style/properties/c308ff0c9a0c665cd3fa54a3020d7b0c_images.jpg
50026.jpg,http://assets.myntassets.com/v1/images/style/properties/59c8b90846529ecad57945a924fa4e30_images.jpg
25411.jpg,http://assets.myntassets.com/v1/images/style/properties/cca3a2433e5205e5be8f37b8fe6bf0c1_images.jpg
7056.jpg,http://assets.myntassets.com/v1/images/style/properties/237f04b8d280cc861013f14e6c8a4e4d_images.jpg
35445.jpg,http://assets.myntassets.com/v1/images/style/properties/fda6080ccd07d1cbcf8501f6576caeb7_images.jpg
10702.jpg,http://assets.myntassets.com/v1/images/style/properties/42870572967391977219ef85b2bc9f7d_images.jpg
35677.jpg,http://assets.myntassets.com/v1/images/style/properties/US-Polo-Assn-Men-Brown-Leather-Casual-Shoes_988727852d534c05201a885eda4817fc_images.jpg
6170.jpg,http://assets.myntassets.com/v1/images/style/properties/f3a299578b0383cfd1def676c68054e2_images.jpg
26260.jpg,http://assets.myntassets.com/v1/images/style/properties/f3b0c8f80607c34d792ee1faad5b2af6_images.jpg
3402.jpg,http://assets.myntassets.com/v1/images/style/properties/d69d9d81854f29a1bd95ac369ae3fbaf_images.jpg
17143.jpg,http://assets.myntassets.com/v1/images/style/properties/a66c3c5f71572752059605600125da75_images.jpg
26436.jpg,http://assets.myntassets.com/v1/images/style/properties/9ef454b16616bf87fa6079d1fbbd7334_images.jpg
41359.jpg,http://assets.myntassets.com/v1/images/style/properties/b20903a8f2b137550e5290c937034e8f_images.jpg
50019.jpg,http://assets.myntassets.com/v1/images/style/properties/af1949ef9d1d851c1de373dd5bdef1f8_images.jpg
48482.jpg,http://assets.myntassets.com/v1/images/style/properties/French-Connection-Women-Red-Dress_28b279d6b5623eddc698406e1ce2e197_images.jpg
19012.jpg,http://assets.myntassets.com/v1/images/style/properties/ac93b7bc01ac4241fa4b7f62e5973525_images.jpg
15419.jpg,http://assets.myntassets.com/v1/images/style/properties/5069a05d2c7659639fe1253ca1f43bdd_images.jpg
48476.jpg,http://assets.myntassets.com/v1/images/style/properties/French-Connection-Women-Blue-Dress_41b957764d86ce45213462a9fae38805_images.jpg
8683.jpg,http://assets.myntassets.com/v1/images/style/properties/Fastrack-Men-Sunglasses-M050GR3_313ad6765fa3f59d5ed268654eacaf5b_images.jpg
48644.jpg,http://assets.myntassets.com/v1/images/style/properties/010925993fb7401edf3f8db1af4523fb_images.jpg
25882.jpg,http://assets.myntassets.com/v1/images/style/properties/American-Tourister-Unisex-Casual-Purple-Backpackdc5880468d05898eb266099f3575aa02_images.jpg
4618.jpg,http://assets.myntassets.com/v1/images/style/properties/cb534fc8ccaa9e1159d8ed3f99f94f26_images.jpg
14993.jpg,http://assets.myntassets.com/v1/images/style/properties/d82e13b695cb50bd4f07b762697a2cb8_images.jpg
27983.jpg,http://assets.myntassets.com/v1/images/style/properties/05386c235b425d8d820d14c4c8a9a0e7_images.jpg
49901.jpg,http://assets.myntassets.com/v1/images/style/properties/f9b39d8bbabf8885e4d297fb49545841_images.jpg
20155.jpg,http://assets.myntassets.com/v1/images/style/properties/f52339c3064b2aa7c4e2fc134ed9cc93_images.jpg
36666.jpg,http://assets.myntassets.com/v1/images/style/properties/63dc8dc02ec386be4220166d971ead09_images.jpg
11282.jpg,http://assets.myntassets.com/v1/images/style/properties/32c023ccdf6980b4b91b1911a3535266_images.jpg
15622.jpg,http://assets.myntassets.com/v1/images/style/properties/f671152eebe86ab911b6c5a3099126e2_images.jpg
50480.jpg,http://assets.myntassets.com/v1/images/style/properties/Chromozome-Men-Grey-Melange-Brief_1ef6cdc945226c43ecd74fa8961bec13_images.jpg
30565.jpg,http://assets.myntassets.com/v1/images/style/properties/965ce0004da11ac6a400422b1b838813_images.jpg
10734.jpg,http://assets.myntassets.com/v1/images/style/properties/84fc2de6f9417a6cea01a0a74e8a0dae_images.jpg
40044.jpg,http://assets.myntassets.com/v1/images/style/properties/3cf1cce01ca952d4b66f385e72db0e92_images.jpg
48686.jpg,http://assets.myntassets.com/v1/images/style/properties/5e92673bb85f2b0c092e4dd6ab3a7fb7_images.jpg
38195.jpg,http://assets.myntassets.com/v1/images/style/properties/8d4ea54cfa75ce7323a1bd4a71f65b79_images.jpg
48216.jpg,http://assets.myntassets.com/v1/images/style/properties/United-Colors-of-Benetton-Men-Brown-Sunglass_50f0b74fc5745f90073797c98f6dbe90_images.jpg
18566.jpg,http://assets.myntassets.com/v1/images/style/properties/a95f68dfe9f48ae648a0e9537804029e_images.jpg
3853.jpg,http://assets.myntassets.com/v1/images/style/properties/a85baa1bed5c1a6143343a649ddc2e44_images.jpg
9109.jpg,http://assets.myntassets.com/v1/images/style/properties/c5beb0b234652e5a2107b33ac8dc4795_images.jpg
26063.jpg,http://assets.myntassets.com/v1/images/style/properties/9e8805f74961391cdf407bd78c4a2a77_images.jpg
56770.jpg,http://assets.myntassets.com/v1/images/style/properties/Horsefly-Men-Grey-Striped-Shirt_56c353166df168d308ece8c0fc9bfe5f_images.jpg
48478.jpg,http://assets.myntassets.com/v1/images/style/properties/French-Connection-Women-Magenta-Dress_2495404dfbe4405b0727e5227f4ae7c4_images.jpg
22295.jpg,http://assets.myntassets.com/v1/images/style/properties/a72d79cc19527ec6226c4b1468a93937_images.jpg
47602.jpg,http://assets.myntassets.com/v1/images/style/properties/ec4ec4fd39d37017a6c76fd22453b2e3_images.jpg
15625.jpg,http://assets.myntassets.com/v1/images/style/properties/c9471c47507bdf051fd7629dcd2b76ef_images.jpg
25276.jpg,http://assets.myntassets.com/v1/images/style/properties/428a34d8503e14b617d142e543d61d66_images.jpg
30596.jpg,http://assets.myntassets.com/v1/images/style/properties/39414190d8127c8f1da89fbe3da01bad_images.jpg
2171.jpg,http://assets.myntassets.com/v1/images/style/properties/87a1f0f1fc587672b699cd014e46a044_images.jpg
37581.jpg,http://assets.myntassets.com/v1/images/style/properties/Madagascar-3-Girls-Green-Shorts_45fe10f444424902577bfd76c4d8f344_images.jpg
47292.jpg,http://assets.myntassets.com/v1/images/style/properties/a6b854d85198f15454b930993794eb7e_images.jpg
25420.jpg,http://assets.myntassets.com/v1/images/style/properties/Nike-Men-Lite-Force-Black-Casual-Shoes_d317b0d810ed645fe8125798b0788356_images.jpg
14969.jpg,http://assets.myntassets.com/v1/images/style/properties/81674d55bdfdf827836f10e24410a971_images.jpg
38502.jpg,http://assets.myntassets.com/v1/images/style/properties/8b01cdf6da60ef9686ea6fcb2063a3cc_images.jpg
8480.jpg,http://assets.myntassets.com/v1/images/style/properties/2db70de84ec8185debaa7def3ed59dff_images.jpg
29014.jpg,http://assets.myntassets.com/v1/images/style/properties/5506e9ea4163341351679b8d6666d3e2_images.jpg
18753.jpg,http://assets.myntassets.com/v1/images/style/properties/747b2d9d8554c10e77c307fde88601ee_images.jpg
29226.jpg,http://assets.myntassets.com/v1/images/style/properties/2bca6b1230a7eef4c57b40af57c168b1_images.jpg
7058.jpg,http://assets.myntassets.com/v1/images/style/properties/05eba7d045c9051c58433dc82db09f3b_images.jpg
49561.jpg,http://assets.myntassets.com/v1/images/style/properties/60ebccadd9fec49537be1d901d859a00_images.jpg
59561.jpg,http://assets.myntassets.com/v1/images/style/properties/Revv-Men-Steel-Ring_da32e3e0ff11e866e07ebcc38a51d5a4_images.jpg
49535.jpg,http://assets.myntassets.com/v1/images/style/properties/c611706cda6543dbbc19dcf1afc7175f_images.jpg
16803.jpg,http://assets.myntassets.com/v1/images/style/properties/e92494e2062b248942fa0a86af93a299_images.jpg
30152.jpg,http://assets.myntassets.com/v1/images/style/properties/25c71a8c995e315e0a43452e296ff8c3_images.jpg
6115.jpg,http://assets.myntassets.com/v1/images/style/properties/40760c89dcece9c5fa30133ffbf69548_images.jpg
38569.jpg,http://assets.myntassets.com/v1/images/style/properties/5488fb05f6f6a8caca483ec16a03b317_images.jpg
47656.jpg,http://assets.myntassets.com/v1/images/style/properties/c0ea59368219c9ec1ea168e2ee7b1cdf_images.jpg
51501.jpg,http://assets.myntassets.com/v1/images/style/properties/8df4b1a54221846932e95130636362df_images.jpg
24304.jpg,http://assets.myntassets.com/v1/images/style/properties/88d3b6b99b72ed528985f4f5a020611f_images.jpg
13572.jpg,http://assets.myntassets.com/v1/images/style/properties/711c8fd68abe1caa6acf27beca006f6b_images.jpg
4484.jpg,http://assets.myntassets.com/v1/images/style/properties/52d4721fe94987fe70d6e8be9c032c94_images.jpg
20334.jpg,http://assets.myntassets.com/v1/images/style/properties/ce44f3227e7d4815f0cae14f5baf9272_images.jpg
49532.jpg,http://assets.myntassets.com/v1/images/style/properties/1e7ff7fef8b82dbdc569d1af3cc3f084_images.jpg
27129.jpg,http://assets.myntassets.com/v1/images/style/properties/957eda7baf80c946fa3e989947e8986d_images.jpg
56982.jpg,http://assets.myntassets.com/v1/images/style/properties/HM-Women-Black-Sandals_315988e75adf75668f2f0f6804c3c374_images.jpg
1906.jpg,http://assets.myntassets.com/v1/images/style/properties/26e0c2c38468e1c7636335c91425dfd6_images.jpg
48070.jpg,http://assets.myntassets.com/v1/images/style/properties/5bb32ba70b4db05fd9ba2eee9927e5e6_images.jpg
10109.jpg,http://assets.myntassets.com/v1/images/style/properties/9fa4929c4fb0fba28aa035f2bd2b7326_images.jpg
23119.jpg,http://assets.myntassets.com/v1/images/style/properties/6c92ee02f8ed5e4fe38319e77041e2f3_images.jpg
14334.jpg,http://assets.myntassets.com/v1/images/style/properties/4cd72a95f3a251f5c00ce49749f733f0_images.jpg
10794.jpg,http://assets.myntassets.com/v1/images/style/properties/52ffea669aa46588332c5cea0b401b05_images.jpg
57053.jpg,http://assets.myntassets.com/v1/images/style/properties/Elle-Pink-Vintage-Dress_e24211ec4af5f99dec5ab8c6d03258d7_images.jpg
34733.jpg,http://assets.myntassets.com/v1/images/style/properties/c648e9527561eb60d6c2574ae3b405c2_images.jpg
46121.jpg,http://assets.myntassets.com/v1/images/style/properties/a8749f8963fcaa7c4d6cca3050a269ba_images.jpg
7206.jpg,http://assets.myntassets.com/v1/images/style/properties/ed25ab270c5afc256bd656a61c00a3cd_images.jpg
57261.jpg,http://assets.myntassets.com/v1/images/style/properties/Murcia-Women-Brown-Handbag_e9a251eb6ad9ca6f01512a495760034a_images.jpg
34357.jpg,http://assets.myntassets.com/v1/images/style/properties/a8cf80e78aee1949fe0ea5b8ca878fb3_images.jpg
15676.jpg,http://assets.myntassets.com/v1/images/style/properties/c111e78bccca474946f5fd406abe4d9c_images.jpg
6320.jpg,http://assets.myntassets.com/v1/images/style/properties/677fab00c95fb00a479cda5a99c77b44_images.jpg
58476.jpg,http://assets.myntassets.com/v1/images/style/properties/Fossil-Men-Brown-Wallet_7afbd4a50306a325e04037adf19f3ce7_images.jpg
33947.jpg,http://assets.myntassets.com/v1/images/style/properties/6f26f3f18c1c0fa2d522cd30706ff32a_images.jpg
47658.jpg,http://assets.myntassets.com/v1/images/style/properties/17f505c3c74bc5a7d8510c0db305bb2c_images.jpg
38331.jpg,http://assets.myntassets.com/v1/images/style/properties/8e559f945895ee577d4b20626608911a_images.jpg
43001.jpg,http://assets.myntassets.com/v1/images/style/properties/b0578e86a4723123e29eb77a7d9efcae_images.jpg
2114.jpg,http://assets.myntassets.com/v1/images/style/properties/bb3f5599ce410571631e9641b72f0536_images.jpg
21481.jpg,http://assets.myntassets.com/v1/images/style/properties/Ice-Men-XXL-White-Watch40d7ac115a5fbebe7c7fd5734a853bb8_images.jpg
43465.jpg,http://assets.myntassets.com/v1/images/style/properties/e998857bbb51a979ebd5f6ed8310a05b_images.jpg
46117.jpg,http://assets.myntassets.com/v1/images/style/properties/1b0bc65f6ef7d4c398c6f740b0874ee0_images.jpg
7230.jpg,http://assets.myntassets.com/v1/images/style/properties/9028d59facf40381bee85a48bba49f5b_images.jpg
9950.jpg,http://assets.myntassets.com/v1/images/style/properties/61b13579b4360a54f52767bebd92033f_images.jpg
6772.jpg,http://assets.myntassets.com/v1/images/style/properties/Timberland-Men-Claremont-Popl-Green-Shirt_db9cfde300a4117df0046bd76127a401_images.jpg
47455.jpg,http://assets.myntassets.com/v1/images/style/properties/Tiptopp-Women-Purple-Sandals_3960f43b30e7d894e787d69b72363320_images.jpg
51702.jpg,http://assets.myntassets.com/v1/images/style/properties/Van-Heusen-Unisex-Purple-Sunglasses_4eb78c97f6d2c7aaba8127f54677e979_images.jpg
17779.jpg,http://assets.myntassets.com/v1/images/style/properties/Reid---Taylor-Men-Classic-Brown-Belt_f5c1278bd2b299acbf14065fc593e750_images.jpg
59301.jpg,http://assets.myntassets.com/v1/images/style/properties/US-Polo-Assn-Men-Olive-Shirt_e1640ff380a4e662815297425dc1e2a1_images.jpg
9702.jpg,http://assets.myntassets.com/v1/images/style/properties/6d44e62fe167b97cdb489fd2f129f7e0_images.jpg
18167.jpg,http://assets.myntassets.com/v1/images/style/properties/dc72e560cf532568e4aaa00f869b92dd_images.jpg
19889.jpg,http://assets.myntassets.com/v1/images/style/properties/b1005c319c03b1ee090d1058cba1f2e1_images.jpg
49167.jpg,http://assets.myntassets.com/v1/images/style/properties/United-Colors-of-Benetton-Men-Black-Sunglass_6ac08cca9eb14d52fb58b580b4af891a_images.jpg
8240.jpg,http://assets.myntassets.com/v1/images/style/properties/Fastrack-Women-Handbags_ee57ada46ba6d71b9936ec56cd923918_images.jpg
7208.jpg,http://assets.myntassets.com/v1/images/style/properties/42262ad259ebd0ed60480ae99699f36e_images.jpg
6547.jpg,http://assets.myntassets.com/v1/images/style/properties/6802d2a661b8c1a8e2ad00db245b718f_images.jpg
15475.jpg,http://assets.myntassets.com/v1/images/style/properties/771fecf8011553c9661ee6a5f559b794_images.jpg
3207.jpg,http://assets.myntassets.com/v1/images/style/properties/1d75840c46ccedbd9163f12d3416e495_images.jpg
51537.jpg,http://assets.myntassets.com/v1/images/style/properties/575721da7ee3322b7e74079117e0ac53_images.jpg
38309.jpg,http://assets.myntassets.com/v1/images/style/properties/a6d630ea6aea637ae8d6919a23be6b4b_images.jpg
10751.jpg,http://assets.myntassets.com/v1/images/style/properties/8834eba9f214687b2d3d2132c864ee46_images.jpg
57096.jpg,http://assets.myntassets.com/v1/image/style/properties/57096/Elle-Women-Black-Capris_1_6970793ab78e161a871f1d1716da62aa.jpg
43462.jpg,http://assets.myntassets.com/v1/images/style/properties/11dd7238eeb76fe599d9ca25cb3537d8_images.jpg
30190.jpg,http://assets.myntassets.com/v1/images/style/properties/8384cd43503534ac72ee330d7b559f3c_images.jpg
8871.jpg,http://assets.myntassets.com/v1/images/style/properties/3703c3cd5f58e15ed0fb1122594c4bbf_images.jpg
22667.jpg,http://assets.myntassets.com/v1/images/style/properties/Wildcraft-Unisex-Black---Red-Duffle-Bag_acb808e27afd5b573bebe6ffeb26f47d_images.jpg
37580.jpg,http://assets.myntassets.com/v1/images/style/properties/Madagascar-3-Girls-Pink-Shorts_de66d9c0ab194d23771cbf16d2c6d222_images.jpg
43859.jpg,http://assets.myntassets.com/v1/images/style/properties/2c22382e5294aecdd8b4f40e482a024f_images.jpg
58875.jpg,http://assets.myntassets.com/v1/images/style/properties/Hakashi-Men-Grey-Tie_cc35b67de825543bce0599f6c8128387_images.jpg
37322.jpg,http://assets.myntassets.com/v1/images/style/properties/715de671b5f8447d21bf216bf05c0aa0_images.jpg
17725.jpg,http://assets.myntassets.com/v1/images/style/properties/174a17c8deabb136ac0e5b889fddd45b_images.jpg
29218.jpg,http://assets.myntassets.com/v1/images/style/properties/f7258695e7b0ae632ed36046a941abe8_images.jpg
14392.jpg,http://assets.myntassets.com/v1/images/style/properties/6d2b2be6c06550eb0cc2f10eb5376a85_images.jpg
44429.jpg,http://assets.myntassets.com/v1/images/style/properties/e2b6f88d23d112f66c955b7404800089_images.jpg
13940.jpg,http://assets.myntassets.com/v1/images/style/properties/6cfa60839c9344969a2962933e2edb69_images.jpg
5158.jpg,http://assets.myntassets.com/v1/images/style/properties/ef75ad041654887f1f43b97c1c4cf327_images.jpg
49594.jpg,http://assets.myntassets.com/v1/images/style/properties/6bd5194b5036c0b4e997cc1b0386aa30_images.jpg
34598.jpg,http://assets.myntassets.com/v1/images/style/properties/4878e99fb4dbbe3569dd54de866aa71d_images.jpg
26401.jpg,http://assets.myntassets.com/v1/images/style/properties/8f60a52265b6eb1352cea2e63551250e_images.jpg
3263.jpg,http://assets.myntassets.com/v1/images/style/properties/ccc896f826849174e061c92081554694_images.jpg
21416.jpg,http://assets.myntassets.com/v1/images/style/properties/ebc9610208a471bb1b3b465a54dc7db4_images.jpg
54677.jpg,http://assets.myntassets.com/v1/images/style/properties/Fastrack-Women-Black-Watch_02a54a2b28aa38615a3f59e2b306435b_images.jpg
23725.jpg,http://assets.myntassets.com/v1/images/style/properties/728e3ee98c6405eef97960f71d8b65a6_images.jpg
26065.jpg,http://assets.myntassets.com/v1/images/style/properties/df0aff70bd28f2e5e6206700541e9394_images.jpg
38997.jpg,http://assets.myntassets.com/v1/images/style/properties/dcd3a570d62f3c6ba564fa1586829694_images.jpg
25426.jpg,http://assets.myntassets.com/v1/images/style/properties/739109fa9def400696ef99a39c559fe7_images.jpg
57006.jpg,http://assets.myntassets.com/v1/images/style/properties/HM-Women-Golden-Sandals_5ee57c6215feac62f40f5c4d56980b0f_images.jpg
13520.jpg,http://assets.myntassets.com/v1/images/style/properties/69e16b344e427bab66229cef7bb2526c_images.jpg
37587.jpg,http://assets.myntassets.com/v1/images/style/properties/3ed9ef6086443198a259ff3a80ecc88c_images.jpg
9130.jpg,http://assets.myntassets.com/v1/images/style/properties/c75e37b1ea9d8819d1ea2f28e548dd43_images.jpg
8472.jpg,http://assets.myntassets.com/v1/images/style/properties/3cef70af884da58832f603332bbbafa3_images.jpg
49755.jpg,http://assets.myntassets.com/v1/images/style/properties/898302f2473949809d1c8659eb567a71_images.jpg
28550.jpg,http://assets.myntassets.com/v1/images/style/properties/a7dc97f8de0db2bb377fbaa87cd80c3c_images.jpg
44278.jpg,http://assets.myntassets.com/v1/images/style/properties/Murcia-Women-Black-Handpainted-Print-Handbag_30d7c9a0bcc7fc9f06301e488eb960bb_images.jpg
12054.jpg,http://assets.myntassets.com/v1/images/style/properties/e37e68b1a32aa9591761d30a13dda480_images.jpg
23521.jpg,http://assets.myntassets.com/v1/images/style/properties/9d837486d37dcfeb4f46ea36b408b59d_images.jpg
56324.jpg,http://assets.myntassets.com/v1/images/style/properties/Fastrack-Women-Blue-Watch_ea948215fd55deba97123fb737a5fe35_images.jpg
48448.jpg,http://assets.myntassets.com/v1/images/style/properties/cd3e70f91c69e35a536d00a4d6e61094_images.jpg
54017.jpg,http://assets.myntassets.com/v1/images/style/properties/1458755ff886c106f071c9e5f8b271c2_images.jpg
23145.jpg,http://assets.myntassets.com/v1/images/style/properties/46c67905c3b3929b471a93e8bab597ee_images.jpg
5390.jpg,http://assets.myntassets.com/v1/images/style/properties/4bde8cb03c1d7fc6d2ba538f0defdfb0_images.jpg
32037.jpg,http://assets.myntassets.com/v1/images/style/properties/496a4d44330959110ea29ca30ed53049_images.jpg
54225.jpg,http://assets.myntassets.com/v1/images/style/properties/Highlander-Men-Khaki-Chinos_51b0c77525e96abb2a62223836bad6a4_images.jpg
43292.jpg,http://assets.myntassets.com/v1/images/style/properties/592c741f302567da6786db0493fc9d13_images.jpg
16090.jpg,http://assets.myntassets.com/v1/images/style/properties/61ac4213854299a62a3090261ae7a8f5_images.jpg
31474.jpg,http://assets.myntassets.com/v1/image/style/properties/31474/Black-Coffee--Brown-Formal-Trousers_1_ca9d5fcf6559f26742706ae4fdd0f716.jpg
30794.jpg,http://assets.myntassets.com/v1/images/style/properties/72dc2f8f3ef384ea67f9c7b3777b4129_images.jpg
22251.jpg,http://assets.myntassets.com/v1/images/style/properties/c4b7b35eaeb42f97435dbf3de7a68c7e_images.jpg
59996.jpg,http://assets.myntassets.com/v1/images/style/properties/Avirate-Purple-Dress_b71dda4bdf4d2f6f30061c8d7bee8cde_images.jpg
20350.jpg,http://assets.myntassets.com/v1/images/style/properties/968409ad6901bd586a4f24bccce26319_images.jpg
39242.jpg,http://assets.myntassets.com/v1/images/style/properties/329ecf5ffe4e4271c81384da709d755d_images.jpg
27976.jpg,http://assets.myntassets.com/v1/images/style/properties/0c2bad58bb3d9d2dd9a5fbb0d4f3f897_images.jpg
30599.jpg,http://assets.myntassets.com/v1/images/style/properties/290c2fcf9322dae924327db48f3e674d_images.jpg
34565.jpg,http://assets.myntassets.com/v1/images/style/properties/7bfde522edea69be4e756a74017c6044_images.jpg
14162.jpg,http://assets.myntassets.com/v1/images/style/properties/f9c0eff506f67f762a6e9e7523c5fc58_images.jpg
57205.jpg,http://assets.myntassets.com/v1/images/style/properties/Kraus-Jeans-Women-White-Capris_915a7260a06630ce6bb30fd62dead2a2_images.jpg
39874.jpg,http://assets.myntassets.com/v1/images/style/properties/146db0db763bb7d165b8428601e9dcd1_images.jpg
28308.jpg,http://assets.myntassets.com/v1/images/style/properties/4c2085c89f27d76ea98848c95095cb41_images.jpg
50676.jpg,http://assets.myntassets.com/v1/images/style/properties/Chromozome-Men-Grey-Melange-Trunks_3b999c8ed8f003b3fae77dbc031fc627_images.jpg
51596.jpg,http://assets.myntassets.com/v1/images/style/properties/f2597b1f531c781e9078dd09aa1e363b_images.jpg
6512.jpg,http://assets.myntassets.com/v1/images/style/properties/b76e4e64948ea709fdbd10465f22ae7b_images.jpg
42175.jpg,http://assets.myntassets.com/v1/images/style/properties/b7b55901b863df5bef05586c72d5280d_images.jpg
51562.jpg,http://assets.myntassets.com/v1/images/style/properties/eadac8104320f7f74f5f070319959792_images.jpg
21271.jpg,http://assets.myntassets.com/v1/images/style/properties/afc0f3105fac8cec4c58afdc5fb55130_images.jpg
59965.jpg,http://assets.myntassets.com/v1/images/style/properties/Avirate-Black-Dress_72727f262875079612f127fe219900d1_images.jpg
3404.jpg,http://assets.myntassets.com/v1/images/style/properties/a8992c45e11e52f4fd8406dff573fd00_images.jpg
8671.jpg,http://assets.myntassets.com/assets/images/8671/2016/2/8/11454915859009-Fastrack-Unisex-Brown-Sunglasses-4681454915858675-1.jpg
28337.jpg,http://assets.myntassets.com/v1/images/style/properties/2b20b1d934b7cca0857c589f9837392d_images.jpg
14961.jpg,http://assets.myntassets.com/v1/images/style/properties/4e072ae82c53939ad249d5690ac96146_images.jpg
26259.jpg,http://assets.myntassets.com/v1/images/style/properties/301ad6d3ac2fc9ef98d0a876a8952cf4_images.jpg
54679.jpg,http://assets.myntassets.com/v1/images/style/properties/Fastrack-Women-Charcoal-Watch_25da3acaeebf9c50c1160b0ddcda1e7e_images.jpg
51905.jpg,http://assets.myntassets.com/v1/images/style/properties/Nyk-Women-Blue-Pacifier-Handbag_a917fa99bbaba8ae305755d7bfba8dfd_images.jpg
48470.jpg,http://assets.myntassets.com/v1/images/style/properties/French-Connection-Teal-Dress_a839f8fad9248ee2fa0595d905c75039_images.jpg
53804.jpg,http://assets.myntassets.com/v1/images/style/properties/Puma-Men-Black-T-shirt_ac8f23f5c365da63bbc4ca6f8c9abcb3_images.jpg
44813.jpg,http://assets.myntassets.com/v1/images/style/properties/eaf571845f8cadc121f5a5d668612c8c_images.jpg
48616.jpg,http://assets.myntassets.com/v1/images/style/properties/6528c2c49c8a9a217a115a1b92799998_images.jpg
31271.jpg,http://assets.myntassets.com/v1/images/style/properties/412ef5879e49ad262dd311941605692d_images.jpg
11676.jpg,http://assets.myntassets.com/v1/images/style/properties/c2b2a2162d933b3dbdb9654e3f2f717d_images.jpg
20131.jpg,http://assets.myntassets.com/v1/images/style/properties/e8710930f913f3123119c4f1e8210111_images.jpg
44646.jpg,http://assets.myntassets.com/v1/images/style/properties/ef7c7900c0cc40ece8b4c2b7c7fb85a4_images.jpg
14136.jpg,http://assets.myntassets.com/v1/images/style/properties/a54e4dc9c77f46f21bd5f81abdf86b35_images.jpg
20303.jpg,http://assets.myntassets.com/v1/images/style/properties/4677b1cca2c96e73614a7da86c9f69a0_images.jpg
7236.jpg,http://assets.myntassets.com/v1/images/style/properties/7e926d8b4eb3029b36b84b97343636f8_images.jpg
27542.jpg,http://assets.myntassets.com/v1/images/style/properties/8218ccf60267adaa5ad120c0766ccc28_images.jpg
38308.jpg,http://assets.myntassets.com/v1/images/style/properties/348a4f0a23cd096cad87ec9b6122101f_images.jpg
58483.jpg,http://assets.myntassets.com/v1/images/style/properties/Fossil-Men-Brown-Wallet_5d6b66fcb3a6ad74da0ad48cf16d572a_images.jpg
17129.jpg,http://assets.myntassets.com/v1/images/style/properties/Lino-Perros-Women-Classic-Black-Handbag2e182e951a5b15a1a7cea2b1fa876265_images.jpg
21813.jpg,http://assets.myntassets.com/v1/images/style/properties/d7ccf3c699cb2d9dd568220110c93fbb_images.jpg
59909.jpg,http://assets.myntassets.com/v1/images/style/properties/Femella-Women-Blue-Dress_d72e6ece2f02a3e6463135454196c3e6_images.jpg
12803.jpg,http://assets.myntassets.com/v1/images/style/properties/b39cdf38ea41b8ea3e377f191c3b4427_images.jpg
15814.jpg,http://assets.myntassets.com/v1/images/style/properties/3fd37bfddff7d86ceca2e93f501e78a5_images.jpg
52529.jpg,http://assets.myntassets.com/v1/images/style/properties/b80233197f4b5331aa5122f6eff3a95b_images.jpg
46129.jpg,http://assets.myntassets.com/v1/images/style/properties/d240e0b154754f97cb3cbc4bef681a36_images.jpg
27922.jpg,http://assets.myntassets.com/v1/images/style/properties/85a9ed1ad2368ee4f35ddb7f6e1b0213_images.jpg
39216.jpg,http://assets.myntassets.com/v1/images/style/properties/364b0cd4d2b9285c9c6165b7d3841813_images.jpg
10333.jpg,http://assets.myntassets.com/v1/images/style/properties/ef7437ba493b004ea315f117da1ae233_images.jpg
17324.jpg,http://assets.myntassets.com/v1/images/style/properties/Pepe-Jeans-Women-Casual-Sunglassesd19e3584cc183079d8f5a32fda64ae67_images.jpg
33145.jpg,http://assets.myntassets.com/v1/images/style/properties/98b0c33bdd28de0f71fb7fd8cce816a9_images.jpg
52340.jpg,http://assets.myntassets.com/v1/image/style/properties/52340/Red-Rose-Women-Blue-Nightdress_1_d56fb81061541a9f226a12385f6e0fb4.jpg
36261.jpg,http://assets.myntassets.com/v1/images/style/properties/SDL-by-Sweet-Dreams-Men-Navy-Blue-Pyjama-Set_141c1c142aa11aa80d4a3dd9e6ba4a7e_images.jpg
49962.jpg,http://assets.myntassets.com/v1/images/style/properties/Hanes-Men-White-Pack-of-3-T-shirts_73f2ff3b855a090684df733d2f9aafcf_images.jpg
34536.jpg,http://assets.myntassets.com/v1/images/style/properties/417bb5c5c664248e3a0b6d1103fa4bc9_images.jpg
7003.jpg,http://assets.myntassets.com/v1/images/style/properties/d1017fe4e53576bdaea39917a0fddaa7_images.jpg
57064.jpg,http://assets.myntassets.com/v1/images/style/properties/Elle-Women-Black-Jackets_76977ae7db047bcdecb691f5191a470a_images.jpg
57099.jpg,http://assets.myntassets.com/v1/images/style/properties/Elle-Women-Purple-Capris_ba9c269844ca3618211e574973923609_images.jpg
38134.jpg,http://assets.myntassets.com/v1/images/style/properties/64114f951e08db4701cac04bea59b094_images.jpg
53439.jpg,http://assets.myntassets.com/v1/images/style/properties/Adidas-Men-Black-Flip-Flops_47e2a0c72509e8eb2c789db61e3ae545_images.jpg
54876.jpg,http://assets.myntassets.com/v1/images/style/properties/Ivory-Tag-Women-Green-Droplets-Necklace_8b3ab55e8132eebf6a06ee661322f2a6_images.jpg
59567.jpg,http://assets.myntassets.com/v1/images/style/properties/Revv-Men-Black-and-Steel-Cufflinks_d1d2aea6c9f095c2825e8b777918afed_images.jpg
18391.jpg,http://assets.myntassets.com/v1/images/style/properties/bb052d18f41476ff96a51e7449af5b6b_images.jpg
57409.jpg,http://assets.myntassets.com/v1/images/style/properties/Amante-Women-White-Diva-Brief_dd35ced1935c2799e406830d3f4774b2_images.jpg
33970.jpg,http://assets.myntassets.com/v1/images/style/properties/Femella-Women-Navy-Blue-Dress_03288d835107e57393e71aecfdd7e263_images.jpg
29280.jpg,http://assets.myntassets.com/v1/images/style/properties/cd9c2ca357b837f8ad6004591652cbac_images.jpg
48085.jpg,http://assets.myntassets.com/v1/images/style/properties/b5aeff7905b2fcc2f83c570b67606076_images.jpg
18168.jpg,http://assets.myntassets.com/v1/images/style/properties/bcd2ae1025bc8ef982251048026b6f8c_images.jpg
24302.jpg,http://assets.myntassets.com/v1/images/style/properties/6758b353ff51c036b4873930ad31eb6b_images.jpg
40223.jpg,http://assets.myntassets.com/v1/images/style/properties/7557a88130216c14c3c2edbaf7350fdc_images.jpg
37143.jpg,http://assets.myntassets.com/v1/images/style/properties/d26383ff7df9fd18d506258b3fe029f4_images.jpg
51351.jpg,http://assets.myntassets.com/v1/images/style/properties/ea17e3c22e24dc1da0378e7b84b9bbf7_images.jpg
43694.jpg,http://assets.myntassets.com/v1/images/style/properties/00ed19aed90b0d89a7ca455fd3ee1ddc_images.jpg
52520.jpg,http://assets.myntassets.com/v1/images/style/properties/Pepe-Jeans-Men-Beige-Shorts_c2f01857ae27dfb874322cd955924d38_images.jpg
20564.jpg,http://assets.myntassets.com/v1/images/style/properties/Baggit-Women-Turnoff-Taj-Brown-Wallet_341f7646667bc200d4549f4664a02439_images.jpg
43204.jpg,http://assets.myntassets.com/v1/images/style/properties/3a1d2c525d26c691181b577f69d8ef0f_images.jpg
13574.jpg,http://assets.myntassets.com/v1/images/style/properties/0836005638c27479a95084d3d3d72c7c_images.jpg
19620.jpg,http://assets.myntassets.com/v1/images/style/properties/39428aee38229d31fef7ef112af0625e_images.jpg
50419.jpg,http://assets.myntassets.com/v1/images/style/properties/5237a08e4e0310a752e7865cb3980595_images.jpg
28503.jpg,http://assets.myntassets.com/v1/images/style/properties/a8a133fcfcc061f38526dfd3045c96b8_images.jpg
47668.jpg,http://assets.myntassets.com/v1/images/style/properties/387740c92a22dd66a182ec1d978aeccc_images.jpg
15825.jpg,http://assets.myntassets.com/v1/images/style/properties/a3ef2f0d4662565418ac8c5fefd1fb4f_images.jpg
26835.jpg,http://assets.myntassets.com/v1/images/style/properties/833d5af5931bc49db3509fd04a61cf4e_images.jpg
16233.jpg,http://assets.myntassets.com/v1/images/style/properties/1881c89e56bac5ddaff89853aebda93f_images.jpg
52371.jpg,http://assets.myntassets.com/v1/images/style/properties/Red-Rose-Women-Blue-Nightdress_2943c7eea0b11e5aeabd56a272e56d36_images.jpg
20563.jpg,http://assets.myntassets.com/v1/images/style/properties/Baggit-Women-Turnoff-Taj-Green-Wallet03d4d1db9c3a59485ff4c581d6dd0b0f_images.jpg
8846.jpg,http://assets.myntassets.com/v1/images/style/properties/445350cc9813ac9b11ae95a723e71314_images.jpg
2540.jpg,http://assets.myntassets.com/v1/images/style/properties/5f611785a233aea6126b6a31b44099b1_images.jpg
8248.jpg,http://assets.myntassets.com/v1/images/style/properties/c9102f3e12c9abd6ea7c595d3aae4487_images.jpg
41302.jpg,http://assets.myntassets.com/v1/images/style/properties/ef602db2ae2b3d0b8d4aaca292811ddd_images.jpg
51356.jpg,http://assets.myntassets.com/v1/images/style/properties/bba7c6f75bde0a6da71c5e4591a09de3_images.jpg
32604.jpg,http://assets.myntassets.com/v1/images/style/properties/76bf4520339980f3b34064e52f9f9f79_images.jpg
30705.jpg,http://assets.myntassets.com/v1/images/style/properties/28213a8023021baac39972fa5bb917e7_images.jpg
13091.jpg,http://assets.myntassets.com/v1/images/style/properties/6e253b76ba8c9f5e800e60a1fc5af9f5_images.jpg
6066.jpg,http://assets.myntassets.com/v1/images/style/properties/UCB-Mens-Polo-Neck-Striper-Heavy-Wash-Black-Pink-T-shirt_b6c0a73be77e493335c2625068096798_images.jpg
15968.jpg,http://assets.myntassets.com/v1/images/style/properties/149a5f393576f1c7fc503f67825ff02b_images.jpg
42091.jpg,http://assets.myntassets.com/v1/images/style/properties/f2ab0a35b30b6e1195fb7b42f860c0e1_images.jpg
43371.jpg,http://assets.myntassets.com/v1/images/style/properties/Reebok-Men-White-Acciomax-III-Sports-Shoes_6d100bb2e8e36532b99705bc04c6d117_images.jpg
2056.jpg,http://assets.myntassets.com/v1/images/style/properties/9e91d7f128ac027f322200c37523d88b_images.jpg
22983.jpg,http://assets.myntassets.com/v1/images/style/properties/6ac12e809c2d3c94c933bb32d6c0133c_images.jpg
45885.jpg,http://assets.myntassets.com/v1/images/style/properties/76585d3123aa240de3afadc5025fb298_images.jpg
16948.jpg,http://assets.myntassets.com/v1/images/style/properties/Image-Men-Classic-Eyewear-Brown-Sunglasses00d93673b8fa531a103f4e991495f66f_images.jpg
31564.jpg,http://assets.myntassets.com/v1/images/style/properties/275aeb9bdd9cf95f4c36f7c78e601da8_images.jpg
52660.jpg,http://assets.myntassets.com/v1/images/style/properties/Modacc-Women-Pink---Beige-Handbag_cbfe6c6f01314b90e6ff969e27a4cfc1_images.jpg
49228.jpg,http://assets.myntassets.com/v1/images/style/properties/Calzini-Men-Pack-of-5-Sport-Socks_4e9a8cd6db51a302c14fef053bc23062_images.jpg
51011.jpg,http://assets.myntassets.com/v1/images/style/properties/dbb262c97640c791733f97d127a8d770_images.jpg
14081.jpg,http://assets.myntassets.com/v1/images/style/properties/f41223f70375553484de8a69f935b0f5_images.jpg
59872.jpg,http://assets.myntassets.com/v1/images/style/properties/Femella-Women-Grey-Top_32694195d4fd3599345a998c438f00d0_images.jpg
25190.jpg,http://assets.myntassets.com/v1/images/style/properties/d59edb22a3433340d97f53fe8f756198_images.jpg
26715.jpg,http://assets.myntassets.com/v1/images/style/properties/810daf4390e81994b728fd084104282c_images.jpg
32588.jpg,http://assets.myntassets.com/v1/images/style/properties/9f19c9b80b06842da769ed5129aa00f5_images.jpg
27866.jpg,http://assets.myntassets.com/v1/images/style/properties/1e7ef2349d78ff91a61e96368895e6c2_images.jpg
49673.jpg,http://assets.myntassets.com/v1/images/style/properties/cd1928e97cf01080558e13ba314bb88a_images.jpg
9486.jpg,http://assets.myntassets.com/v1/images/style/properties/9a65bf1b96e82414c5e73c7aa1f71f6d_images.jpg
39504.jpg,http://assets.myntassets.com/v1/images/style/properties/a246298d1bcd9405c64a0a585170133c_images.jpg
32924.jpg,http://assets.myntassets.com/v1/images/style/properties/c57dcf10131a8c41307e01dee9de22c7_images.jpg
19593.jpg,http://assets.myntassets.com/v1/images/style/properties/5d9cae3f21affffb88593793662c9850_images.jpg
24419.jpg,http://assets.myntassets.com/v1/images/style/properties/717c1cf1785461909d080418b2444acb_images.jpg
27892.jpg,http://assets.myntassets.com/v1/images/style/properties/2b1eab26521251f31d022a81844a0ea2_images.jpg
22713.jpg,http://assets.myntassets.com/v1/images/style/properties/Nike-Women-Grey-Air-Max-2011-Sports-Shoes_5146526f558c72320bbec1d60710aa60_images.jpg
2255.jpg,http://assets.myntassets.com/v1/images/style/properties/858b2133d3bff26a32ea081e8928a73a_images.jpg
17064.jpg,http://assets.myntassets.com/v1/images/style/properties/74d0500afab80da66e311d723c64746a_images.jpg
58505.jpg,http://assets.myntassets.com/v1/images/style/properties/Tonga-Women-Printed-Brown-Dress_9ca7c682d9c9a27a1e83b9078489047e_images.jpg
36922.jpg,http://assets.myntassets.com/v1/images/style/properties/ceaad566ee4c4e7e37dd8e379e8fc479_images.jpg
15966.jpg,http://assets.myntassets.com/v1/images/style/properties/ab629e48b306621669f872f718968e87_images.jpg
37000.jpg,http://assets.myntassets.com/v1/images/style/properties/37938ecdd83920d88a0985c8b706012c_images.jpg
3710.jpg,http://assets.myntassets.com/v1/images/style/properties/de7ff03f845a017c0c1172bb22ec7920_images.jpg
13295.jpg,http://assets.myntassets.com/v1/images/style/properties/e64da3fa59341d9592ad24c002c2ff09_images.jpg
52235.jpg,http://assets.myntassets.com/v1/images/style/properties/Pepe-Jeans-Men-Dark-Blue-Jeans_688696aa2375a9d6f9fd1495f4a5119e_images.jpg
57111.jpg,http://assets.myntassets.com/v1/images/style/properties/Elle-Women-Blue-Top_3c50977425eeec7d7f6ed4ebda35a9f1_images.jpg
18226.jpg,http://assets.myntassets.com/v1/images/style/properties/beac0e72da48c07682e18afc0b11a0ea_images.jpg
4952.jpg,http://assets.myntassets.com/v1/images/style/properties/9220d1f461ad85fba95f7716c9b5f5bb_images.jpg
53748.jpg,http://assets.myntassets.com/v1/images/style/properties/Adidas-Women-Grey-Track-Pants_4d1f751cebc6120e5d0909ec11e13cec_images.jpg
59040.jpg,http://assets.myntassets.com/v1/images/style/properties/Carlton-London-Women-Red-Sandals_c71797786fffb300b7b2ca09da760373_images.jpg
26985.jpg,http://assets.myntassets.com/v1/images/style/properties/508fac018c0ab4d718af76803514367e_images.jpg
16946.jpg,http://assets.myntassets.com/v1/images/style/properties/Image-Women-Classic-Eyewear-Maroon-Sunglasses397ba5a575d82a9cb699a6a6d203965b_images.jpg
9685.jpg,http://assets.myntassets.com/v1/images/style/properties/760fcf94689270671c950909f8f89c17_images.jpg
11951.jpg,http://assets.myntassets.com/v1/images/style/properties/Ganuchi-Men-Blue-Shoes_c12b1a1ebac43ca3a60ed85e66986fd5_images.jpg
48166.jpg,http://assets.myntassets.com/v1/images/style/properties/60cbcd36157c1548a9c5f5e2d0c9351f_images.jpg
28413.jpg,http://assets.myntassets.com/v1/images/style/properties/IDEE-Men-Metallic-Sunglasses455db43aeedc40903c604753684e46c3_images.jpg
6699.jpg,http://assets.myntassets.com/v1/images/style/properties/0d879bb344bcd4974b7cb20cf4ffd4cf_images.jpg
25902.jpg,http://assets.myntassets.com/v1/images/style/properties/ba09ddac7e8a32b06113e4ebb1ba5dd8_images.jpg
20487.jpg,http://assets.myntassets.com/v1/images/style/properties/Baggit-Women-Golmaal-Taj-Black-Handbag386cc4fef950bb1ca0bd7bf492329ac5_images.jpg
42235.jpg,http://assets.myntassets.com/v1/images/style/properties/056b0c00ee933a08802ce4a2af2edef9_images.jpg
25333.jpg,http://assets.myntassets.com/v1/image/style/properties/25333/Casio-Women-Sheen-Grey-Dial-Watch_1_2b2859b9fb08fde49a6c7c57c4be5303.jpg
28048.jpg,http://assets.myntassets.com/v1/images/style/properties/e1c0d13064d33f1c76c4a278bee9a1ab_images.jpg
8704.jpg,http://assets.myntassets.com/v1/images/style/properties/Fastrack-Women-Hip-Hop-Red-Sunglasses2e1d0fca52916b0a79baa0f942bf6611_images.jpg
3788.jpg,http://assets.myntassets.com/v1/images/style/properties/c4e6b070e89840f73eb03d5c1df6e3ea_images.jpg
27038.jpg,http://assets.myntassets.com/v1/images/style/properties/Yelloe-Beige-Easy-To-Handle-Handbagb2a2c1ab863b52dbc316a15f55032d5d_images.jpg
38216.jpg,http://assets.myntassets.com/v1/images/style/properties/42c2b3e419722026b2c8f30b8690d494_images.jpg
31995.jpg,http://assets.myntassets.com/v1/images/style/properties/Playboy-Men-Navy-Socks_4726eff9da11c534f5b8c9484b251476_images.jpg
43589.jpg,http://assets.myntassets.com/v1/images/style/properties/4c24870203b2bd65000a539ca0cf1be3_images.jpg
9246.jpg,http://assets.myntassets.com/v1/images/style/properties/cb6f5357fc005d10fa6ecbc49e896cd5_images.jpg
4901.jpg,http://assets.myntassets.com/v1/images/style/properties/89435fce339863c76b201ab3348955a8_images.jpg
43770.jpg,http://assets.myntassets.com/v1/images/style/properties/ef0d4ae39d1c4fa388e4902ed76a2e4b_images.jpg
13232.jpg,http://assets.myntassets.com/v1/images/style/properties/6d39ae910b4d68a1ee77359294100835_images.jpg
37295.jpg,http://assets.myntassets.com/v1/image/style/properties/37295/Casio-Men-Black-Watch_1_910aa27dbdda015cebfb74207142191d.jpg
23037.jpg,http://assets.myntassets.com/v1/images/style/properties/12a0343dedcfba1a3373cb07165877dc_images.jpg
51417.jpg,http://assets.myntassets.com/v1/images/style/properties/6f4acc6c8ac2cfc55ce0c7c38a4938ff_images.jpg
28289.jpg,http://assets.myntassets.com/v1/images/style/properties/Fastrack-Men-Grey-Sunglassesf45f2b80100bab6e76268de1c11ef870_images.jpg
43784.jpg,http://assets.myntassets.com/v1/images/style/properties/bff0b40ef4b9e263d5582c0662004f3c_images.jpg
23453.jpg,http://assets.myntassets.com/v1/images/style/properties/c6b56f1cd12df4e4aa88e0a653976837_images.jpg
21304.jpg,http://assets.myntassets.com/v1/images/style/properties/cf12716f2eb1f9e17ad5e02231c8d357_images.jpg
13835.jpg,http://assets.myntassets.com/v1/images/style/properties/885a00a24a449184020ebce3c50241d2_images.jpg
48391.jpg,http://assets.myntassets.com/v1/images/style/properties/425cf259623494b638fb26abd93b1eb4_images.jpg
14648.jpg,http://assets.myntassets.com/v1/images/style/properties/70a168a7a238e7c9463c6d4d070a719f_images.jpg
32970.jpg,http://assets.myntassets.com/v1/images/style/properties/af755b0e1f45882ad18122410786c0f1_images.jpg
23802.jpg,http://assets.myntassets.com/v1/images/style/properties/810c9630c6735666c92ba47c32b3cc4c_images.jpg
18627.jpg,http://assets.myntassets.com/v1/images/style/properties/b958a033c01c5cd7063a42b76d2b66ed_images.jpg
40108.jpg,http://assets.myntassets.com/v1/images/style/properties/e80ad20b84c6abd7017dbff8c36885c2_images.jpg
23668.jpg,http://assets.myntassets.com/v1/images/style/properties/6eb0bd3772bcc6019bbb762702b41360_images.jpg
8190.jpg,http://assets.myntassets.com/v1/images/style/properties/605621468b16668332bb12acb760462c_images.jpg
20670.jpg,http://assets.myntassets.com/v1/images/style/properties/6340d0bbf96595c5ff8141e937f5d4d3_images.jpg
5012.jpg,http://assets.myntassets.com/v1/images/style/properties/2857be54bad71294df46bf8b09171714_images.jpg
49618.jpg,http://assets.myntassets.com/v1/images/style/properties/b0a1317f10e648c12dfd29bbf1c19761_images.jpg
31702.jpg,http://assets.myntassets.com/v1/images/style/properties/c6eed8b57b5941b77a791129b54d2636_images.jpg
15335.jpg,http://assets.myntassets.com/v1/images/style/properties/37289bf7c9249f85fd1325683799e4a6_images.jpg
18618.jpg,http://assets.myntassets.com/v1/images/style/properties/5f983aaa15714d35a9d2ecce8c102018_images.jpg
18412.jpg,http://assets.myntassets.com/v1/images/style/properties/6d7c3949ad6f784c45e179ea26d5995e_images.jpg
10029.jpg,http://assets.myntassets.com/v1/images/style/properties/cb273208c26f6ddaf749b9fb11b827b1_images.jpg
4930.jpg,http://assets.myntassets.com/v1/images/style/properties/7e55c91fd32cc683374d5e1620fb40b1_images.jpg
11933.jpg,http://assets.myntassets.com/v1/images/style/properties/3dd4ca0cbf1fd2697b89563f4588cb89_images.jpg
5218.jpg,http://assets.myntassets.com/v1/images/style/properties/1f750fb8c495757b13e3c19db1af0bde_images.jpg
8507.jpg,http://assets.myntassets.com/v1/images/style/properties/23c0e465cc4a03bb77a256af8efbe901_images.jpg
15756.jpg,http://assets.myntassets.com/v1/images/style/properties/6099d11f684b87a2a0106080018ad0b0_images.jpg
4133.jpg,http://assets.myntassets.com/v1/images/style/properties/4d9d74cc147b2ed7f73eb58b172cfee0_images.jpg
51426.jpg,http://assets.myntassets.com/v1/images/style/properties/d986e1212909d59253f3c3ca78a5ac6a_images.jpg
53527.jpg,http://assets.myntassets.com/v1/image/style/properties/53527/Amante-Women-Maroon-Brief_1_904be92061417e3e3f0d1d51b4e4e88c.jpg
5471.jpg,http://assets.myntassets.com/v1/images/style/properties/64bdc44e683e8d5097430ae168a36ae1_images.jpg
58309.jpg,http://assets.myntassets.com/v1/images/style/properties/Jockey-Men-Pack-of-3-Socks_5a2d2621b74c750ea6f04e6473f3036b_images.jpg
54392.jpg,http://assets.myntassets.com/v1/images/style/properties/Baggit-Women-Red-Handbag_dd1ac2c5491302675f075a4f26fd122b_images.jpg
14613.jpg,http://assets.myntassets.com/v1/images/style/properties/7e0c6f00f5ba46258beaa6997dea5f95_images.jpg
28821.jpg,http://assets.myntassets.com/v1/images/style/properties/9ce2ef6ca55b483bafdbbaed810d92b2_images.jpg
43510.jpg,http://assets.myntassets.com/v1/images/style/properties/French-Connection-Women-Maroon-Dress_2d944ccf4565ea1305a7015a6fdf67f1_images.jpg
2637.jpg,http://assets.myntassets.com/v1/images/style/properties/cb62909006f0b8cad1402335cb1ae23d_images.jpg
12180.jpg,http://assets.myntassets.com/v1/images/style/properties/c81f439c228496427353a55fe8b2991c_images.jpg
57110.jpg,http://assets.myntassets.com/v1/images/style/properties/Elle-Women-Blue-Shirt_bb537b5022e06cc7505fb4bf7677654a_images.jpg
32587.jpg,http://assets.myntassets.com/v1/images/style/properties/26902fcf3a33ef3199cea6f456ffa07b_images.jpg
39953.jpg,http://assets.myntassets.com/v1/images/style/properties/5be7d4255d2e32e84b8e98913ed228aa_images.jpg
53776.jpg,http://assets.myntassets.com/v1/images/style/properties/Puma-Men-Green-Shorts_20e4aaff7092fd41aed774c4cdd7d9d9_images.jpg
51021.jpg,http://assets.myntassets.com/v1/images/style/properties/93fa83dd2cbff9ad55d826aa5f260638_images.jpg
23401.jpg,http://assets.myntassets.com/v1/images/style/properties/Spykar-Mens-Jeans_720378d9cf72990f808dea5a457d4552_images.jpg
29907.jpg,http://assets.myntassets.com/v1/images/style/properties/bfb1f44a3d4ae238b3c9c678e70638da_images.jpg
17406.jpg,http://assets.myntassets.com/v1/images/style/properties/Reid---Taylor-Men-Stripes-Brown-Socksd768f15145bc4b53aff4913540c8b3cd_images.jpg
24416.jpg,http://assets.myntassets.com/v1/images/style/properties/96de2ca13e943bc92b3519ae086de919_images.jpg
31792.jpg,http://assets.myntassets.com/v1/images/style/properties/35deb7378fc4be14d8a498d43e9f2c31_images.jpg
26725.jpg,http://assets.myntassets.com/v1/images/style/properties/7b9a0f0af91ae45461870fb9af3363da_images.jpg
16382.jpg,http://assets.myntassets.com/v1/images/style/properties/4455721a7791e01e6b98562032801077_images.jpg
27856.jpg,http://assets.myntassets.com/v1/images/style/properties/bb86e4f20bb2841ef5affdd29e858bb9_images.jpg
43379.jpg,http://assets.myntassets.com/v1/images/style/properties/9255e5ddff9c751a7c75da63cbc037e7_images.jpg
46895.jpg,http://assets.myntassets.com/v1/images/style/properties/984e455064d5a1f47dd559a57d7f6e0f_images.jpg
2092.jpg,http://assets.myntassets.com/v1/images/style/properties/126ceb776d88482e334e98cd4505d1bc_images.jpg
30647.jpg,http://assets.myntassets.com/v1/images/style/properties/0014fe3387bbe0be3c4c90f46eb4fdec_images.jpg
17401.jpg,http://assets.myntassets.com/v1/images/style/properties/56cac91c8597a2ccb879b30248580786_images.jpg
8904.jpg,http://assets.myntassets.com/v1/images/style/properties/70c6e83951131fd7f1d80319e21671af_images.jpg
39954.jpg,http://assets.myntassets.com/v1/images/style/properties/Gas-Men-Blue-Flip-Flops_9cc1a33fffa91feb0b027fafe581ea47_images.jpg
11530.jpg,http://assets.myntassets.com/v1/images/style/properties/25d1147e684bfa23ecbb84002e3dc48e_images.jpg
15190.jpg,http://assets.myntassets.com/v1/images/style/properties/a6ab5734b8794b53692fc7b1b367fee0_images.jpg
20613.jpg,http://assets.myntassets.com/v1/images/style/properties/531c6835c9b2fecb7eb7dc81bf1432d4_images.jpg
17091.jpg,http://assets.myntassets.com/v1/images/style/properties/c41e2c2a64708807426a982879858b28_images.jpg
43341.jpg,http://assets.myntassets.com/v1/images/style/properties/Reebok-Men-REALFLEX-OPTIMAL-White-Sports-Shoes_6e49515f918bc0fb66df906799386112_images.jpg
14614.jpg,http://assets.myntassets.com/v1/images/style/properties/3d198a8607ecfead8f1bce016b73ffae_images.jpg
3729.jpg,http://assets.myntassets.com/v1/images/style/properties/994d88fb585a11e11ca8c9075af2d2c5_images.jpg
15967.jpg,http://assets.myntassets.com/v1/images/style/properties/cb21ac6759f9910d3ee6c7509e8f7e34_images.jpg
3943.jpg,http://assets.myntassets.com/v1/images/style/properties/40b030290e182b1382ae9766e71425ef_images.jpg
30678.jpg,http://assets.myntassets.com/v1/images/style/properties/d06156fdd0807bbf2679d76f4c601ee6_images.jpg
42258.jpg,http://assets.myntassets.com/v1/images/style/properties/John-Players-Men-Blue-Jeans_e353d1e99bde22c08743effd66127002_images.jpg
10871.jpg,http://assets.myntassets.com/v1/images/style/properties/df5f62644c7e53ab7cd7e31c2b1cdf32_images.jpg
25950.jpg,http://assets.myntassets.com/v1/images/style/properties/0d8c9420e221a331ea83327066c6aff3_images.jpg
31934.jpg,http://assets.myntassets.com/v1/images/style/properties/81688470424dcc5ab18ad3859096390d_images.jpg
19762.jpg,http://assets.myntassets.com/v1/images/style/properties/Ice-Men-Carbon-Black-Watch4fc8e9f283e1980c284736428ca32d6c_images.jpg
14841.jpg,http://assets.myntassets.com/v1/images/style/properties/ffc3f36d6a2908f1119f2508be549267_images.jpg
15993.jpg,http://assets.myntassets.com/v1/images/style/properties/9a042c05efef26ef8cb5c07a5950b178_images.jpg
38844.jpg,http://assets.myntassets.com/v1/images/style/properties/effa1e63a0f7404beb73b10c5c8e9968_images.jpg
42251.jpg,http://assets.myntassets.com/v1/images/style/properties/c7c5a14c56a8c07798ff7e3c9a841f98_images.jpg
24285.jpg,http://assets.myntassets.com/v1/images/style/properties/19f11e4afcce7be23b8d1c455cc7a78f_images.jpg
52205.jpg,http://assets.myntassets.com/v1/images/style/properties/Lencia-Sterling-Silver-Pendant_f8c632f7898df2c4b86c18243728abcf_images.jpg
2050.jpg,http://assets.myntassets.com/v1/images/style/properties/8be38dcd5c51c065ad639cdd3b5b0246_images.jpg
50304.jpg,http://assets.myntassets.com/v1/images/style/properties/f76fb07436065772d8549ee786e13b77_images.jpg
26384.jpg,http://assets.myntassets.com/v1/images/style/properties/44d49213b5eca0c88116f3687349590b_images.jpg
34473.jpg,http://assets.myntassets.com/v1/images/style/properties/7305cadd9995c4ce78ebe693ec2acbc8_images.jpg
14848.jpg,http://assets.myntassets.com/v1/images/style/properties/06dbb30740201eecf7190f665acd558b_images.jpg
17850.jpg,http://assets.myntassets.com/v1/images/style/properties/83e952021d7df72beb2e81bb902f4fb9_images.jpg
42860.jpg,http://assets.myntassets.com/v1/images/style/properties/08f8d2c298ce460a0f1f3ccad0826b40_images.jpg
35932.jpg,http://assets.myntassets.com/v1/images/style/properties/b47b6030b70aedb726066a872a3b16b3_images.jpg
21956.jpg,http://assets.myntassets.com/v1/images/style/properties/537564e3bc031669a00820effbae2acd_images.jpg
7179.jpg,http://assets.myntassets.com/v1/images/style/properties/c2e68881867bfae2a0692b42cbce6ae3_images.jpg
6897.jpg,http://assets.myntassets.com/v1/images/style/properties/33393c5c5024fc0e87d2f6a8489912f7_images.jpg
32589.jpg,http://assets.myntassets.com/v1/images/style/properties/19908a9261855e10aea7ba6ae4aed469_images.jpg
57922.jpg,http://assets.myntassets.com/v1/images/style/properties/Femella-Women-Purple-Leggings_43a95ff93ca3ca12641de3303def5f04_images.jpg
52834.jpg,http://assets.myntassets.com/v1/images/style/properties/Adrika-Women-Turquoise-Blue-Earrings_4d2288e14a6593cb151ec54552c4d67d_images.jpg
39505.jpg,http://assets.myntassets.com/v1/images/style/properties/b63117d3c6c0088b7c89fdd12ce92258_images.jpg
25966.jpg,http://assets.myntassets.com/v1/images/style/properties/0f1bfb0e8b0ab45c13d4fa54a516c677_images.jpg
4398.jpg,http://assets.myntassets.com/v1/images/style/properties/9019effc3980f9cb6acbc53fe19d3d0b_images.jpg
44703.jpg,http://assets.myntassets.com/v1/images/style/properties/f91f672e77bfbaa9add73947f8ae21c7_images.jpg
53586.jpg,http://assets.myntassets.com/v1/images/style/properties/Q-Q-Men-Steel-Watch_1b346e78d995a10e58a780c5d2c812ca_images.jpg
31562.jpg,http://assets.myntassets.com/v1/images/style/properties/4b37dff820033c393123616f0e4e9c96_images.jpg
33235.jpg,http://assets.myntassets.com/v1/images/style/properties/Arrow-Men-Blue-Check-Shirt_95b7d1319ebd155c0dfc5ed88fffdd57_images.jpg
37695.jpg,http://assets.myntassets.com/v1/images/style/properties/213c1b7edd777f4210b75b5c880ad76f_images.jpg
4192.jpg,http://assets.myntassets.com/v1/images/style/properties/d9442e7afb62f9966eba6760397193b4_images.jpg
51641.jpg,http://assets.myntassets.com/v1/images/style/properties/eb83a9ff298d50e355e25bf83d42ccd7_images.jpg
23053.jpg,http://assets.myntassets.com/v1/images/style/properties/cfe8adb0f798479b9eb87c13fe8d3327_images.jpg
17266.jpg,http://assets.myntassets.com/v1/images/style/properties/abbef5418d039e166ba3fb0e6844e308_images.jpg
56232.jpg,http://assets.myntassets.com/v1/images/style/properties/SDL-by-Sweet-Dreams-Men-Blue---Grey-Pyjama-Set_8f582006ec0eaf4525e1b1511079f30f_images.jpg
42893.jpg,http://assets.myntassets.com/v1/images/style/properties/449669739a617db501ad9aa7f21ed4c0_images.jpg
11368.jpg,http://assets.myntassets.com/v1/images/style/properties/ec66d66e4239c10581af8b468f67aa75_images.jpg
39502.jpg,http://assets.myntassets.com/v1/images/style/properties/d98455643fbb2b09f23aa5209f56a753_images.jpg
13867.jpg,http://assets.myntassets.com/v1/images/style/properties/8b30d2a6190252a5be9b2a3cdd61f2b6_images.jpg
57925.jpg,http://assets.myntassets.com/v1/images/style/properties/Femella-Women-Charcoal-Leggings_ff302de35831114ddeef4848c0555b28_images.jpg
11992.jpg,http://assets.myntassets.com/v1/images/style/properties/c22ea29d9392e9cdd03d789fabe2c804_images.jpg
43189.jpg,http://assets.myntassets.com/v1/images/style/properties/0a61c8b033ae9e9f7e2e4bb4c56d0042_images.jpg
34249.jpg,http://assets.myntassets.com/v1/images/style/properties/Proline-Men-Black-Shorts_65d132df4b93a5a2aaab9675fffa15b9_images.jpg
50966.jpg,http://assets.myntassets.com/v1/images/style/properties/26beaae09d3d2b7a7511a09355645f71_images.jpg
1827.jpg,http://assets.myntassets.com/v1/images/style/properties/e9441f875b874c180252e0a7f1a42d8f_images.jpg
38828.jpg,http://assets.myntassets.com/v1/images/style/properties/3b4bd0a358b762c7cbba58ffa274900d_images.jpg
53941.jpg,http://assets.myntassets.com/v1/images/style/properties/KIARA-Women-Grey-Handbag_5901463fa5c594ea1eaacad1c96bcbb5_images.jpg
3926.jpg,http://assets.myntassets.com/v1/images/style/properties/c89612b64bc685c50037313fbcbb3817_images.jpg
18245.jpg,http://assets.myntassets.com/v1/images/style/properties/96ca0347c4d87fdc8e0cb1e71b6de530_images.jpg
10814.jpg,http://assets.myntassets.com/v1/images/style/properties/7d037ac6eb6336abac1f95d0659d1d47_images.jpg
25304.jpg,http://assets.myntassets.com/v1/images/style/properties/9b8cb368a72d03d8f1970aa91af06028_images.jpg
25136.jpg,http://assets.myntassets.com/v1/images/style/properties/Lino-Perros-Women-Gold-Clutch_7db7a9edb1ceb62a17694f249a69bb1c_images.jpg
43586.jpg,http://assets.myntassets.com/v1/images/style/properties/7e9d58b38746d75be648d2affbc72197_images.jpg
10813.jpg,http://assets.myntassets.com/v1/images/style/properties/e8bf19b36c3a3b8c760477858c9b683c_images.jpg
39797.jpg,http://assets.myntassets.com/v1/images/style/properties/f9c0b460eea3169eaf0eb54be1c256d5_images.jpg
4936.jpg,http://assets.myntassets.com/v1/images/style/properties/a78c09f65d277c93fea636d2a50d60db_images.jpg
32971.jpg,http://assets.myntassets.com/v1/images/style/properties/90b4d0e2035e7a416af56ea270b29e83_images.jpg
50995.jpg,http://assets.myntassets.com/assets/images/50995/2015/8/21/11440152648809-Enamor-Pink-Smooth-Bra-3311440152648467-1.jpg
52438.jpg,http://assets.myntassets.com/v1/images/style/properties/Red-Rose-Pink---White-Nightdress_bbacfa5cdae683d89369720f412a2d3a_images.jpg
50961.jpg,http://assets.myntassets.com/v1/images/style/properties/2db1a6e5f9f30c6ff080807ae414ad24_images.jpg
43912.jpg,http://assets.myntassets.com/v1/images/style/properties/c056ace3027cab7f565b0a8b78d1ef6c_images.jpg
36384.jpg,http://assets.myntassets.com/v1/images/style/properties/11d316fee960e2e57e719b3fa7bf1eba_images.jpg
56261.jpg,http://assets.myntassets.com/v1/images/style/properties/SDL-by-Sweet-Dreams-Men-Navy-Blue-Pyjama-Set_0ad98fd8adf4281dcf573529d58d208d_images.jpg
23464.jpg,http://assets.myntassets.com/v1/images/style/properties/5645fdd31b916e733df0f49728906813_images.jpg
51612.jpg,http://assets.myntassets.com/v1/images/style/properties/fc0ab7d9b25d23899827dc5f530dc56f_images.jpg
15750.jpg,http://assets.myntassets.com/v1/images/style/properties/130a82a8a39e4d7a8f461500cf765261_images.jpg
31703.jpg,http://assets.myntassets.com/v1/images/style/properties/09960233b80a6e26808599192a56a828_images.jpg
36526.jpg,http://assets.myntassets.com/v1/images/style/properties/496e0fbe5c490af06228686e28f9441f_images.jpg
22126.jpg,http://assets.myntassets.com/v1/images/style/properties/a0e484844680ea71e6f8f4cb0941c6fc_images.jpg
28844.jpg,http://assets.myntassets.com/v1/images/style/properties/089b0e09db7f7b08771eb432fa0cc435_images.jpg
22542.jpg,http://assets.myntassets.com/v1/images/style/properties/e6ae153488fe28bb634ca55458cdb501_images.jpg
42695.jpg,http://assets.myntassets.com/v1/images/style/properties/ca34f1c8bca79e871052a4926aaae06e_images.jpg
17497.jpg,http://assets.myntassets.com/v1/images/style/properties/3942596d71515b9c67315e3a842273d3_images.jpg
4797.jpg,http://assets.myntassets.com/v1/images/style/properties/d331ba1116d240b860f9dc951df4ea73_images.jpg
41010.jpg,http://assets.myntassets.com/v1/images/style/properties/7743b51aaccd456aa6d98592a4cee28a_images.jpg
24487.jpg,http://assets.myntassets.com/v1/images/style/properties/47be6333c19fb08123c0d74667256900_images.jpg
15933.jpg,http://assets.myntassets.com/v1/images/style/properties/df007be333b00d9684b00a8031e33a62_images.jpg
29157.jpg,http://assets.myntassets.com/v1/images/style/properties/51b6653b5c25d230af55b8b256ce0437_images.jpg
48504.jpg,http://assets.myntassets.com/v1/images/style/properties/652bcdafb98575476881d75cf939a059_images.jpg
43924.jpg,http://assets.myntassets.com/v1/images/style/properties/f79bfbdd5c18935b995bd7d417a1afc6_images.jpg
28627.jpg,http://assets.myntassets.com/v1/images/style/properties/17d14b38bdb3a08bf51923d2903d92d9_images.jpg
21598.jpg,http://assets.myntassets.com/v1/images/style/properties/e5f4b4b2b011d4fd6a942a23e825ea0d_images.jpg
17455.jpg,http://assets.myntassets.com/v1/images/style/properties/Casio-Men-Analog-Black-Watch_64b9d319462b2b21622c00c05456de9e_images.jpg
20223.jpg,http://assets.myntassets.com/v1/images/style/properties/553fee81a373c413bc6b7cf1cf846a8e_images.jpg
4593.jpg,http://assets.myntassets.com/v1/images/style/properties/Wildcraft-Unisex-Olive-Backpack_e8300db4b62221d1fa1d667fc196b861_images.jpg
34075.jpg,http://assets.myntassets.com/v1/images/style/properties/e7ed0cf78d6d132f65ac049f8e95fc00_images.jpg
14812.jpg,http://assets.myntassets.com/v1/images/style/properties/409ee22cfd811a68eb8ba9636def663f_images.jpg
27668.jpg,http://assets.myntassets.com/v1/images/style/properties/5c255636ec0ff852156dec95ec2806b9_images.jpg
16913.jpg,http://assets.myntassets.com/v1/images/style/properties/a88e15289fc00b5890a0e540e80933df_images.jpg
18889.jpg,http://assets.myntassets.com/v1/images/style/properties/56885bd9de5093654b1a57ea1b3ad074_images.jpg
52851.jpg,http://assets.myntassets.com/v1/images/style/properties/Adrika-Black-Earrings_4db8a35b4c681f8d74261e3ebf80f00c_images.jpg
58765.jpg,http://assets.myntassets.com/v1/images/style/properties/Locomotive-Men-Beige-Shirt_b84b49cd39a3617b74e7c290313a6ca3_images.jpg
39752.jpg,http://assets.myntassets.com/v1/images/style/properties/4e168b6644148e3611b4318bfc187550_images.jpg
17835.jpg,http://assets.myntassets.com/v1/images/style/properties/32d758bc8ad4bced16baa0c817ec0ebb_images.jpg
10822.jpg,http://assets.myntassets.com/v1/images/style/properties/0300300c4bc4a157bfb716e58dfc45e8_images.jpg
4907.jpg,http://assets.myntassets.com/v1/images/style/properties/825ece6d246a7925e8a86464881448cb_images.jpg
34885.jpg,http://assets.myntassets.com/v1/images/style/properties/c58fb9b54bab41a6a03a41becfe3fe61_images.jpg
9624.jpg,http://assets.myntassets.com/v1/images/style/properties/16d2382f9a1b4cff80365d6b631d9119_images.jpg
59227.jpg,http://assets.myntassets.com/v1/images/style/properties/Titan-Women-Black-Watch_86442b37458b8734447b45d82e2fbf37_images.jpg
38210.jpg,http://assets.myntassets.com/v1/images/style/properties/edd8f1d3938e1f2279245d3de7ffa769_images.jpg
9072.jpg,http://assets.myntassets.com/v1/images/style/properties/6ab88f567add5b9f6ce8da94cd18cd43_images.jpg
59015.jpg,http://assets.myntassets.com/v1/images/style/properties/Skechers-Men-Grey-Sports-Shoes_f7d6a3f1193b1ee392ee341cfcae317f_images.jpg
40138.jpg,http://assets.myntassets.com/v1/images/style/properties/8aa81b63ed80eca1630464364e4669dc_images.jpg
11335.jpg,http://assets.myntassets.com/v1/images/style/properties/5658a3465500268094c10e362689bdcf_images.jpg
50705.jpg,http://assets.myntassets.com/v1/images/style/properties/Latin-Quarters-Women-Cream-Printed-Top_13754e134cc7b3a1e2349433c6bb0709_images.jpg
19964.jpg,http://assets.myntassets.com/v1/images/style/properties/88eeed92331f3646cbb6729691372964_images.jpg
25564.jpg,http://assets.myntassets.com/v1/images/style/properties/0fb2b9c5a899e6ae116c26ecabcb9c9f_images.jpg
31164.jpg,http://assets.myntassets.com/v1/images/style/properties/Gini-and-Jony-Boys-Blue-Jeans_e24d754117cb8671784fdd384f79cb57_images.jpg
48990.jpg,http://assets.myntassets.com/v1/images/style/properties/Lucera-Women-Silver-Ring_3d6f6cb29070df99c3964967b3bf73dd_images.jpg
25756.jpg,http://assets.myntassets.com/v1/images/style/properties/Lino-Perros-Men-Canvas-Olive-Belt0512c24c039dd1232bf14d898874af0d_images.jpg
10677.jpg,http://assets.myntassets.com/v1/images/style/properties/3eaf5104f1c59ae7bde9f5c677c6a799_images.jpg
45011.jpg,http://assets.myntassets.com/v1/images/style/properties/Maxima-Men-Digital-Multifunction-Watch_2bed7cb9ebf3ffa457f40f323626a0a2_images.jpg
