id,gender,masterCategory,subCategory,articleType,baseColour,season,year,usage,productDisplayName
24050,Men,Apparel,Topwear,Tshirts,Blue,Fall,2011.0,Casual,Locomotive Men Printed Blue T-shirt
13967,Men,Apparel,Topwear,Tshirts,Red,Fall,2011.0,Casual,Ed Hardy Men Printed Red Tshirts
10373,Men,Apparel,Topwear,Tshirts,Black,Fall,2011.0,Casual,United Colors of Benetton Men Solid Black Tshirts
50194,Boys,Apparel,Topwear,Tshirts,Black,Summer,2012.0,Casual,Gini and Jony Boys Black T-shirt
58372,Men,Apparel,Topwear,Tshirts,Beige,Summer,2012.0,Casual,Locomotive Men Beige T-shirt
4361,Men,Apparel,Topwear,Tshirts,Blue,Summer,2011.0,Casual,Free Authority Men's Melting Times Blue T-shirt
4319,Unisex,Apparel,Topwear,Tshirts,Blue,Summer,2011.0,Casual,Tantra Kid's Unisex Free Spirit Turquoise Kidswear
6115,Men,Apparel,Topwear,Tshirts,Navy Blue,Summer,2011.0,Casual,UCB Men's United Colors Flock Navy T-shirt
6724,Men,Apparel,Topwear,Tshirts,Navy Blue,Summer,2011.0,Casual,Locomotive Men's Print Electric Supply Blue T-shirt
3110,Men,Apparel,Topwear,Tshirts,Black,Summer,2011.0,Casual,Probase Men's Western Highway Black T-shirt
13966,Men,Apparel,Topwear,Tshirts,White,Fall,2011.0,Casual,Ed Hardy Men Solid White Tshirts
6272,Men,Apparel,Topwear,Tshirts,Grey,Summer,2011.0,Casual,UCB Men's Contrast Rib Grey T-shirt
6066,Men,Apparel,Topwear,Tshirts,Black,Summer,2011.0,Casual,UCB Men's Polo Neck Striper Heavy Wash Black Pink T-shirt
22330,Men,Apparel,Topwear,Tshirts,White,Fall,2011.0,Casual,John Players Men Stripes White T-Shirt
37155,Men,Apparel,Topwear,Tshirts,White,Summer,2016.0,Casual,Campbell Men Pack of 3 T-shirt
29247,Men,Apparel,Topwear,Tshirts,Yellow,Summer,2012.0,Sports,ADIDAS Men Lakers Yellow Jersey
8340,Boys,Apparel,Topwear,Tshirts,Black,Fall,2011.0,Casual,Doodle Boy's Volleyball Champion Black White Kidswear
3943,Women,Apparel,Topwear,Tshirts,Maroon,Summer,2011.0,Casual,Jealous 21 Women's Maroon T-shirt
5150,Women,Apparel,Topwear,Tshirts,Red,Summer,2011.0,Casual,Wrangler Women's Rhythm Graphic Coral Red T-shirt
7012,Men,Apparel,Topwear,Tshirts,Green,Summer,2011.0,Casual,Classic Polo Men's Green Polo With Grey Stripes T-shirt
12884,Men,Apparel,Topwear,Tshirts,Grey,Fall,2011.0,Casual,Spykar Men Helmet Grey T-Shirts
28844,Men,Apparel,Topwear,Tshirts,Charcoal,Summer,2012.0,Casual,Proline Men Charcoal T-shirt
2091,Men,Apparel,Topwear,Tshirts,Maroon,Fall,2010.0,Sports,ADIDAS Mens ESS 3S Polo T-shirt
5158,Men,Apparel,Topwear,Tshirts,Brown,Summer,2011.0,Casual,Inkfruit Men's Hell Raiser Brown T-shirt
3779,Men,Apparel,Topwear,Tshirts,Black,Summer,2011.0,Casual,Status Quo Men's Black Polo T-shirt
33304,Boys,Apparel,Topwear,Tshirts,Yellow,Summer,2012.0,Casual,Gini and Jony Boys Pack of 2 T-shirts
7003,Men,Apparel,Topwear,Tshirts,Blue,Summer,2011.0,Casual,s.Oliver Men's Sky Polo Blue T-shirt
2847,Men,Apparel,Topwear,Tshirts,Purple,Summer,2011.0,Casual,Mr.Men Men's Is There More Love Purple T-shirt
10465,Men,Apparel,Topwear,Tshirts,Purple,Fall,2011.0,Casual,Flying Machine Men Paisley Purple Tshirts
7749,Men,Apparel,Topwear,Tshirts,Purple,Fall,2011.0,Casual,Indigo Nation Men Young Lords Purple T-shirt
51370,Men,Apparel,Topwear,Tshirts,Black,Summer,2012.0,Casual,Spykar Men Black T-shirt
4235,Men,Apparel,Topwear,Tshirts,Brown,Summer,2011.0,Casual,Probase Men's Aircorp Brown Tshirt
4209,Boys,Apparel,Topwear,Tshirts,Green,Summer,2011.0,Casual,Disney Kids Boy's Green Mickey On Skates Kidswear
2615,Men,Apparel,Topwear,Tshirts,Blue,Fall,2010.0,Sports,Nike Black Bleed Blue T-shirt
31102,Boys,Apparel,Topwear,Tshirts,Red,Summer,2012.0,Casual,Gini and jony Boys Printed Red T-shirt
18618,Men,Apparel,Topwear,Tshirts,Blue,Fall,2011.0,Casual,Puma Men Team Essential Moonlight Steelblue Polo Tshirts
7817,Men,Apparel,Topwear,Tshirts,Purple,Fall,2011.0,Casual,Proline Men Purple Striped Polo T-shirt
23973,Men,Apparel,Topwear,Tshirts,Purple,Fall,2011.0,Casual,Peter England Men Purple Printed T-shirt
4371,Men,Apparel,Topwear,Tshirts,Grey,Summer,2011.0,Casual,Mickey Men's Pluto Order Comic Charcoal T-shirt
3082,Men,Apparel,Topwear,Tshirts,Navy Blue,Summer,2011.0,Casual,Probase Men's Cartoon Navy T-shirt
24275,Men,Apparel,Topwear,Tshirts,White,Summer,2012.0,Casual,Quiksilver Men Basic White T-shirt
28565,Men,Apparel,Topwear,Tshirts,Blue,Summer,2012.0,Casual,Nike Men Air Bags Blue T-shirt
9783,Men,Apparel,Topwear,Tshirts,White,Fall,2011.0,Casual,ADIDAS Men Bnce Hop White Tshirts
13232,Men,Apparel,Topwear,Tshirts,Orange,Fall,2011.0,Casual,Palm Tree Kids Boys Printed Orange Tshirts
31252,Men,Apparel,Topwear,Tshirts,Green,Summer,2012.0,Casual,Puma Men Dizzy Graphic Green T-shirt
38605,Men,Apparel,Topwear,Tshirts,Yellow,Summer,2012.0,Casual,Nike Men Yellow Eligible Athlete T-shirt
6551,Men,Apparel,Topwear,Tshirts,Blue,Summer,2011.0,Sports,Nike Men's Miler Singlet Blue T-shirt
2861,Men,Apparel,Topwear,Tshirts,Green,Summer,2011.0,Casual,Inkfruit Men's I am Hooked Green T-shirt
32768,Men,Apparel,Topwear,Tshirts,Grey,Spring,2013.0,Casual,Music Men Printed Grey T-shirt
42394,Women,Apparel,Topwear,Tshirts,Purple,Summer,2012.0,Casual,Flying Machine Women Purple T-shirt
30647,Men,Apparel,Topwear,Tshirts,Black,Summer,2012.0,Casual,Nike Men U Logo Black T-shirt
23627,Men,Apparel,Topwear,Tshirts,White,Spring,2013.0,Casual,Beatles Men White Printed T-Shirt
14298,Men,Apparel,Topwear,Tshirts,Grey,Fall,2011.0,Casual,Classic Polo Men Printed pack of 3 Tshirts
33935,Men,Apparel,Topwear,Tshirts,Turquoise Blue,Summer,2012.0,Casual,ADIDAS Men Polo Turquoise Blue T-Shirt
4398,Men,Apparel,Topwear,Tshirts,Green,Summer,2011.0,Casual,Free Authority Men's Foil Raw Edge Washed Olive T-shirt
31586,Men,Apparel,Topwear,Tshirts,Yellow,Summer,2012.0,Casual,Mark Taylor Men Printed Yellow T-shirt
44834,Men,Apparel,Topwear,Tshirts,Black,Summer,2012.0,Sports,Puma Men Black Training T-shirt
4315,Unisex,Apparel,Topwear,Tshirts,Brown,Summer,2011.0,Casual,Tantra Kid's Unisex Harappa Choco Brown Kidswear
34399,Men,Apparel,Topwear,Tshirts,Black,Summer,2012.0,Casual,Myntra Men Global Response Black T-shirt
15933,Men,Apparel,Topwear,Tshirts,Blue,Fall,2011.0,Casual,Regent Polo Club Men Solid Blue Tshirt
35880,Boys,Apparel,Topwear,Tshirts,White,Summer,2012.0,Casual,Jungle Book Boys Royal White T-shirt
2056,Men,Apparel,Topwear,Tshirts,Grey,Winter,2010.0,Casual,Lee Men's Ten Minutes to Midnight T-shirt
2054,Men,Apparel,Topwear,Tshirts,Maroon,Winter,2010.0,Casual,Lee Men's Stone T-shirt
4402,Men,Apparel,Topwear,Tshirts,Black,Summer,2011.0,Casual,Billy Idol Men's Faceless Black T-shirt
5442,Women,Apparel,Topwear,Tshirts,Blue,Summer,2011.0,Casual,Nike Women's Striped Polo Blue T-shirt
41752,Boys,Apparel,Topwear,Tshirts,Yellow,Summer,2012.0,Casual,Doodle Boys Printed Yellow T-shirt
29157,Boys,Apparel,Topwear,Tshirts,Pink,Summer,2012.0,Casual,United Colors of Benetton Boys Hopeland Pink T-shirt
14648,Men,Apparel,Topwear,Tshirts,Black,Fall,2011.0,Casual,Probase Men White Grafitti Black Tshirts
32422,Men,Apparel,Topwear,Tshirts,Black,Summer,2012.0,Casual,ADIDAS Men One Love Black T-shirt
48448,Men,Apparel,Topwear,Tshirts,Purple,Summer,2012.0,Casual,French Connection Men Purple T-shirt
32924,Men,Apparel,Topwear,Tshirts,Navy Blue,Summer,2012.0,Casual,Status Quo Men Printed Navy Blue T-shirt
18245,Men,Apparel,Topwear,Tshirts,White,Fall,2011.0,Casual,Manchester United Men Printed White Tshirt
31148,Boys,Apparel,Topwear,Tshirts,White,Summer,2012.0,Casual,Gini and Jony Boys Printed White T-shirt
4359,Men,Apparel,Topwear,Tshirts,Black,Summer,2011.0,Casual,Free Authority Men's Melting Records Black T-shirt
23638,Men,Apparel,Topwear,Tshirts,Green,Summer,2012.0,Casual,DC Comics Men Green T-shirt
13429,Men,Apparel,Topwear,Tshirts,Maroon,Summer,2011.0,Casual,United Colors of Benetton Men Printed Maroon Tshirts
38152,Women,Apparel,Topwear,Tshirts,White,Summer,2012.0,Casual,Wildcraft Women White T-shirt
6063,Men,Apparel,Topwear,Tshirts,White,Summer,2011.0,Casual,UCB Men's Roundneck Take Good Look White T-shirt
27445,Women,Apparel,Topwear,Tshirts,Coffee Brown,Winter,2015.0,Casual,Jockey Women Coffee Brown T-shirt
2484,Women,Apparel,Topwear,Tshirts,White,Fall,2010.0,Sports,Puma Women Spagetti White Top
32970,Men,Apparel,Topwear,Tshirts,Black,Summer,2012.0,Casual,Angry Birds Men Printed Black T-shirt
6512,Men,Apparel,Topwear,Tshirts,Green,Summer,2011.0,Casual,ADIDAS Men's Light Green T-shirt
34314,Men,Apparel,Topwear,Tshirts,Orange,Summer,2012.0,Casual,Myntra Men Orange Urban T-shirt
25504,Boys,Apparel,Topwear,Tshirts,Blue,Fall,2011.0,Casual,Doodle Kids Boys Soccer Blue T-Shirt
33937,Men,Apparel,Topwear,Tshirts,Black,Summer,2012.0,Casual,ADIDAS Men Polo Black T-shirt
38971,Men,Apparel,Topwear,Tshirts,Grey,Summer,2012.0,Casual,Arrow New York Men Grey T-shirt
2307,Women,Apparel,Topwear,Tshirts,Purple,Fall,2010.0,Sports,Nike Women Purple Polo T-shirt
48406,Men,Apparel,Topwear,Tshirts,Cream,Summer,2012.0,Casual,French Connection Men Cream Striped T-shirt
11363,Men,Apparel,Topwear,Tshirts,Black,Summer,2011.0,Casual,United Colors of Benetton Men Solid Black Tshirt
38494,Boys,Apparel,Topwear,Tshirts,Green,Summer,2012.0,Casual,Gini and Jony Boys United Green T-shirt
6758,Men,Apparel,Topwear,Tshirts,Red,Summer,2011.0,Casual,Timberland Men's Linear Logo Red T-shirt
19581,Men,Apparel,Topwear,Tshirts,White,Summer,2011.0,Casual,United Colors of Benetton Men Printed White Tshirt
15475,Men,Apparel,Topwear,Tshirts,Blue,Fall,2011.0,Casual,Puma Men Logo Blue Tshirts
27444,Women,Apparel,Topwear,Tshirts,Black,Fall,2015.0,Casual,Jockey Women Black T-shirt
26246,Men,Apparel,Topwear,Tshirts,Green,Summer,2012.0,Casual,Proline Men Green Polo Tshirt
26725,Men,Apparel,Topwear,Tshirts,Black,Summer,2012.0,Casual,Puma Men Large Logo Graphic Black T-shirt
12054,Men,Apparel,Topwear,Tshirts,White,Fall,2011.0,Casual,Spykar Men Printed White T-Shirts
40267,Men,Apparel,Topwear,Tshirts,White,Summer,2012.0,Casual,Scullers Men Striped White T-shirt
4780,Women,Apparel,Topwear,Tshirts,Pink,Summer,2011.0,Sports,ADIDAS Women's Balance Pink T-shirt
3769,Men,Apparel,Topwear,Tshirts,Blue,Summer,2011.0,Casual,Status Quo Men's Blue Polo T-shirt
3991,Men,Apparel,Topwear,Tshirts,White,Summer,2011.0,Casual,Mr.Men Men's Wave Rider White T-shirt
11778,Men,Apparel,Topwear,Tshirts,Grey,Fall,2011.0,Casual,Lee Men Solid Grey Tshirts
29019,Men,Apparel,Topwear,Tshirts,Navy Blue,Summer,2012.0,Casual,ADIDAS Men Color Block Navy Blue T-shirt
7006,Men,Apparel,Topwear,Tshirts,Black,Summer,2011.0,Casual,s.Oliver Men's Sound Rebels Black T-shirt
39003,Boys,Apparel,Topwear,Tshirts,White,Summer,2012.0,Casual,Gini and Jony Boys Unit White T-shirt
53804,Men,Apparel,Topwear,Tshirts,Black,Summer,2012.0,Casual,Puma Men Black T-shirt
33939,Men,Apparel,Topwear,Tshirts,Black,Summer,2012.0,Casual,ADIDAS Men Black T-shirt
16913,Men,Apparel,Topwear,Tshirts,Charcoal,Fall,2011.0,Casual,Mr. Men Men Printed Grey Tshirt
3410,Men,Apparel,Topwear,Tshirts,White,Summer,2011.0,Casual,Myntra Men's Lazy White T-shirt
15190,Men,Apparel,Topwear,Tshirts,Navy Blue,Fall,2011.0,Casual,Arrow Sport Men Solid Navy Blue Polo Tshirts
15283,Men,Apparel,Topwear,Tshirts,Blue,Fall,2011.0,Casual,Ed Hardy Men Eagle Print Blue Tshirts
17497,Men,Apparel,Topwear,Tshirts,Grey,Fall,2011.0,Casual,Classic Polo Men Stripes Grey Polo T-Shirt
8275,Men,Apparel,Topwear,Tshirts,Blue,Fall,2011.0,Casual,Mr.Men Men's Coral Red T-shirt
3713,Men,Apparel,Topwear,Tshirts,Green,Summer,2011.0,Casual,Lee Men Green Polo T-shirt
2243,Men,Apparel,Topwear,Tshirts,White,Fall,2010.0,Sports,ADIDAS Men Stripe Polo White Polo T-shirt
16191,Men,Apparel,Topwear,Tshirts,White,Fall,2011.0,Casual,Puma Men Graphic White TShirt
34357,Men,Apparel,Topwear,Tshirts,Blue,Summer,2012.0,Casual,Myntra Men Blue Prayer T-shirt
6170,Men,Apparel,Topwear,Tshirts,Purple,Summer,2011.0,Casual,Lee Men's Guns Crownjewel Purple T-shirt
32628,Men,Apparel,Topwear,Tshirts,Black,Summer,2012.0,Sports,Nike Men Black Polo T-shirt
20334,Men,Apparel,Topwear,Tshirts,Blue,Fall,2011.0,Casual,Mr.Men Men Printed Blue Tshirt
11008,Women,Apparel,Topwear,Tshirts,Cream,Fall,2011.0,Casual,Inkfruit Women Behind Cream Tshirts
3845,Men,Apparel,Topwear,Tshirts,Brown,Summer,2011.0,Casual,Wrangler Men's Wild Horse Brown T-shirt
3364,Men,Apparel,Topwear,Tshirts,Blue,Summer,2011.0,Casual,Myntra Men's Brain Blue T-shirt
1984,Women,Apparel,Topwear,Tshirts,White,Fall,2010.0,Sports,ADIDAS Women Graphic White T-shirt
2680,Men,Apparel,Topwear,Tshirts,Blue,Summer,2011.0,Casual,Inkfruit Men's Indian Rule Blue T-shirt
4192,Boys,Apparel,Topwear,Tshirts,Green,Summer,2011.0,Casual,Disney Kids Boy's Green Naughty Donald Kidswear
12847,Boys,Apparel,Topwear,Tshirts,Black,Fall,2011.0,Casual,Ant Kids Boys National Champion Black Tshirts
6995,Men,Apparel,Topwear,Tshirts,Grey,Summer,2011.0,Casual,s.Oliver Men's Line Printed Dark Grey T-shirt
30144,Women,Apparel,Topwear,Tshirts,Black,Summer,2012.0,Casual,Flying Machine Women Printed Black T-shirt
3788,Men,Apparel,Topwear,Tshirts,White,Summer,2011.0,Casual,Basics Men White & Blue Striped Polo T-shirt
15606,Men,Apparel,Topwear,Tshirts,Grey,Fall,2011.0,Casual,Nike Men Training Grey Tshirts
2092,Men,Apparel,Topwear,Tshirts,Blue,Fall,2010.0,Sports,ADIDAS Mens Polo Blue Polo T-shirt
19612,Women,Apparel,Topwear,Tshirts,Blue,Summer,2011.0,Casual,United Colors of Benetton Women Solid Blue Tshirt
3120,Men,Apparel,Topwear,Tshirts,Blue,Summer,2011.0,Casual,Probase Men's Freestyler Turquoise T-shirt
2340,Men,Apparel,Topwear,Tshirts,Purple,Fall,2010.0,Casual,Reebok Men Plum Shiamak Purple T-shirt
19789,Men,Apparel,Topwear,Tshirts,Orange,Winter,2016.0,Casual,U.S. Polo Assn. Men Solid Orange Tshirt
2062,Men,Apparel,Topwear,Tshirts,Grey,Winter,2010.0,Casual,Lee Mens  T-shirt
5506,Women,Apparel,Topwear,Tshirts,Yellow,Summer,2011.0,Casual,Nike Women's Yellow Casual T-shirt
32971,Men,Apparel,Topwear,Tshirts,Blue,Summer,2012.0,Casual,Angry Birds Men Printed Blue T-shirt
27353,Women,Apparel,Topwear,Tshirts,White,Fall,2011.0,Casual,Tantra Women Jimmo White T-shirt
11024,Women,Apparel,Topwear,Tshirts,Purple,Fall,2011.0,Casual,Wrangler Women Purple T-shirt
24269,Men,Apparel,Topwear,Tshirts,Grey,Fall,2011.0,Casual,Quiksilver Men Grey Printed T-shirt
25921,Women,Apparel,Topwear,Tshirts,Green,Summer,2012.0,Casual,Femella Women Lime Green T-shirt
38637,Men,Apparel,Topwear,Tshirts,Red,Summer,2012.0,Casual,Nike Men Red Delhi T-shirt
10871,Men,Apparel,Topwear,Tshirts,Grey,Fall,2011.0,Casual,Wrangler Men Dirtcross Grey T-Shirts
40044,Men,Apparel,Topwear,Tshirts,Black,Summer,2012.0,Casual,ADIDAS Men Black T-shirt
3926,Men,Apparel,Topwear,Tshirts,Blue,Summer,2011.0,Casual,Wrangler Men's Wanderer's Dream Sky T-shirt
19110,Men,Apparel,Topwear,Tshirts,Beige,Winter,2016.0,Casual,Campbell Men Pack of 3 Solid Tshirts
28928,Men,Apparel,Topwear,Tshirts,Charcoal,Summer,2012.0,Casual,Mr. Men Printed Charcoal T-shirt
7607,Men,Apparel,Topwear,Tshirts,Black,Summer,2011.0,Casual,Nike Men's FCB Core Black SS T-shirt
38803,Men,Apparel,Topwear,Tshirts,Blue,Summer,2012.0,Casual,Marvel Men Blue Printed T-shirt
36737,Women,Apparel,Topwear,Tshirts,Green,Summer,2012.0,Casual,Spykar Women Cult Green T-shirt
33947,Men,Apparel,Topwear,Tshirts,Navy Blue,Summer,2012.0,Casual,ADIDAS Men Navy Blue & White Polo T-shirt
7297,Men,Apparel,Topwear,Tshirts,Brown,Fall,2011.0,Casual,Jimi Hendrix Men's Jimi Experience Brown Melange T-shirt
1906,Men,Apparel,Topwear,Tshirts,Cream,Winter,2010.0,Casual,FIFA Mens 1905 Football Federation T-shirt
3519,Men,Apparel,Topwear,Tshirts,White,Summer,2011.0,Casual,Myntra Men's I have Multiple Personalities White T-shirt
5153,Women,Apparel,Topwear,Tshirts,White,Summer,2011.0,Casual,Wrangler Women's Side Paisley White T-shirt
58734,Men,Apparel,Topwear,Tshirts,Red,Fall,2012.0,Sports,PUMA Men Red Printed T-shirt
9778,Men,Apparel,Topwear,Tshirts,White,Fall,2011.0,Casual,ADIDAS Men  White Polo Tshirts
4042,Unisex,Apparel,Topwear,Tshirts,Blue,Summer,2011.0,Sports,Rajasthan Royals Kids Authentic Replica Cricket Jersey
14922,Men,Apparel,Topwear,Tshirts,Blue,Fall,2011.0,Casual,Mr. Men Men Sleep Placid Blue Tshirts
20670,Men,Apparel,Topwear,Tshirts,Turquoise Blue,Fall,2011.0,Casual,Classic Polo Men Striped Turquoise Blue Tshirt
33206,Women,Apparel,Topwear,Tshirts,Green,Summer,2012.0,Casual,Sepia Women Printed Green T-shirt
34403,Men,Apparel,Topwear,Tshirts,Black,Summer,2012.0,Casual,Myntra Men Back To The 70s Black T-shirt
2683,Men,Apparel,Topwear,Tshirts,Red,Summer,2011.0,Casual,Inkfruit Men's Red And Black T-shirt
53774,Men,Apparel,Topwear,Tshirts,White,Summer,2012.0,Casual,Puma Men White T-shirt
52148,Women,Apparel,Topwear,Tshirts,Red,Summer,2012.0,Casual,Femella Women Red Polo T-Shirt
31271,Men,Apparel,Topwear,Tshirts,Red,Summer,2012.0,Casual,Puma Men Calonge Graphic Red T-shirt
3792,Men,Apparel,Topwear,Tshirts,Navy Blue,Summer,2011.0,Casual,Basics Men Navy & White Striped Polo T-shirt
9827,Women,Apparel,Topwear,Tshirts,White,Fall,2011.0,Casual,Little Miss Women Printed White T-shirt
17266,Men,Apparel,Topwear,Tshirts,Green,Fall,2011.0,Casual,U.S. Polo Assn. Men Stripes Green  polo Tshirt
5100,Men,Apparel,Topwear,Tshirts,Yellow,Summer,2011.0,Casual,Wrangler Men's Cowboy Color Yellow T-shirt
28550,Men,Apparel,Topwear,Tshirts,Black,Summer,2012.0,Casual,Nike Men Club Pique Polo Black T-shirt
33310,Men,Apparel,Topwear,Tshirts,White,Summer,2012.0,Casual,Jack & Jones Men White & Green Polo T-shirt
10377,Men,Apparel,Topwear,Tshirts,White,Fall,2011.0,Casual,United Colors of Benetton Men Printed White Tshirts
11992,Men,Apparel,Topwear,Tshirts,Green,Fall,2011.0,Casual,Classic Polo Men Stripes Green Tshirts
7954,Men,Apparel,Topwear,Tshirts,Blue,Fall,2011.0,Sports,Puma Men's Knit Polo Mazarine Blue Polo T-shirt
10499,Women,Apparel,Topwear,Tshirts,Yellow,Fall,2011.0,Casual,Flying Machine Women Aspen Yellow Tshirts
22631,Women,Apparel,Topwear,Tshirts,Pink,Fall,2011.0,Sports,Nike Women Printed Pink T-shirt
7447,Men,Apparel,Topwear,Tshirts,Orange,Summer,2011.0,Casual,Proline Men Orange Polo T-shirt
23179,Men,Apparel,Topwear,Tshirts,Yellow,Fall,2011.0,Casual,Mark Taylor Men Yellow Printed T-shirt
17613,Boys,Apparel,Topwear,Tshirts,Red,Fall,2011.0,Casual,Doodle Boys Catch Me Red Tshirt
31273,Men,Apparel,Topwear,Tshirts,Green,Summer,2012.0,Casual,Puma Men Calonge Graphic Green T-shirt
16287,Men,Apparel,Topwear,Tshirts,Blue,Fall,2011.0,Casual,Peter England Men Printed Blue TShirt
11406,Men,Apparel,Topwear,Tshirts,Blue,Fall,2011.0,Casual,United Colors Of Benetton Men Light Winter Blue T-Shirts
53307,Men,Apparel,Topwear,Tshirts,White,Summer,2012.0,Casual,Locomotive Men White T-shirt
33952,Men,Apparel,Topwear,Tshirts,Peach,Summer,2012.0,Casual,ADIDAS Men Vesta Peach Polo T-shirt
26228,Men,Apparel,Topwear,Tshirts,Blue,Summer,2012.0,Casual,Proline Men Blue Polo T-Shirt
3529,Men,Apparel,Topwear,Tshirts,Navy Blue,Summer,2011.0,Casual,Myntra Men's Ear Plugs Navy Blue T-shirt
4256,Men,Apparel,Topwear,Tshirts,Grey Melange,Summer,2011.0,Casual,Inkfruit Men Grey Melange Printed T-shirt
6572,Men,Apparel,Topwear,Tshirts,Black,Summer,2011.0,Sports,Nike Men's Challenger Logo Black T-shirt
10822,Men,Apparel,Topwear,Tshirts,Navy Blue,Fall,2011.0,Casual,Wrangler Men Navy Blue Polo Tshirts
9984,Men,Apparel,Topwear,Tshirts,Green,Fall,2011.0,Sports,Nike Men As Value Runn Green T-Shirts
1814,Men,Apparel,Topwear,Tshirts,Brown,Fall,2010.0,Sports,Solognac Men Chocolate Brown  T-shirt
16424,Men,Apparel,Topwear,Tshirts,Blue,Fall,2011.0,Casual,Levi's Men Printed Blue  Tshirts
34381,Men,Apparel,Topwear,Tshirts,Orange,Summer,2012.0,Casual,Myntra Men Orange Snapp Diet T-shirt
37272,Men,Apparel,Topwear,Tshirts,Black,Summer,2012.0,Casual,Tantra Men Black Angry Anna T-shirt
3729,Unisex,Apparel,Topwear,Tshirts,Blue,Summer,2011.0,Sports,Mumbai Indians Kids Match Jersey
9556,Men,Apparel,Topwear,Tshirts,Black,Fall,2011.0,Sports,Nike Men Asem Cricket Swoosh Black T-Shirts
12644,Men,Apparel,Topwear,Tshirts,White,Fall,2011.0,Casual,Probase Men Solid White Polo T-shirts
17513,Men,Apparel,Topwear,Tshirts,Black,Fall,2011.0,Casual,Classic Polo Men Stripes Black Polo T-Shirt
3778,Men,Apparel,Topwear,Tshirts,Green,Summer,2011.0,Casual,Status Quo Men's Green Polo T-shirt
3706,Men,Apparel,Topwear,Tshirts,Grey,Summer,2011.0,Casual,Classic Polo Men's Grey Red & Brown Stripe T-shirt
39067,Men,Apparel,Topwear,Tshirts,Green,Summer,2012.0,Casual,Arrow Sport Men Green T-shirt
54940,Women,Apparel,Topwear,Tshirts,Burgundy,Summer,2012.0,Casual,Do u speak green Women Burgundy T-shirt
7784,Men,Apparel,Topwear,Tshirts,Black,Fall,2011.0,Casual,Proline Men Black Polo T-shirt
3520,Men,Apparel,Topwear,Tshirts,Black,Summer,2011.0,Casual,Myntra Men's Reaching The Moon Black T-shirt
12803,Women,Apparel,Topwear,Tshirts,Pink,Fall,2011.0,Casual,Nike Women Polka Dot Grafitti Pink T-shirt
18631,Men,Apparel,Topwear,Tshirts,Navy Blue,Fall,2011.0,Casual,Puma Men GP Speed Navy Blue Tshirts
2047,Men,Apparel,Topwear,Tshirts,Navy Blue,Fall,2010.0,Sports,ADIDAS Men's Navy Blue T-shirt
4208,Boys,Apparel,Topwear,Tshirts,Red,Summer,2011.0,Casual,Disney Kids Boy's Red Geo Team Kidswear
32470,Women,Apparel,Topwear,Tshirts,Blue,Summer,2012.0,Sports,ADIDAS Women Blue T-shirt
4190,Boys,Apparel,Topwear,Tshirts,Yellow,Summer,2011.0,Casual,Disney Kids Boy's Yellow Little Friends Kidswear
10690,Men,Apparel,Topwear,Tshirts,Yellow,Fall,2011.0,Casual,Doodle Boy Mummy daddy me Yellow Tshirts
2041,Men,Apparel,Topwear,Tshirts,Grey,Fall,2010.0,Sports,ADIDAS Mens Fire Grey T-shirt
26715,Men,Apparel,Topwear,Tshirts,Blue,Summer,2012.0,Casual,Puma Men Large Logo Blue T-shirt
42175,Men,Apparel,Topwear,Tshirts,White,Summer,2017.0,Casual,Status Quo Men White T-shirt
6996,Men,Apparel,Topwear,Tshirts,Brown,Spring,2011.0,Casual,Classic Polo Men's State Athletic Brown T-shirt
37150,Men,Apparel,Topwear,Tshirts,Grey,Summer,2016.0,Casual,Campbell Men Pack of 3 T-shirt
4864,Men,Apparel,Topwear,Tshirts,White,Summer,2011.0,Sports,ADIDAS Men Real Madrid White Jersey
40138,Boys,Apparel,Topwear,Tshirts,Yellow,Summer,2012.0,Casual,Gini and Jony Boys Under The Sun Yellow T-shirt
29014,Men,Apparel,Topwear,Tshirts,Grey,Summer,2012.0,Casual,ADIDAS Men  Grey Polo T-shirt
22796,Men,Apparel,Topwear,Tshirts,Green,Fall,2011.0,Casual,Manchester United Men Green Tshirt
9989,Men,Apparel,Topwear,Tshirts,Black,Fall,2011.0,Sports,Nike Men As Ss Cruiser Black T-Shirts
5172,Women,Apparel,Topwear,Tshirts,Orange,Summer,2011.0,Casual,Inkfruit Women's Innocence Carrot Orange T-shirt
48070,Men,Apparel,Topwear,Tshirts,Off White,Summer,2012.0,Casual,French Connection Men Off White T-shirt
16289,Men,Apparel,Topwear,Tshirts,Blue,Fall,2011.0,Casual,Peter England Men Printed Blue TShirt
4313,Unisex,Apparel,Topwear,Tshirts,Pink,Summer,2011.0,Casual,Tantra Kid's Unisex Elephant Pink Kidswear
18226,Men,Apparel,Topwear,Tshirts,Grey,Fall,2011.0,Casual,Manchester United Men Printed Grey Tshirt
6547,Women,Apparel,Topwear,Tshirts,Yellow,Summer,2011.0,Sports,Nike Women's Embossed Yellow T-shirt
7441,Men,Apparel,Topwear,Tshirts,Grey,Summer,2011.0,Casual,Proline Men Grey Striped T-shirt
26263,Men,Apparel,Topwear,Tshirts,Blue,Summer,2013.0,Casual,Proline Men Blue Polo T-Shirt
49962,Men,Apparel,Topwear,Tshirts,White,Summer,2016.0,Casual,Hanes Men White Pack of 3 T-shirts
3207,Women,Apparel,Topwear,Tshirts,Black,Summer,2011.0,Casual,Tantra Women's Tiger Black T-shirt
43503,Men,Apparel,Topwear,Tshirts,Green,Summer,2012.0,Casual,French Connection Men Green T-shirt
15000,Men,Apparel,Topwear,Tshirts,White,Fall,2011.0,Sports,ADIDAS Men Solid White Tshirts
16320,Men,Apparel,Topwear,Tshirts,Green,Fall,2011.0,Casual,Peter England Men Printed Green TShirt
2171,Men,Apparel,Topwear,Tshirts,Brown,Summer,2011.0,Casual,Probase Men Brown & White T-shirt
44813,Women,Apparel,Topwear,Tshirts,Navy Blue,Summer,2012.0,Casual,Spykar Women Navy Blue T-Shirt
7127,Men,Apparel,Topwear,Tshirts,Orange,Fall,2011.0,Casual,Urban Yoga Men's Orange T-shirt
5884,Women,Apparel,Topwear,Tshirts,Black,Summer,2011.0,Casual,Puma Women Classic Black Top
22367,Men,Apparel,Topwear,Tshirts,Red,Fall,2011.0,Casual,Ed Hardy Men Vintage  Brick Red T-Shirt
18847,Men,Apparel,Topwear,Tshirts,White,Fall,2011.0,Casual,Puma Men College  Athletic White  Tshirt
2984,Men,Apparel,Topwear,Tshirts,Red,Fall,2010.0,Casual,Puma Men's Power Cat Graphic Red T-shirt
11997,Men,Apparel,Topwear,Tshirts,Green,Fall,2011.0,Casual,Classic Polo Men Stripes Green Tshirts
3853,Girls,Apparel,Topwear,Tshirts,Pink,Summer,2011.0,Casual,Disney Kids Girl's Pink Daisy and Squirrel Kidswear
27392,Men,Apparel,Topwear,Tshirts,White,Summer,2016.0,Casual,2go Active Gear USA Men Pack Of 3 T-shirt
7823,Men,Apparel,Topwear,Tshirts,Grey,Fall,2011.0,Casual,Proline Grey Polo T-shirt
11254,Men,Apparel,Topwear,Tshirts,Navy Blue,Fall,2011.0,Casual,Puma Men Edition Navy Blue T-shirt
3263,Men,Apparel,Topwear,Tshirts,Yellow,Summer,2011.0,Casual,Guerrilla Men's Need Money Yellow T-shirt
8859,Men,Apparel,Topwear,Shirts,White,Fall,2011.0,Casual,Mark Taylor Men White Striped Shirt
18889,Women,Apparel,Topwear,Shirts,Blue,Fall,2011.0,Formal,Arrow Woman Sylvia Blue Shirt
8181,Men,Apparel,Topwear,Shirts,Purple,Summer,2011.0,Casual,Locomotive Men Check Ladislav Purple Shirts
5960,Men,Apparel,Topwear,Shirts,Purple,Summer,2011.0,Casual,Highlander Men Solid Poplin Purple Shirts
13734,Men,Apparel,Topwear,Shirts,Blue,Fall,2011.0,Casual,Belmonte Men Check Blue Shirts
33246,Men,Apparel,Topwear,Shirts,Lavender,Spring,2013.0,Formal,Arrow Men Lavender Unstainable Slim Fit Shirt
8851,Men,Apparel,Topwear,Shirts,Brown,Fall,2011.0,Casual,Mark Taylor Men Brown Striped Shirt
9624,Men,Apparel,Topwear,Shirts,Blue,Fall,2011.0,Casual,Indigo Nation Men Plain Light Blue Shirts
46396,Men,Apparel,Topwear,Shirts,Blue,Summer,2012.0,Casual,ADIDAS Men Blue & Black Check Shirt
59834,Men,Apparel,Topwear,Shirts,Navy Blue,Summer,2012.0,Casual,United Colors of Benetton Men Navy Blue Shirt
8148,Men,Apparel,Topwear,Shirts,Blue,Summer,2011.0,Casual,Highlander Men Blue Checked Haddon Slim Fit Shirt
29184,Men,Apparel,Topwear,Shirts,Blue,Summer,2012.0,Casual,United Colors of Benetton Men Blue Shirt
9655,Men,Apparel,Topwear,Shirts,Blue,Fall,2011.0,Casual,Indigo Nation Men Bling Blue Shirts
5128,Women,Apparel,Topwear,Shirts,White,Summer,2011.0,Casual,Wrangler Women Rose Bouquet White Orange Shirt
51430,Men,Apparel,Topwear,Shirts,White,Summer,2012.0,Casual,Myntra Men Navy Blue & Orange Check Shirt
26401,Men,Apparel,Topwear,Shirts,Red,Summer,2012.0,Casual,Turtle Men Check Red Shirt
5107,Women,Apparel,Topwear,Shirts,Yellow,Summer,2011.0,Casual,Wrangler Women Holly Checks Shirt
9654,Men,Apparel,Topwear,Shirts,Blue,Fall,2011.0,Casual,Indigo Nation Men Bling  Blue Shirt
13853,Men,Apparel,Topwear,Shirts,Purple,Fall,2011.0,Casual,Indigo Nation Men Check Purple Shirts
12367,Men,Apparel,Topwear,Shirts,White,Fall,2011.0,Formal,Reid & Taylor Men White Shirt
15993,Men,Apparel,Topwear,Shirts,Blue,Fall,2011.0,Casual,Turtle Check Men Blue Checked ReversibleShirt
14772,Men,Apparel,Topwear,Shirts,Green,Fall,2011.0,Formal,Arrow Men Stripes Green Slim Fit Shirt
9667,Men,Apparel,Topwear,Shirts,Purple,Fall,2011.0,Casual,Indigo Nation Men Bling Red Black Shirts
31093,Boys,Apparel,Topwear,Shirts,White,Summer,2012.0,Casual,Gini and Jony Boys White Shirt
11387,Men,Apparel,Topwear,Shirts,Blue,Fall,2011.0,Casual,United Colors of Benetton Men Light Winter Blue Shirts
24285,Men,Apparel,Topwear,Shirts,Grey,Summer,2012.0,Casual,Quiksilver Men Grey Shirt
17725,Men,Apparel,Topwear,Shirts,Maroon,Fall,2011.0,Casual,Reid & Taylor Men Solid Maroon Shirt
20155,Men,Apparel,Topwear,Shirts,Purple,Fall,2011.0,Casual,Wrangler Men Establish  Purple Shirt
41660,Men,Apparel,Topwear,Shirts,Blue,Summer,2012.0,Formal,Mark Taylor Men Blue Striped Shirt
11708,Men,Apparel,Topwear,Shirts,Green,Fall,2011.0,Casual,Lee Men Check Green Shirts
24858,Men,Apparel,Topwear,Shirts,White,Summer,2011.0,Formal,Mark Taylor Men White Striped Shirt
9498,Men,Apparel,Topwear,Shirts,Pink,Fall,2011.0,Formal,John Miller Men Pink white black check Pink Shirts
9246,Men,Apparel,Topwear,Shirts,Blue,Fall,2011.0,Formal,Mark Taylor Men Blue Striped Shirt
19831,Men,Apparel,Topwear,Shirts,Black,Fall,2011.0,Casual,U.S. Polo Assn. Men Check Black Shirt
12271,Men,Apparel,Topwear,Shirts,Blue,Fall,2011.0,Formal,Genesis Men Stripes Blue Shirts
32393,Women,Apparel,Topwear,Shirts,Blue,Summer,2012.0,Formal,Arrow Woman Blue Shirt
9071,Men,Apparel,Topwear,Shirts,White,Fall,2011.0,Formal,Mark Taylor Men Solid White Shirts
33235,Men,Apparel,Topwear,Shirts,Blue,Summer,2012.0,Formal,Arrow Men Blue Check Shirt
26113,Men,Apparel,Topwear,Shirts,Purple,Summer,2012.0,Formal,John Miller Men Check Purple Shirt
26056,Men,Apparel,Topwear,Shirts,Black,Summer,2012.0,Formal,John Miller Men Check Black Shirt
8190,Men,Apparel,Topwear,Shirts,Black,Summer,2011.0,Casual,Locomotive Men Solid Poplin Lakota Black Shirts
29291,Men,Apparel,Topwear,Shirts,Green,Summer,2012.0,Casual,Wrangler Men Striped Green Shirt
29280,Men,Apparel,Topwear,Shirts,Red,Summer,2012.0,Casual,Wrangler Men Western Spirit Red Shirt
12025,Men,Apparel,Topwear,Shirts,White,Fall,2011.0,Formal,Mark Taylor Men White & Blue Striped Shirt
7167,Men,Apparel,Topwear,Shirts,Purple,Fall,2011.0,Casual,Scullers Men Scul Purple White Shirt
58809,Men,Apparel,Topwear,Shirts,White,Fall,2012.0,Casual,Highlander Men White Striped Shirt
43304,Women,Apparel,Topwear,Shirts,White,Summer,2012.0,Casual,United Colors of Benetton Women White Shirt
22356,Men,Apparel,Topwear,Shirts,White,Fall,2011.0,Casual,John Players Men Solid White Shirt
26045,Men,Apparel,Topwear,Shirts,Purple,Summer,2012.0,Formal,John Miller Men Purple Shirt
11079,Men,Apparel,Topwear,Shirts,Green,Fall,2011.0,Casual,Scullers Men Check Green Shirts
51417,Men,Apparel,Topwear,Shirts,Blue,Summer,2012.0,Casual,Myntra Men Blue Shirt
16541,Men,Apparel,Topwear,Shirts,Black,Fall,2011.0,Casual,Basics Men Black Slim Fit Checked Shirt
12011,Men,Apparel,Topwear,Shirts,Purple,Fall,2011.0,Formal,Mark Taylor Men Purple Striped Shirts
12017,Men,Apparel,Topwear,Shirts,Purple,Fall,2011.0,Formal,Mark Taylor Men Purple White Striped Shirts
59833,Men,Apparel,Topwear,Shirts,Green,Summer,2012.0,Casual,United Colors of Benetton Men Green Shirt
37794,Men,Apparel,Topwear,Shirts,Brown,Summer,2012.0,Formal,John Players Men Stripes Brown Shirt
6772,Men,Apparel,Topwear,Shirts,Green,Summer,2011.0,Casual,Timberland Men Claremont Popl Green Shirt
33492,Men,Apparel,Topwear,Shirts,Blue,Summer,2012.0,Casual,Doodle Kids Boy Check Blue Shirt
33249,Men,Apparel,Topwear,Shirts,White,Summer,2012.0,Formal,Arrow Men Blue Striped Shirt
17719,Men,Apparel,Topwear,Shirts,White,Fall,2011.0,Casual,Reid & Taylor Men Check White Shirt
41586,Men,Apparel,Topwear,Shirts,White,Summer,2012.0,Casual,Basics Men White Striped Shirt
22354,Men,Apparel,Topwear,Shirts,Grey,Fall,2011.0,Casual,John Players Men Stripes Grey Shirt
9455,Men,Apparel,Topwear,Shirts,Red,Fall,2011.0,Formal,John Miller Men Red Striped Shirt
9662,Men,Apparel,Topwear,Shirts,Blue,Fall,2011.0,Casual,Indigo Nation Men Reversible Bling Blue Shirts
5987,Men,Apparel,Topwear,Shirts,Black,Summer,2011.0,Casual,Highlander Men Black Striped Slim Fit Shirt
24524,Men,Apparel,Topwear,Shirts,Black,Fall,2011.0,Casual,Mother Earth Men Black Shirt
9469,Men,Apparel,Topwear,Shirts,White,Fall,2011.0,Formal,John Miller Men White Shirt
18305,Men,Apparel,Topwear,Shirts,Pink,Summer,2011.0,Casual,Wills Lifestyle Men Striped Pink Shirt
6611,Men,Apparel,Topwear,Shirts,Navy Blue,Summer,2011.0,Casual,Spykar Men Stripes Navy Blue Shirt
53211,Men,Apparel,Topwear,Shirts,Blue,Summer,2012.0,Formal,Mark Taylor Men Blue Shirt
27856,Women,Apparel,Topwear,Shirts,Red,Summer,2012.0,Casual,Scullers For Her Check Red Shirt
41605,Men,Apparel,Topwear,Shirts,Grey,Fall,2012.0,Casual,Basics Men Grey Shirt
12357,Men,Apparel,Topwear,Shirts,Blue,Fall,2011.0,Formal,Reid & Taylor Men Check Blue Shirts
10794,Men,Apparel,Topwear,Shirts,Navy Blue,Fall,2011.0,Casual,Wrangler Men Warnick Square Block Navy Blue Shirts
19201,Men,Apparel,Topwear,Shirts,Black,Fall,2011.0,Casual,United Colors of Benetton Men Check Black Shirt
59301,Men,Apparel,Topwear,Shirts,Olive,Fall,2012.0,Casual,U.S. Polo Assn. Denim Co. Men Olive Shirt
27153,Men,Apparel,Topwear,Shirts,Green,Summer,2012.0,Formal,Mark Taylor Men Striped Green Shirt
22576,Men,Apparel,Topwear,Shirts,Purple,Fall,2011.0,Casual,Highlander Men Purple Check Shirt
23196,Men,Apparel,Topwear,Shirts,Green,Fall,2011.0,Casual,Highlander Men Green Check Shirt
27871,Women,Apparel,Topwear,Shirts,White,Summer,2012.0,Casual,Scullers For Her Striped White Shirt
15967,Men,Apparel,Topwear,Shirts,Red,Fall,2011.0,Casual,Turtle Check Men Red Shirt
26800,Men,Apparel,Topwear,Shirts,Grey,Summer,2013.0,Formal,Arrow Men Grey Shirt
15693,Men,Apparel,Topwear,Shirts,Blue,Fall,2011.0,Formal,Black coffee Men Micheal Blue Slim Fit Shirt
8728,Men,Apparel,Topwear,Shirts,Purple,Fall,2011.0,Casual,Indigo Nation Men Checks Purple Shirts
27892,Women,Apparel,Topwear,Shirts,Black,Summer,2012.0,Formal,Scullers For Her Black Striped Shirt
40129,Boys,Apparel,Topwear,Shirts,Navy Blue,Summer,2012.0,Casual,Gini and Jony BoysCore Navy Blue Shirt
26367,Women,Apparel,Topwear,Shirts,Lavender,Summer,2012.0,,Arrow Woman Lavender Shirt
9262,Men,Apparel,Topwear,Shirts,Blue,Fall,2011.0,Formal,Mark Taylor Men Blue Striped Shirt
17169,Men,Apparel,Topwear,Shirts,Maroon,Fall,2011.0,Casual,U.S. Polo Assn. Men Checks Maroon Shirt
51423,Men,Apparel,Topwear,Shirts,Orange,Summer,2012.0,Casual,Myntra Men Orange Check Shirt
26390,Men,Apparel,Topwear,Shirts,Purple,Summer,2012.0,Formal,Turtle Men Check Purple Shirt
9659,Men,Apparel,Topwear,Shirts,Blue,Fall,2011.0,Casual,Indigo Nation Men Reversible Bling Blue Shirts
21118,Men,Apparel,Topwear,Shirts,Olive,Fall,2011.0,Casual,s.Oliver Men Check Olive Shirt
27542,Men,Apparel,Topwear,Shirts,Black,Summer,2012.0,Casual,Scullers Men Check Black Shirt
29277,Women,Apparel,Topwear,Shirts,Blue,Summer,2012.0,Casual,Wrangler Women Salena Blue Shirt
51426,Men,Apparel,Topwear,Shirts,White,Summer,2012.0,Casual,Myntra Men Red Check Shirt
10814,Men,Apparel,Topwear,Shirts,Purple,Fall,2011.0,Casual,Wrangler Men Easter Bright Amslar Purple Shirt
23207,Men,Apparel,Topwear,Shirts,Blue,Fall,2011.0,Casual,Highlander Men Blue Check Shirt
14785,Men,Apparel,Topwear,Shirts,Navy Blue,Fall,2013.0,Formal,Arrow Men Stripes Navy Blue Shirts
29696,Men,Apparel,Topwear,Shirts,Purple,Summer,2012.0,Formal,John Miller Men Striped Purple Shirt
57110,Women,Apparel,Topwear,Shirts,Blue,Summer,2012.0,Casual,Elle Women Blue Shirt
26063,Men,Apparel,Topwear,Shirts,Blue,Summer,2012.0,Formal,John Miller Men Striped Blue Shirt
12245,Men,Apparel,Topwear,Shirts,Maroon,Winter,2011.0,Formal,Genesis Maroon Formal Shirt
37785,Men,Apparel,Topwear,Shirts,Blue,Summer,2012.0,Casual,John Players Men Gingham Blue Shirt
7168,Men,Apparel,Topwear,Shirts,Blue,Fall,2011.0,Casual,Scullers Men Scul Blue White Shirt
9072,Men,Apparel,Topwear,Shirts,White,Fall,2011.0,Formal,Mark Taylor Men Solid White Shirts
20131,Women,Apparel,Topwear,Shirts,Red,Fall,2011.0,Casual,Wrangler Women Double Red Shirt
19692,Men,Apparel,Topwear,Shirts,Black,Fall,2011.0,Casual,United Colors of Benetton Men Solid Black Shirt
20024,Men,Apparel,Topwear,Shirts,Red,Fall,2011.0,Casual,United Colors of Benetton Men Check Red Shirt
9639,Men,Apparel,Topwear,Shirts,Blue,Fall,2011.0,Casual,Indigo Nation Men Checks Blue Shirts
11676,Men,Apparel,Topwear,Shirts,Blue,Fall,2011.0,Casual,Lee Men Check Blue Shirts
8788,Men,Apparel,Topwear,Shirts,White,Fall,2011.0,Formal,Indigo Nation Men Price catch Red White Shirts
17546,Men,Apparel,Topwear,Shirts,Pink,Fall,2011.0,Formal,Mark Taylor Men Pink & White Striped Shirt
9236,Men,Apparel,Topwear,Shirts,Brown,Fall,2011.0,Formal,Mark Taylor Men Brown Striped Shirt
9260,Men,Apparel,Topwear,Shirts,Blue,Fall,2011.0,Formal,Mark Taylor Men Blue Striped Shirt
16045,Men,Apparel,Topwear,Shirts,White,Fall,2011.0,Casual,Highlander Men Check White Shirt
14053,Men,Apparel,Topwear,Shirts,Blue,Fall,2011.0,Casual,Flying Machine Men Check  Blue Shirts
22800,Men,Apparel,Topwear,Shirts,Blue,Summer,2011.0,Casual,Locomotive Men Blue Check Shirt
18974,Men,Apparel,Topwear,Shirts,Blue,Summer,2011.0,Casual,United Colors of Benetton Men Stripes Blue Shirt
31640,Men,Apparel,Topwear,Shirts,Blue,Summer,2012.0,Casual,Indigo Nation Men Check Blue Shirt
37143,Men,Apparel,Topwear,Shirts,Blue,Summer,2012.0,Casual,Wills Lifestyle Men Blue Gingham Shirt
13867,Men,Apparel,Topwear,Shirts,Red,Fall,2011.0,Casual,Scullers Men Check Red Shirts
30228,Men,Apparel,Topwear,Shirts,Black,Summer,2012.0,Formal,John Miller Men Striped Black Shirt
27887,Women,Apparel,Topwear,Shirts,White,Summer,2012.0,Formal,Scullers For Her White Check Shirt
13752,Men,Apparel,Topwear,Shirts,Blue,Fall,2011.0,Formal,Belmonte Men Check Blue Shirts
48361,Men,Apparel,Topwear,Shirts,Blue,Summer,2012.0,Casual,French Connection Men Blue Shirt
27566,Men,Apparel,Topwear,Shirts,Blue,Summer,2012.0,Casual,Scullers Men Striped Blue Shirt
51401,Men,Apparel,Topwear,Shirts,Blue,Summer,2012.0,Casual,Myntra Men Blue and Yellow Check Shirt
57296,Men,Apparel,Topwear,Shirts,White,Summer,2012.0,Casual,French Connection Men White Checks Shirt
18749,Women,Apparel,Topwear,Shirts,Red,Fall,2011.0,Casual,Arrow Woman Hallie Red Shirt
12942,Men,Apparel,Topwear,Shirts,Blue,Fall,2011.0,Casual,Basics Men Blue Slim Fit Striped Shirt
9590,Men,Apparel,Topwear,Shirts,White,Fall,2011.0,Formal,Indigo Nation Men cotton White Shirts
13487,Men,Apparel,Topwear,Shirts,Blue,Fall,2011.0,Casual,Spykar Men Stripes Blue Shirts
10807,Men,Apparel,Topwear,Shirts,Black,Fall,2011.0,Casual,Wrangler Men Stampede Printed Stripe Black Shirts
8862,Men,Apparel,Topwear,Shirts,Green,Fall,2011.0,Casual,Mark Taylor Men Green Striped Shirt
19204,Men,Apparel,Topwear,Shirts,Green,Fall,2011.0,Casual,United Colors of Benetton Men Check Green Shirt
41661,Men,Apparel,Topwear,Shirts,Blue,Summer,2012.0,Formal,Mark Taylor Men Blue Striped Shirt
13743,Men,Apparel,Topwear,Shirts,Black,Fall,2011.0,Casual,Belmonte Men Check Black Shirts
27874,Women,Apparel,Topwear,Shirts,Black,Summer,2012.0,Casual,Scullers For Her Striped Black Shirt
16032,Men,Apparel,Topwear,Shirts,Grey,Fall,2011.0,Casual,Highlander Men Check Grey Shirt
19703,Men,Apparel,Topwear,Shirts,Black,Fall,2011.0,Casual,United Colors of Benetton Men Stripes Black Shirt
10813,Men,Apparel,Topwear,Shirts,Black,Fall,2011.0,Casual,Wrangler Men Dirt Rider Check Black Shirts
12471,Men,Apparel,Topwear,Shirts,White,Fall,2011.0,Casual,Basics Men White Slim Fit Shirt
11697,Men,Apparel,Topwear,Shirts,Blue,Fall,2011.0,Casual,Lee Men Check Blue Shirts
8791,Men,Apparel,Topwear,Shirts,Blue,Fall,2011.0,Formal,Indigo Nation Men Price catch Blue White Shirts
15968,Men,Apparel,Topwear,Shirts,Black,Fall,2011.0,Casual,Turtle Check Men Black Shirt
12180,Men,Apparel,Topwear,Shirts,White,Fall,2011.0,Casual,Basics Men White Slim Fit Checked Shirt
13940,Men,Apparel,Topwear,Shirts,Grey,Fall,2011.0,Casual,United Colors of Benetton Men Check Grey Shirt
4974,Men,Apparel,Topwear,Shirts,Yellow,Summer,2011.0,Casual,Gini and Jony Boy's Kangaroo Yellow Infant Kidswear
17571,Men,Apparel,Topwear,Shirts,Blue,Fall,2011.0,Formal,Mark Taylor Men Blue & White Striped Shirt
8586,Men,Apparel,Topwear,Shirts,Red,Fall,2011.0,Casual,Scullers Men Red Shirt
9634,Men,Apparel,Topwear,Shirts,White,Fall,2011.0,Formal,Indigo Nation Men Price catch Black White Shirts
22395,Men,Apparel,Topwear,Shirts,Blue,Fall,2011.0,Casual,Mark Taylor Men Striped Blue Shirt
51400,Men,Apparel,Topwear,Shirts,Yellow,Summer,2012.0,Formal,Myntra Men Yellow Shirt
30794,Men,Apparel,Topwear,Shirts,White,Summer,2012.0,Ethnic,Fabindia Men Printed White Shirt
26065,Men,Apparel,Topwear,Shirts,Black,Summer,2012.0,Formal,John Miller Men Check Black Shirt
27866,Women,Apparel,Topwear,Shirts,Purple,Summer,2012.0,Casual,Scullers For Her Striped Purple Shirt
26958,Women,Apparel,Topwear,Shirts,Teal,Summer,2012.0,Casual,Jealous 21 Women Teal Shirt
2050,Men,Apparel,Topwear,Shirts,Black,Winter,2010.0,Casual,Lee Men Essential Black Shirt
33553,Men,Apparel,Topwear,Shirts,Green,Summer,2012.0,Casual,Wrangler Men Exeter Check Green Shirt
17168,Men,Apparel,Topwear,Shirts,Mustard,Fall,2011.0,Casual,U.S. Polo Assn. Men Checks Mustard Shirt
26087,Men,Apparel,Topwear,Shirts,Purple,Summer,2012.0,Formal,John Miller Men Check Purple Shirt
27862,Women,Apparel,Topwear,Shirts,Navy Blue,Summer,2012.0,Casual,Scullers For Her Women Check Navy Blue Shirt
8472,Women,Apparel,Topwear,Shirts,Blue,Fall,2011.0,Casual,Scullers For Her Women Wow Woven Navy Blue Tops
51403,Men,Apparel,Topwear,Shirts,Navy Blue,Summer,2012.0,Casual,Myntra Men Blue and White Check Shirt
8871,Men,Apparel,Topwear,Shirts,Blue,Fall,2011.0,Casual,Mark Taylor Men Blue Striped Shirt
20164,Men,Apparel,Topwear,Shirts,Navy Blue,Fall,2011.0,Casual,Wrangler Men Easter Navy Blue Shirt
38823,Women,Apparel,Topwear,Shirts,Navy Blue,Fall,2012.0,Casual,Latin Quarters Women Navy Blue Shirt
14526,Men,Apparel,Topwear,Shirts,Blue,Fall,2011.0,Formal,Mark Taylor Men Aqua Blue & White Grey Striped Shirt
14786,Men,Apparel,Topwear,Shirts,Purple,Fall,2011.0,Formal,Arrow Men Solid Purple Shirts
15090,Men,Apparel,Topwear,Shirts,White,Fall,2011.0,Casual,Mother Earth Men Check White Shirts
13459,Men,Apparel,Topwear,Shirts,Blue,Summer,2011.0,Casual,United Colors of Benetton Men Check Blue Shirts
9454,Men,Apparel,Topwear,Shirts,White,Fall,2011.0,Formal,John Miller Men White Check Shirt
26114,Men,Apparel,Topwear,Shirts,Purple,Summer,2012.0,Formal,John Miller Men Purple Shirt
17193,Men,Apparel,Topwear,Shirts,Navy Blue,Winter,2016.0,Casual,U.S. Polo Assn. Men Stripes Navy Blue Shirt
56770,Men,Apparel,Topwear,Shirts,Grey,Summer,2012.0,Casual,Horsefly Men Grey & Blue Striped Shirt
12952,Men,Apparel,Topwear,Shirts,Blue,Fall,2011.0,Casual,Basics Men Blue Slim Fit Checked Shirt
9064,Men,Apparel,Topwear,Shirts,Blue,Fall,2011.0,Formal,Mark Taylor Men Blue Striped Shirt
58765,Men,Apparel,Topwear,Shirts,Beige,Summer,2012.0,Casual,Locomotive Men Beige Shirt
12304,Men,Apparel,Topwear,Shirts,Red,Fall,2011.0,Formal,Genesis Men Stripes Red Shirts
9881,Men,Apparel,Topwear,Shirts,Black,Fall,2011.0,Casual,Indigo Nation Men Club Poplin Black Shirts
27148,Men,Apparel,Topwear,Shirts,Grey,Summer,2012.0,Formal,Mark Taylor Men Striped Grey Shirt
13320,Men,Apparel,Topwear,Shirts,Pink,Fall,2011.0,Casual,Gini and Jony Kids Boys Stripes Pink Shirts
33239,Men,Apparel,Topwear,Shirts,Black,Summer,2012.0,Formal,Arrow Men Black Striped Slim Fit Shirt
9594,Men,Apparel,Topwear,Shirts,White,Fall,2011.0,Casual,Scullers Men Scul Red White Shirts
23037,Men,Apparel,Topwear,Shirts,Black,Fall,2011.0,Formal,Arrow Men Black Striped Shirt
27534,Men,Apparel,Topwear,Shirts,Blue,Summer,2012.0,Casual,Scullers Men Check Blue Shirt
29639,Men,Apparel,Topwear,Shirts,White,Summer,2012.0,Casual,Indigo Nation Men White Shirt
12731,Men,Apparel,Topwear,Shirts,Green,Fall,2011.0,Casual,Timberland Men Check Green Shirts
6320,Men,Apparel,Topwear,Shirts,Grey,Summer,2011.0,Casual,UCB Men Small Checks Yellow Shirt
7704,Women,Apparel,Topwear,Tops,Red,Fall,2011.0,Casual,Jealous 21 Women's She's Got Attitude Red Top
4920,Women,Apparel,Topwear,Tops,Pink,Summer,2011.0,Casual,Gini and Jony Girl's Veeya Pink Infant Kidswear
30946,Women,Apparel,Topwear,Tops,Blue,Summer,2012.0,Ethnic,Fabindia Women Blue Cambric Top
4884,Women,Apparel,Topwear,Tops,Purple,Summer,2011.0,Casual,Levis Kids Girl's Darcy Purple Teens Kidswear
48504,Women,Apparel,Topwear,Tops,Blue,Summer,2012.0,Casual,French Connection Women Blue Top
38848,Women,Apparel,Topwear,Tops,Grey,Summer,2012.0,Casual,Latin Quarters Women Grey Top
58007,Women,Apparel,Topwear,Tops,Mustard,Fall,2012.0,Casual,Latin Quarters Women Chartreuse Yellow Top
34574,Women,Apparel,Topwear,Tops,Black,Summer,2012.0,Casual,Tonga Women Printed Black Top
7154,Women,Apparel,Topwear,Tops,Grey,Fall,2011.0,Casual,Scullers For Her Women's Fashion Summer Lite Ash Grey Top
42235,Women,Apparel,Topwear,Tops,Black,Summer,2012.0,Casual,Sepia Women Black Top
5012,Women,Apparel,Topwear,Tops,Pink,Summer,2011.0,Casual,Gini and Jony Girl's Peggy Pink Kidswear
21416,Women,Apparel,Topwear,Tops,Pink,Winter,2012.0,Casual,Roxy Women Pink Top
26917,Women,Apparel,Topwear,Tops,Purple,Summer,2012.0,Casual,Jealous 21 Women Printed Purple Top
40990,Girls,Apparel,Topwear,Tops,White,Summer,2012.0,Casual,Palm Tree Girls Milan White Top
41972,Girls,Apparel,Topwear,Tops,Blue,Summer,2012.0,Casual,Gini and Jony Girls Summer Up Blue Top
43624,Women,Apparel,Topwear,Tops,White,Summer,2012.0,Casual,Vero Moda Women White Top
33179,Women,Apparel,Topwear,Tops,Blue,Summer,2012.0,Casual,Sepia Women Blue Top
28473,Women,Apparel,Topwear,Tops,Turquoise Blue,Summer,2012.0,Casual,Urban Yoga Women Printed Turquoise Blue Top
45949,Women,Apparel,Topwear,Tops,White,Summer,2012.0,Casual,Tokyo Talkies Women White Top
25542,Women,Apparel,Topwear,Tops,Yellow,Summer,2012.0,Casual,Wrangler Women Striper Tank Yellow Top
38343,Girls,Apparel,Topwear,Tops,White,Summer,2012.0,Casual,Mr. Men Little Miss Girls White Tops
40409,Women,Apparel,Topwear,Tops,Black,Summer,2012.0,Casual,Tonga Women Black & Cream-Coloured Striped Top
18173,Girls,Apparel,Topwear,Tops,Magenta,Fall,2011.0,Casual,Doodle Kids Girls Layer Magenta Top
16137,Women,Apparel,Topwear,Tops,Pink,Fall,2011.0,Casual,Tokyo Talkies Women Printed Pink Top
33169,Women,Apparel,Topwear,Tops,Yellow,Summer,2012.0,Casual,Sepia Women Yellow Top
5130,Women,Apparel,Topwear,Tops,Black,Summer,2011.0,Casual,Wrangler Women Woodstock Black White Top
13443,Women,Apparel,Topwear,Tops,White,Summer,2011.0,Casual,United Colors of Benetton Women Solid White Tops
43924,Women,Apparel,Topwear,Tops,Grey,Summer,2012.0,Casual,Femella Women Grey Top
43584,Girls,Apparel,Topwear,Tops,Pink,Summer,2012.0,Casual,Gini and Jony Girls Pink Top
4901,Women,Apparel,Topwear,Tops,Pink,Summer,2011.0,Casual,Levis Kids Girl's Desiree Pink Kidswear
50705,Women,Apparel,Topwear,Tops,Cream,Summer,2012.0,Casual,Latin Quarters Women Cream Printed Top
10336,Women,Apparel,Topwear,Tops,Black,Fall,2011.0,Casual,United Colors of Benetton Women Stripes Black Tops
31122,Girls,Apparel,Topwear,Tops,White,Summer,2012.0,Casual,Gini and Jony Girls Printed White Top
5136,Women,Apparel,Topwear,Tops,Pink,Summer,2011.0,Casual,Wrangler Women Yoke Tucks Checks Pink White Top
7312,Women,Apparel,Topwear,Tops,Pink,Summer,2011.0,Casual,UCB Women's Short Sleeve Polo Pink Top
26359,Women,Apparel,Topwear,Tops,Black,Summer,2012.0,Casual,Arrow Women Black Top
39216,Women,Apparel,Topwear,Tops,Black,Summer,2012.0,Casual,Femella Women Animal Print One Shoulder Black & Brown Top
57107,Women,Apparel,Topwear,Tops,Olive,Summer,2012.0,Casual,Elle Women Green Essentials Top
12851,Women,Apparel,Topwear,Tops,Black,Fall,2011.0,Casual,Ant Kids Crystal Button Black Tops
18743,Women,Apparel,Topwear,Tops,Orange,Fall,2011.0,Casual,Arrow Woman Cameron Orange Top
19620,Women,Apparel,Topwear,Tops,Olive,Summer,2011.0,Casual,United Colors of Benetton Women Solid Olive Top
41377,Women,Apparel,Topwear,Tops,Yellow,Summer,2012.0,Casual,Wrangler Women Yellow Maria Top
13295,Women,Apparel,Topwear,Tops,Pink,Fall,2011.0,Casual,Gini and Jony Kids Girls Printed Pink Tops
41762,Women,Apparel,Topwear,Tops,Multi,Summer,2012.0,Casual,Remanika Women Multi Coloured Top
45981,Women,Apparel,Topwear,Tops,Grey Melange,Summer,2012.0,Casual,Tokyo Talkies Women Grey Melange Printed Top
7362,Women,Apparel,Topwear,Tops,Blue,Summer,2011.0,Casual,UCB Women's Graphic Print Sequins Blue Top
8492,Women,Apparel,Topwear,Tops,Peach,Fall,2011.0,Casual,Forever New Women Peony Peach Top
17850,Women,Apparel,Topwear,Tops,Grey,Fall,2011.0,Casual,Flying Machine Women Sequins Grey Top
26890,Women,Apparel,Topwear,Tops,Pink,Summer,2012.0,Casual,Jealous 21 Women Printed Pink Top
24942,Girls,Apparel,Topwear,Tops,Black,Summer,2012.0,Casual,United Colors of Benetton Kids Girls Black Top
18753,Women,Apparel,Topwear,Tops,Blue,Fall,2011.0,Casual,Arrow Woman Megan Blue Top
39231,Women,Apparel,Topwear,Tops,Peach,Summer,2012.0,Casual,Femella Women Peach Top
10715,Women,Apparel,Topwear,Tops,Black,Fall,2011.0,Casual,Nike Women Training sports bra Black Tops
2956,Women,Apparel,Topwear,Tops,Yellow,Fall,2010.0,Casual,DUSG Women Rishikesh Organic Wheat Top
39849,Girls,Apparel,Topwear,Tops,Blue,Summer,2012.0,Casual,Gini and Jony Girls Striped Blue Top
50719,Girls,Apparel,Topwear,Tops,Red,Summer,2012.0,Casual,Doodle Girls Red Printed Top
4885,Women,Apparel,Topwear,Tops,Purple,Summer,2011.0,Casual,Levis Kids Girl's Darcy Purple Kidswear
7206,Women,Apparel,Topwear,Tops,White,Fall,2011.0,Casual,Jealous 21 Women's Pink Flowers Offwhite Top
41785,Women,Apparel,Topwear,Tops,Purple,Summer,2012.0,Casual,Remanika Women Purple Top
40423,Women,Apparel,Topwear,Tops,White,Summer,2012.0,Casual,Tonga Women White Top
7208,Women,Apparel,Topwear,Tops,White,Fall,2011.0,Casual,Jealous 21 Women's Flower Printed White Top
58514,Women,Apparel,Topwear,Tops,Grey,Summer,2012.0,Casual,Tonga Women Grey Top
5009,Women,Apparel,Topwear,Tops,Blue,Summer,2011.0,Casual,Gini and Jony Girl's Pacey Blue Kidswear
9156,Women,Apparel,Topwear,Tops,Purple,Fall,2011.0,Casual,Jealous 21 Women Lavender Purple Tops
48090,Women,Apparel,Topwear,Tops,Olive,Summer,2012.0,Casual,French Connection Women Olive Top
14136,Women,Apparel,Topwear,Tops,Black,Summer,2011.0,Casual,Jealous 21 Women Stripes Black Tops
5108,Women,Apparel,Topwear,Tops,Blue,Summer,2011.0,Casual,Wrangler Women Yoke Tucks Check Blue Black Top
7304,Women,Apparel,Topwear,Tops,Pink,Summer,2011.0,Casual,UCB Women's Short Sleeve Pink Top
42245,Women,Apparel,Topwear,Tops,Pink,Summer,2012.0,Casual,Sepia Women Pink Top
10677,Women,Apparel,Topwear,Tops,Pink,Fall,2011.0,Casual,Doodle Girl Flap doodle angel Pink Tops
33540,Women,Apparel,Topwear,Tops,Red,Summer,2012.0,Casual,Wrangler Women Maddy Red Top
51458,Women,Apparel,Topwear,Tops,Black,Summer,2012.0,Casual,Tonga Women Black Top
6897,Women,Apparel,Topwear,Tops,Cream,Summer,2011.0,Casual,Forever New Women Embellishments Cream Top
35445,Girls,Apparel,Topwear,Tops,Pink,Summer,2012.0,Casual,Doodle Girls Pink Top
58498,Women,Apparel,Topwear,Tops,White,Summer,2012.0,Casual,Tonga Women Printed White Top
33762,Women,Apparel,Topwear,Tops,Pink,Summer,2012.0,Casual,Vero Moda Women Viva Pink Top
34001,Women,Apparel,Topwear,Tops,Brown,Summer,2012.0,Casual,Femella Women Brown Top
31783,Women,Apparel,Topwear,Tops,Purple,Summer,2012.0,Casual,Lee Women Purple Paula Pansy Top
34094,Girls,Apparel,Topwear,Tops,Lime Green,Summer,2012.0,Casual,Doodle Girls Printed Lime Green Top
23053,Women,Apparel,Topwear,Tops,Purple,Fall,2011.0,Casual,Arrow Woman Purple Printed Top
35984,Women,Apparel,Topwear,Tops,Blue,Summer,2012.0,Casual,Flying Machine Women Printed Cobalt Blue Top
27854,Women,Apparel,Topwear,Tops,Maroon,Summer,2012.0,Casual,Scullers For Her Women Maroon Top
24924,Women,Apparel,Topwear,Tops,Blue,Summer,2012.0,Casual,United Colors of Benetton Women Blue Top
43688,Girls,Apparel,Topwear,Tops,Pink,Summer,2012.0,Casual,Doodle Girls Pink Top
42218,Women,Apparel,Topwear,Tops,Blue,Summer,2012.0,Casual,Sepia Women Blue Printed Top
7313,Women,Apparel,Topwear,Tops,White,Summer,2011.0,Casual,UCB Women Sleeveless White Top
19615,Women,Apparel,Topwear,Tops,Olive,Summer,2011.0,Casual,United Colors of Benetton Women Solid Olive Top
7203,Women,Apparel,Topwear,Tops,Blue,Fall,2011.0,Casual,Jealous 21 Women Lady With The Hat Blue Top
5759,Women,Apparel,Topwear,Tops,Black,Summer,2011.0,Casual,Jealous 21 Women Black Party Top
11755,Women,Apparel,Topwear,Tops,White,Summer,2011.0,Casual,Lee Women Solid White Shirts
11439,Women,Apparel,Topwear,Tops,Navy Blue,Fall,2011.0,Casual,United Colors of Benetton Women Solid Navy Blue Top
5109,Women,Apparel,Topwear,Tops,Black,Summer,2011.0,Casual,Wrangler Women Long Polka White Red Top
19593,Women,Apparel,Topwear,Tops,Brown,Fall,2011.0,Casual,United Colors of Benetton Women Printed Brown Top
31792,Women,Apparel,Topwear,Tops,Orange,Summer,2012.0,Casual,Lee Women Apple Coral Top
13335,Women,Apparel,Topwear,Tops,Pink,Fall,2011.0,Casual,Gini and Jony Kids Girls Printed Pink Tops
3967,Women,Apparel,Topwear,Tops,Pink,Summer,2011.0,Casual,Jealous 21 Women Pink & Beige Long Top
57817,Women,Apparel,Topwear,Tops,Green,Fall,2012.0,Casual,United Colors of Benetton Women Green Top
26921,Women,Apparel,Topwear,Tops,Black,Summer,2012.0,Casual,Jealous 21 Women Black Top
44703,Women,Apparel,Topwear,Tops,Cream,Summer,2012.0,Casual,Wills Lifestyle Women Cream Top
52164,Women,Apparel,Topwear,Tops,Purple,Summer,2012.0,Casual,Femella Women Purple Top
4907,Women,Apparel,Topwear,Tops,Green,Summer,2011.0,Casual,Palm Tree Girl's Linnea White Green Kidswear
44810,Women,Apparel,Topwear,Tops,Purple,Summer,2012.0,Casual,Spykar Women Purple Top
9332,Women,Apparel,Topwear,Tops,White,Fall,2011.0,Casual,Puma Women Ess Striped White Tops
48492,Women,Apparel,Topwear,Tops,Beige,Winter,2011.0,Casual,French Connection Women Beige Top
38331,Girls,Apparel,Topwear,Tops,White,Summer,2012.0,Casual,Hannah Montana Girls White Top
59872,Women,Apparel,Topwear,Tops,Grey,Fall,2012.0,Casual,Femella Women Grey Top
5794,Women,Apparel,Topwear,Tops,Black,Summer,2011.0,Casual,Jealous 21 Women Party Black Top
4618,Women,Apparel,Topwear,Tops,Pink,Summer,2011.0,Casual,Jealous 21 Women Knit Design Pink Top
18734,Women,Apparel,Topwear,Tops,Off White,Fall,2011.0,Casual,Arrow Woman Bow Off White Top
57111,Women,Apparel,Topwear,Tops,Blue,Summer,2012.0,Casual,Elle Women Blue Top
59130,Men,Apparel,Topwear,Jackets,Black,Summer,2012.0,Casual,Just Natural Men Black Jacket
7686,Men,Apparel,Topwear,Jackets,Red,Fall,2011.0,Sports,Puma Men Alonso Track Red Ferrari Jacket
6478,Men,Apparel,Topwear,Jackets,Grey,Summer,2011.0,Casual,ADIDAS Men Top Grey Jacket
36208,Boys,Apparel,Topwear,Jackets,Black,Summer,2012.0,Casual,Gini Jony Boys Black Jacket
17629,Men,Apparel,Topwear,Jackets,Blue,Fall,2011.0,Casual,ADIDAS Men Solid Blue Jacket
8478,Women,Apparel,Topwear,Jackets,Blue,Fall,2011.0,Casual,Forever New Women Vintage Blue Jackets
19012,Women,Apparel,Topwear,Jackets,Pink,Summer,2011.0,Casual,ADIDAS Originals Women Supergirl TT Pink Jacket
13835,Men,Apparel,Topwear,Jackets,Black,Summer,2012.0,Sports,Nike Men Solid Black Jackets
1622,Men,Apparel,Topwear,Jackets,Navy Blue,Summer,2016.0,Casual,Reebok Navy Knit Rib Jacket
46121,Women,Apparel,Topwear,Jackets,Black,Summer,2015.0,Casual,Wildcraft Women Black Jacket
15014,Men,Apparel,Topwear,Jackets,Black,Fall,2011.0,Sports,ADIDAS Men Solid Black Jackets
14322,Men,Apparel,Topwear,Jackets,Black,Fall,2011.0,Sports,ADIDAS Men Solid Black Jackets
11368,Women,Apparel,Topwear,Jackets,Black,Fall,2011.0,Casual,United Colors Of Benetton Women Light Winter Black Jackets
53435,Men,Apparel,Topwear,Jackets,Black,Summer,2012.0,Sports,ADIDAS Men Black Jacket
59112,Men,Apparel,Topwear,Jackets,Olive,Summer,2012.0,Casual,Just Natural Men Olive Jacket
3323,Men,Apparel,Topwear,Jackets,Blue,Summer,2011.0,Sports,KKR Mens Fangear Tee
16196,Men,Apparel,Topwear,Jackets,Red,Fall,2011.0,Sports,Puma Men Heroes Red Jackets
1584,Unisex,Apparel,Topwear,Jackets,White,Summer,2011.0,Casual,Domyos Unisex Feather-light Jacket
1530,Men,Apparel,Topwear,Jackets,Red,Fall,2010.0,Sports,Puma Men Ferrari Track Jacket
9947,Men,Apparel,Topwear,Jackets,Blue,Fall,2011.0,Sports,ADIDAS Men Torment Blue Jackets
19004,Women,Apparel,Topwear,Jackets,Red,Summer,2011.0,Casual,ADIDAS Originals Women Firebird Red Jacket
40051,Men,Apparel,Topwear,Jackets,Navy Blue,Fall,2013.0,Sports,ADIDAS Men Navy Messi Track Jacket
14960,Men,Apparel,Topwear,Jackets,Blue,Fall,2011.0,Casual,Status Quo Men Printed Blue Jackets
46412,Men,Apparel,Topwear,Jackets,White,Summer,2012.0,Sports,ADIDAS Men White & Blue Jacket
59117,Men,Apparel,Topwear,Jackets,Black,Summer,2012.0,Casual,Just Natural Men Black & Grey Reversible Jacket
13240,Men,Apparel,Topwear,Jackets,White,Fall,2011.0,Casual,Palm Tree Kids Boys Solid White Jackets
17151,Men,Apparel,Topwear,Jackets,Navy Blue,Winter,2016.0,Casual,U.S. Polo Assn. Men Solid Navy Blue Jacket
14961,Men,Apparel,Topwear,Jackets,Red,Fall,2011.0,Casual,Status Quo Men Printed Red Jackets
57064,Women,Apparel,Topwear,Jackets,Black,Summer,2012.0,Casual,Elle Women Black Jacket
1658,Men,Apparel,Topwear,Jackets,Blue,Fall,2012.0,Sports,Nike Men Windrunner Blue Jacket
9771,Men,Apparel,Topwear,Jackets,Blue,Fall,2011.0,Casual,ADIDAS Men Adna Blue Jackets
15966,Men,Apparel,Topwear,Jackets,Grey,Fall,2011.0,Casual,Turtle Solid Men Grey Jacket
20791,Men,Apparel,Topwear,Jackets,Black,Fall,2011.0,Casual,Basics Men Black Blazer Jacket
17150,Men,Apparel,Topwear,Jackets,Red,Winter,2016.0,Casual,U.S. Polo Assn. Men Solid Red Jacket
40922,Boys,Apparel,Topwear,Jackets,Blue,Summer,2012.0,Casual,Gini and Jony Boys Rodeo Blue Jacket
22316,Men,Apparel,Topwear,Jackets,Grey,Fall,2011.0,Casual,Wildcraft Men Solid Grey Jacket
12808,Men,Apparel,Topwear,Jackets,Blue,Fall,2011.0,Sports,Nike Men Zip Pocket Blue Jackets
22317,Men,Apparel,Topwear,Jackets,Khaki,Fall,2011.0,Casual,Wildcraft Men Solid Khaki Jacket
20790,Men,Apparel,Topwear,Jackets,Blue,Fall,2011.0,Casual,Basics Men Blue Washed Jacket
15464,Men,Apparel,Topwear,Jackets,Black,Fall,2011.0,Casual,Puma Men Frost HD Black Jackets
9946,Men,Apparel,Topwear,Sweaters,Black,Fall,2011.0,Sports,ADIDAS Men Frnt Str Black Sweaters
20218,Men,Apparel,Topwear,Sweaters,Charcoal,Fall,2011.0,Casual,Wrangler Men Rib Charcoal Sweater
14993,Men,Apparel,Topwear,Sweaters,Grey,Fall,2011.0,Casual,ADIDAS Men Stripes Grey Sweaters
23068,Men,Apparel,Topwear,Sweaters,Blue,Fall,2011.0,Casual,Arrow Men Blue Check Sweater
18627,Men,Apparel,Topwear,Sweaters,Red,Fall,2011.0,Casual,Puma Men Striped Full Zip Red Sweaters
20303,Women,Apparel,Topwear,Sweaters,Purple,Fall,2011.0,Casual,Jealous 21 Women Solid Purple Sweater
12917,Men,Apparel,Topwear,Sweaters,White,Fall,2011.0,Casual,Spykar Men Stripe White Sweaters
17195,Men,Apparel,Topwear,Sweaters,Green,Winter,2016.0,Casual,U.S. Polo Assn. Men Stripes Green Sweater
23668,Men,Apparel,Topwear,Sweaters,Black,Fall,2011.0,Casual,Spykar Men Black Sweaters
19519,Men,Apparel,Topwear,Sweaters,Black,Fall,2011.0,Casual,United Colors of Benetton Men Stripes Black Sweater
16005,Men,Apparel,Topwear,Sweaters,Grey,Fall,2011.0,Casual,Turtle Stripes Men Grey Sweaters
20788,Men,Apparel,Topwear,Sweaters,Maroon,Fall,2011.0,Casual,Genesis Men Solid Maroon Sweater
13520,Women,Apparel,Topwear,Sweaters,Purple,Fall,2011.0,Casual,Jealous 21 Women Solid Purple Sweaters
19530,Men,Apparel,Topwear,Sweaters,Navy Blue,Fall,2011.0,Casual,United Colors of Benetton Men Stripes Navy Blue Sweater
20223,Women,Apparel,Topwear,Sweaters,Navy Blue,Fall,2011.0,Casual,Wrangler Women Scoop Navy Blue Sleeveless Sweater
32571,Women,Apparel,Topwear,Sweaters,Grey,Summer,2012.0,Casual,ONLY Women Magenta & Grey Sweater
13799,Men,Apparel,Topwear,Sweaters,Purple,Fall,2011.0,Casual,Proline Purple Striped Sweater
13786,Men,Apparel,Topwear,Sweaters,Grey,Fall,2011.0,Casual,Proline Grey Sweater with Knitted Stripes
11094,Women,Apparel,Topwear,Sweaters,Black,Fall,2011.0,Casual,Scullers Women Stripes Black Sweaters
14081,Men,Apparel,Topwear,Sweaters,Green,Fall,2011.0,Casual,Flying Machine Men Solid Green Sweaters
14323,Women,Apparel,Topwear,Sweaters,White,Fall,2011.0,Casual,ADIDAS Women Stripes White Sweaters
18966,Men,Apparel,Topwear,Sweaters,Green,Summer,2011.0,Casual,United Colors of Benetton Men Printed Green Sweater
16194,Men,Apparel,Topwear,Sweaters,Grey,Fall,2011.0,Casual,Puma Men Stripped SL Grey Sweater
16192,Men,Apparel,Topwear,Sweaters,Grey,Fall,2011.0,Casual,Puma Men Knitted Vest Grey Sweater
19964,Men,Apparel,Topwear,Sweaters,Grey,Fall,2011.0,Casual,United Colors of Benetton Men Stripes Grey Sweater
22627,Men,Apparel,Topwear,Sweaters,White,Fall,2011.0,Sports,Nike Men White Sweater
14991,Men,Apparel,Topwear,Sweaters,Green,Fall,2011.0,Casual,ADIDAS Men Solid Green Sweaters
20383,Men,Apparel,Topwear,Sweaters,White,Fall,2011.0,Casual,Spykar Men Solid White Sweater
18200,Women,Apparel,Topwear,Sweaters,Red,Fall,2011.0,Casual,Jealous 21 Women Stripes Red Sweater
19393,Men,Apparel,Topwear,Sweaters,Green,Summer,2011.0,Casual,ADIDAS Men Stripes Green Sweater
15370,Women,Apparel,Topwear,Sweatshirts,Pink,Fall,2011.0,Casual,Urban Yoga Women Solid Pink Sweatshirts
23145,Women,Apparel,Topwear,Sweatshirts,Off White,Fall,2011.0,Casual,Quechua Women  Fleece Off-White Sweatshirt
19324,Men,Apparel,Topwear,Sweatshirts,Maroon,Fall,2011.0,Casual,Myntra Men Solid Maroon Sweatshirt
11402,Men,Apparel,Topwear,Sweatshirts,Black,Fall,2011.0,Casual,United Colors of Benetton Men Winter Black Sweatshirts
16442,Men,Apparel,Topwear,Sweatshirts,Black,Fall,2011.0,Casual,Levis Men Printed Black Sweatshirts
23119,Men,Apparel,Topwear,Sweatshirts,Grey,Fall,2011.0,Casual,Quechua Men Warm Fleece Grey Sweatshirt
16233,Men,Apparel,Topwear,Sweatshirts,Grey,Fall,2011.0,Casual,Puma Men Ess Crew Grey Sweatshirt
16557,Men,Apparel,Topwear,Sweatshirts,Navy Blue,Fall,2011.0,Casual,Basics Men Navy Printed Sweatshirt
20378,Women,Apparel,Topwear,Sweatshirts,Black,Fall,2011.0,Sports,Urban Yoga Women Printed Black Sweatshirt
15625,Men,Apparel,Topwear,Sweatshirts,Grey,Summer,2012.0,Casual,Nike Men AS Squad FT LS Crew Grey Sweatshirts
23139,Men,Apparel,Topwear,Sweatshirts,Olive,Fall,2011.0,Casual,Quechua Men Fleece Olive Sweatshirt
13091,Men,Apparel,Topwear,Sweatshirts,Grey,Fall,2011.0,Casual,ADIDAS Men Cr_Ess 3sfzhood Grey Sweatshirts
16556,Men,Apparel,Topwear,Sweatshirts,Grey,Fall,2011.0,Casual,Basics Men Grey Printed Sweatshirt
20209,Women,Apparel,Topwear,Sweatshirts,Purple,Fall,2011.0,Casual,Wrangler Women Cowl Purple Sweatshirt
21725,Men,Apparel,Topwear,Sweatshirts,Navy Blue,Fall,2011.0,Casual,ADIDAS Men Navy Blue Sweatshirt
19816,Men,Apparel,Topwear,Sweatshirts,Grey,Fall,2011.0,Casual,U.S. Polo Assn. Men Solid Grey Sweatshirt
24304,Men,Apparel,Topwear,Sweatshirts,Black,Fall,2011.0,Casual,ADIDAS Men Printed Black Sweatshirt
24288,Men,Apparel,Topwear,Sweatshirts,Grey,Summer,2012.0,Casual,Quiksilver Men Grey Sweatshirt
1603,Men,Apparel,Topwear,Sweatshirts,Navy Blue,Fall,2010.0,Casual,Reebok Men Hoops Athletic Navy Sweatshirt
22591,Men,Apparel,Topwear,Sweatshirts,Grey,Fall,2011.0,Casual,Nike Men Stripes Grey Sweatshirt
14307,Men,Apparel,Topwear,Sweatshirts,White,Fall,2011.0,Casual,ADIDAS Men Printed White Sweatshirts
20341,Men,Apparel,Topwear,Sweatshirts,Grey,Fall,2011.0,Casual,Proline Men Solid Grey Sweatshirt
14581,Men,Apparel,Topwear,Sweatshirts,Brown,Fall,2011.0,Casual,United Colors of Benetton Men Solid Brown Sweatshirts
19811,Men,Apparel,Topwear,Sweatshirts,Black,Fall,2011.0,Casual,U.S. Polo Assn. Men Solid Black Sweatshirt
14984,Men,Apparel,Topwear,Sweatshirts,Black,Fall,2011.0,Sports,ADIDAS Men Real Madrid Black Sweatshirts
20194,Men,Apparel,Topwear,Sweatshirts,White,Fall,2011.0,Casual,Wrangler Men Seattle Embro White Sweatshirt
14924,Men,Apparel,Topwear,Sweatshirts,Green,Fall,2011.0,Casual,Mr. Men Green Sweatshirt
11530,Men,Apparel,Topwear,Sweatshirts,Green,Fall,2011.0,Casual,United Colors of Benetton Men Light Winter Green Sweatshirts
10029,Women,Apparel,Topwear,Sweatshirts,Navy Blue,Fall,2011.0,Sports,Nike Women As Script Mas Navy Blue Sweatshirts
13317,Men,Apparel,Topwear,Sweatshirts,Grey,Fall,2011.0,Casual,Gini and Jony Kids Boys Printed Grey Sweatshirts
7187,Women,Apparel,Bottomwear,Jeans,Black,Fall,2011.0,Casual,Jealous 21 Women Supper Zipped Ankle Black Jeans
27025,Women,Apparel,Bottomwear,Jeans,Pink,Summer,2012.0,Casual,Jealous 21 Women Pink Jeans
11282,Men,Apparel,Bottomwear,Jeans,Blue,Summer,2016.0,Casual,Wrangler Men Blue Texas Jeans
23401,Women,Apparel,Bottomwear,Jeans,Blue,Summer,2012.0,Casual,Spykar Women Jeans
9187,Men,Apparel,Bottomwear,Jeans,Blue,Fall,2011.0,Casual,Spykar Men Style Essentials Spykar Basic Attire Series 0428 Blue Jeans
40364,Women,Apparel,Bottomwear,Jeans,Navy Blue,Summer,2012.0,Casual,Tokyo Talkies Women Navy Jeans
48386,Men,Apparel,Bottomwear,Jeans,Black,Summer,2012.0,Casual,French Connection Men Black Jeans
57075,Women,Apparel,Bottomwear,Jeans,Blue,Summer,2012.0,Casual,Elle Blue Jeans
52235,Men,Apparel,Bottomwear,Jeans,Blue,Summer,2012.0,Casual,Pepe Jeans Men Dark Blue Jeans
37197,Women,Apparel,Bottomwear,Jeans,Navy Blue,Summer,2012.0,Casual,United Colors of Benetton Women Navy Blue Jeans
11520,Women,Apparel,Bottomwear,Jeans,Black,Fall,2011.0,Casual,United Colors of Benetton Women Denim Black Jeans
18487,Men,Apparel,Bottomwear,Jeans,Blue,Fall,2011.0,Casual,Puma Men Washed Blue Jeans
51596,Women,Apparel,Bottomwear,Jeans,Black,Summer,2012.0,Casual,Wrangler Women Black Molly Jeans
7179,Women,Apparel,Bottomwear,Jeans,Blue,Fall,2011.0,Casual,Jealous 21 Women Blue Jegging
48383,Men,Apparel,Bottomwear,Jeans,Black,Summer,2012.0,Casual,French Connection Men Black Jeans
51503,Women,Apparel,Bottomwear,Jeans,Blue,Summer,2012.0,Casual,Denizen Women Blue Jeans
44579,Men,Apparel,Bottomwear,Jeans,Blue,Spring,2013.0,Casual,Lee Men Blue Pent Jeans
9901,Men,Apparel,Bottomwear,Jeans,Blue,Fall,2011.0,Casual,Spykar Men Actif Low Waist Narrow Fit Blue Jeans
33283,Boys,Apparel,Bottomwear,Jeans,Black,Summer,2012.0,Casual,Gini and Jony Boys Black Jeans
41346,Men,Apparel,Bottomwear,Jeans,Navy Blue,Summer,2016.0,Casual,Wrangler Men Navy Blue Texas Jeans
28822,Men,Apparel,Bottomwear,Jeans,Blue,Summer,2012.0,Casual,Denizen Men Blue Jeans
23453,Men,Apparel,Bottomwear,Jeans,Black,Fall,2011.0,Casual,Deni Yo Men Black Washed Slim Fit Jeans
23665,Men,Apparel,Bottomwear,Jeans,Blue,Fall,2011.0,Casual,Spykar Men Blue Washed Jeans
27019,Women,Apparel,Bottomwear,Jeans,Blue,Summer,2012.0,Casual,Jealous 21 Women Washed Light Blue Jeans
5768,Women,Apparel,Bottomwear,Jeans,Blue,Summer,2011.0,Casual,Jealous 21 Women Dark Blue Jeggning
11353,Men,Apparel,Bottomwear,Jeans,Blue,Fall,2013.0,Casual,Lee Men Sanskrit Blue Rodeo Fit Jeans
18185,Men,Apparel,Bottomwear,Jeans,Blue,Fall,2011.0,Casual,Deni Yo Men Washed Blue Slim Fit Jeans
20350,Men,Apparel,Bottomwear,Jeans,Blue,Fall,2011.0,Casual,Spykar Men Washed Blue Jeans
50943,Women,Apparel,Bottomwear,Jeans,Blue,Winter,2011.0,Casual,Lee Womens Blue Maxi Fit Jeans
7193,Women,Apparel,Bottomwear,Jeans,Black,Fall,2011.0,Casual,Jealous 21 Women Black Jegging
53296,Men,Apparel,Bottomwear,Jeans,Blue,Summer,2012.0,Casual,Locomotive Men Blue Jeans
27021,Women,Apparel,Bottomwear,Jeans,Blue,Summer,2012.0,Casual,Jealous 21 Women Blue Jeans
50953,Women,Apparel,Bottomwear,Jeans,Blue,Winter,2011.0,Casual,Lee Womens Blue Maxi Fit Jeans
51501,Women,Apparel,Bottomwear,Jeans,Blue,Summer,2012.0,Casual,Denizen Women Blue Jeans
12333,Women,Apparel,Bottomwear,Jeans,Blue,Fall,2011.0,Casual,Spykar Women Ep Jeans Blue Jeans
28821,Men,Apparel,Bottomwear,Jeans,Navy Blue,Summer,2012.0,Casual,Denizen Men Navy Blue Jeans
57076,Women,Apparel,Bottomwear,Jeans,Blue,Summer,2012.0,Casual,Elle Women Blue Jeans
44580,Men,Apparel,Bottomwear,Jeans,Black,Summer,2017.0,Casual,Lee Men Black Jet Jeans
40928,Boys,Apparel,Bottomwear,Jeans,Blue,Summer,2012.0,Casual,Gini and Jony Boys Rodeo Blue Jeans
14128,Women,Apparel,Bottomwear,Jeans,Blue,Fall,2011.0,Casual,Flying Machine Women Washed Blue Jeans
33309,Boys,Apparel,Bottomwear,Jeans,Black,Summer,2012.0,Casual,Palm Tree Boys Solid Black Jeans
15673,Men,Apparel,Bottomwear,Jeans,Blue,Fall,2011.0,Casual,Highlander Men High Original Blue Jeans
11235,Women,Apparel,Bottomwear,Jeans,Blue,Fall,2011.0,Casual,Flying Machine Women Midrise Blue Jeans
31352,Men,Apparel,Bottomwear,Jeans,Navy Blue,Summer,2012.0,Casual,Locomotive Men Navy Blue Jeans
51356,Women,Apparel,Bottomwear,Jeans,Blue,Summer,2012.0,Casual,Spykar Women Blue Jeans
21587,Men,Apparel,Bottomwear,Jeans,Blue,Fall,2011.0,Casual,Spykar Men Washed Blue Jeans
31672,Men,Apparel,Bottomwear,Jeans,Blue,Summer,2012.0,Casual,Spykar Men Blue Jeans
26995,Women,Apparel,Bottomwear,Jeans,Blue,Summer,2012.0,Casual,Jealous 21 Women Washed Light Blue Jeans
41352,Women,Apparel,Bottomwear,Jeans,Black,Summer,2012.0,Casual,Wrangler Women Classics Jeans
42264,Men,Apparel,Bottomwear,Jeans,Blue,Summer,2012.0,Casual,John Players Men Blue Jeans
41355,Men,Apparel,Bottomwear,Jeans,,Fall,2016.0,Casual,Wrangler Men Blue Millard Jeans
36742,Women,Apparel,Bottomwear,Jeans,Blue,Summer,2012.0,Casual,Spykar Women Aza Blue Jeans
44586,Men,Apparel,Bottomwear,Jeans,Blue,Summer,2017.0,Casual,Lee Men Tino Blue Jeans
51351,Women,Apparel,Bottomwear,Jeans,Blue,Summer,2012.0,Casual,Spykar Women Blue Jeans
9175,Men,Apparel,Bottomwear,Jeans,Blue,Fall,2011.0,Casual,Locomotive Men Banks Blue Jeans
48387,Men,Apparel,Bottomwear,Jeans,Blue,Summer,2012.0,Casual,French Connection Men Blue Jeans
12338,Women,Apparel,Bottomwear,Jeans,Blue,Fall,2011.0,Casual,Spykar Women Ep Jeans Blue Jeans
15675,Men,Apparel,Bottomwear,Jeans,Blue,Fall,2011.0,Casual,Highlander Men High Original Blue Jeans
16921,Men,Apparel,Bottomwear,Jeans,Blue,Fall,2011.0,Casual,Spykar Men Washed Blue Jeans
50948,Women,Apparel,Bottomwear,Jeans,Black,Winter,2011.0,Casual,Lee Women Black Jeans
41010,Girls,Apparel,Bottomwear,Jeans,Navy Blue,Summer,2012.0,Casual,Gini and Jony Girls Woven Navy Blue Jeans
22787,Men,Apparel,Bottomwear,Jeans,Blue,Fall,2011.0,Casual,Deni Yo Men Washed Blue Jeans
14117,Women,Apparel,Bottomwear,Jeans,Blue,Fall,2011.0,Casual,Flying Machine Women Washed Blue Jeans
18488,Men,Apparel,Bottomwear,Jeans,Blue,Fall,2011.0,Casual,Puma Men Stetchable Blue Jeans
11310,Men,Apparel,Bottomwear,Jeans,Black,Summer,2016.0,Casual,Wrangler Men Black Texas Jeans
5771,Women,Apparel,Bottomwear,Jeans,Black,Summer,2011.0,Casual,Jealous 21 Women's Black Grey Jegging
11335,Men,Apparel,Bottomwear,Jeans,Blue,Fall,2011.0,Casual,United Colors of Benetton Men Washed Blue Jeans
12752,Men,Apparel,Bottomwear,Jeans,Blue,Fall,2011.0,Casual,Spykar Men Ep Jeans Blue Jeans
11323,Men,Apparel,Bottomwear,Jeans,Blue,Fall,2011.0,Casual,United Colors of Benetton Men Washed Blue Jeans
31164,Boys,Apparel,Bottomwear,Jeans,Blue,Summer,2012.0,Casual,Gini and Jony Boys Blue Jeans
48382,Men,Apparel,Bottomwear,Jeans,Blue,Summer,2012.0,Casual,French Connection Men Blue Jeans
15676,Men,Apparel,Bottomwear,Jeans,Blue,Fall,2011.0,Casual,Highlander Men High Original Blue Jeans
46895,Men,Apparel,Bottomwear,Jeans,Blue,Summer,2012.0,Casual,Locomotive Men Blue Jeans
11308,Men,Apparel,Bottomwear,Jeans,Black,Spring,2013.0,Casual,Wrangler Men Black Jim Slim Fit Jeans
11297,Men,Apparel,Bottomwear,Jeans,Blue,Fall,2011.0,Casual,Wrangler Men Blue Custom Jeans
56843,Men,Apparel,Bottomwear,Jeans,Blue,Summer,2012.0,Casual,John Players Men Blue Jeans
42595,Boys,Apparel,Bottomwear,Jeans,Grey,Summer,2012.0,Casual,United Colors of Benetton Boys Grey Slim Fit Jeans
50961,Women,Apparel,Bottomwear,Jeans,Black,Summer,2013.0,Casual,Lee Women Black Jeans
51499,Women,Apparel,Bottomwear,Jeans,Blue,Summer,2012.0,Casual,Denizen Women Blue Jeans
42258,Men,Apparel,Bottomwear,Jeans,Blue,Summer,2012.0,Casual,John Players Men Blue Jeans
4977,Men,Apparel,Bottomwear,Jeans,Blue,Summer,2011.0,Casual,Gini and Jony Boy's Kang Jeans Infant Kidswear
41359,Men,Apparel,Bottomwear,Jeans,Blue,Summer,2016.0,Casual,Wrangler Men Blue Skanders Jeans
9160,Men,Apparel,Bottomwear,Jeans,Grey,Fall,2011.0,Casual,Locomotive Men Cal Grey Jeans
12828,Men,Apparel,Bottomwear,Jeans,Blue,Fall,2011.0,Casual,Spykar Men Washed Blue Jeans
51482,Men,Apparel,Bottomwear,Jeans,Blue,Summer,2012.0,Casual,Denizen Men Blue Jeans
16800,Men,Apparel,Bottomwear,Trousers,Black,Fall,2011.0,Casual,Highlander Men Solid Black Trouser
16071,Men,Apparel,Bottomwear,Trousers,Beige,Fall,2011.0,Casual,Highlander Men Solid Beige Trouser
27614,Men,Apparel,Bottomwear,Trousers,Beige,Summer,2012.0,Casual,Scullers Men Beige Trousers
26817,Men,Apparel,Bottomwear,Trousers,Navy Blue,Summer,2012.0,Formal,Arrow Men Navy Blue Trousers
31570,Men,Apparel,Bottomwear,Trousers,Black,Summer,2012.0,Formal,Mark Taylor Men Striped Black Trousers
16020,Men,Apparel,Bottomwear,Trousers,Grey,Fall,2011.0,Casual,Turtle Solid Men Grey Trouser
48392,Men,Apparel,Bottomwear,Trousers,Navy Blue,Summer,2012.0,Casual,French Connection Men Navy Blue Trousers
48391,Men,Apparel,Bottomwear,Trousers,Grey,Summer,2012.0,Casual,French Connection Men Grey Trousers
43912,Women,Apparel,Bottomwear,Trousers,Black,Summer,2012.0,Casual,Femella Women Black Trousers
8835,Men,Apparel,Bottomwear,Trousers,Green,Summer,2011.0,Formal,Scullers Men Scul Green Trousers
16368,Men,Apparel,Bottomwear,Trousers,Charcoal,Fall,2011.0,Formal,Peter England Men Stripes Charcoal Trouser
39752,Boys,Apparel,Bottomwear,Trousers,Khaki,Summer,2012.0,Casual,Gini Jony Boys Khaki Trousers
57824,Women,Apparel,Bottomwear,Trousers,Green,Fall,2012.0,Casual,United Colors of Benetton Green Trouser
15122,Men,Apparel,Bottomwear,Trousers,Brown,Fall,2011.0,Formal,Arrow Men  Autoflex Brown Trousers
13288,Men,Apparel,Bottomwear,Trousers,Beige,Fall,2011.0,Casual,Gini and Jony Kids Solid Beige Trousers
26835,Men,Apparel,Bottomwear,Trousers,Brown,Summer,2012.0,Casual,Highlander Men Brown Trousers
26163,Men,Apparel,Bottomwear,Trousers,Grey,Summer,2012.0,Formal,John Miller Men Dark Grey Trousers
27183,Men,Apparel,Bottomwear,Trousers,Charcoal,Summer,2012.0,Formal,Mark Taylor Men Striped Charcoal Trousers
13855,Men,Apparel,Bottomwear,Trousers,Blue,Fall,2011.0,Formal,Indigo Nation Men Solid Blue Trousers
26384,Men,Apparel,Bottomwear,Trousers,Black,Summer,2012.0,Formal,Turtle Men Black Trousers
31562,Men,Apparel,Bottomwear,Trousers,Black,Summer,2012.0,Formal,Mark Taylor Men Striped Black Trousers
54225,Men,Apparel,Bottomwear,Trousers,Khaki,Summer,2012.0,Casual,Highlander Men Khaki Chinos
14714,Men,Apparel,Bottomwear,Trousers,Navy Blue,Fall,2011.0,Formal,Genesis Men Solid Navy Blue Trousers
31425,Men,Apparel,Bottomwear,Trousers,Grey,Summer,2012.0,Casual,Highlander Men Grey Trousers
31434,Men,Apparel,Bottomwear,Trousers,Grey,Summer,2012.0,Casual,Highlander Men Grey Trousers
16382,Men,Apparel,Bottomwear,Trousers,Charcoal,Fall,2011.0,Formal,Peter England Men Solid Grey Trouser
27919,Women,Apparel,Bottomwear,Trousers,Brown,Summer,2012.0,Formal,Scullers For Her Light Brown Trousers
26822,Men,Apparel,Bottomwear,Trousers,Olive,Summer,2012.0,Casual,Highlander Men Olive Trousers
27928,Women,Apparel,Bottomwear,Trousers,Beige,Summer,2012.0,Casual,Scullers For Her Beige Trouser
39795,Men,Apparel,Bottomwear,Trousers,Black,Summer,2012.0,Formal,Peter England Men Black Formal Trousers
16613,Men,Apparel,Bottomwear,Trousers,Grey,Fall,2011.0,Formal,Genesis Men Stripes Grey Trouser
11324,Men,Apparel,Bottomwear,Trousers,Black,Fall,2011.0,Smart Casual,United Colors of Benetton Men Black and Brown Checked Trousers
8904,Men,Apparel,Bottomwear,Trousers,White,Fall,2011.0,Formal,Indigo Nation Men ID Solid White Trousers
54896,Boys,Apparel,Bottomwear,Trousers,Olive,Summer,2012.0,Casual,Do u speak green Boys Olive Trousers
15749,Men,Apparel,Bottomwear,Trousers,Navy Blue,Fall,2011.0,Casual,Highlander Men Solid Navy Blue Trousers
16614,Men,Apparel,Bottomwear,Trousers,Brown,Fall,2011.0,Formal,Genesis Men Stripes Brown Trouser
12674,Men,Apparel,Bottomwear,Trousers,Olive,Fall,2011.0,Casual,Probase Men Solid Olive Cargos
11312,Men,Apparel,Bottomwear,Trousers,Beige,Fall,2011.0,Casual,Scullers Men Rugged Chinos Beige Trousers
23072,Men,Apparel,Bottomwear,Trousers,Navy Blue,Winter,2014.0,Formal,Arrow Men Navy Blue Solid Trousers
39792,Men,Apparel,Bottomwear,Trousers,Brown,Summer,2012.0,Formal,Peter England Men Brown Trousers
15687,Men,Apparel,Bottomwear,Trousers,Beige,Fall,2011.0,Casual,Highlander Men Classic Chinos Beige Trousers
27922,Women,Apparel,Bottomwear,Trousers,Olive,Summer,2012.0,Casual,Scullers Women Olive Trousers
29777,Men,Apparel,Bottomwear,Trousers,Black,Summer,2012.0,Casual,Basics Men Black Trousers
16060,Men,Apparel,Bottomwear,Trousers,Beige,Fall,2011.0,Casual,Highlander Men Solid Beige Trouser
39797,Men,Apparel,Bottomwear,Trousers,Black,Summer,2012.0,Formal,Peter England Men Black Formal Trousers
42251,Men,Apparel,Bottomwear,Trousers,Grey,Summer,2012.0,Casual,John Players Men Grey Trousers
16380,Men,Apparel,Bottomwear,Trousers,Brown,Fall,2011.0,Formal,Peter England Men Stripes Dark Brown Trouser
14699,Men,Apparel,Bottomwear,Trousers,Black,Fall,2011.0,Casual,Basics Men Black Trousers
27916,Women,Apparel,Bottomwear,Trousers,Grey,Summer,2012.0,Formal,Scullers For Her Grey Trousers
12285,Men,Apparel,Bottomwear,Trousers,Black,Fall,2011.0,Formal,Genesis Men Solid Black Trousers
21598,Men,Apparel,Bottomwear,Trousers,Black,Fall,2011.0,Formal,Arrow Men Solid Black Trousers
44289,Men,Apparel,Bottomwear,Trousers,Beige,Summer,2012.0,Formal,Indian Terrain Men Beige Trousers
31564,Men,Apparel,Bottomwear,Trousers,Charcoal,Summer,2012.0,Formal,Mark Taylor Men Striped Charcoal Trousers
31439,Men,Apparel,Bottomwear,Trousers,Olive,Summer,2012.0,Casual,HIghlander Men Olive Trousers
30921,Women,Apparel,Bottomwear,Trousers,Blue,Summer,2012.0,Ethnic,Fabindia Women Blue Harem Pants
43522,Women,Apparel,Bottomwear,Trousers,Navy Blue,Summer,2012.0,Formal,French Connection Women Navy Trouser
31474,Men,Apparel,Bottomwear,Trousers,Brown,Fall,2012.0,Casual,Black Coffee  Brown Formal Trousers
18198,Men,Apparel,Bottomwear,Trousers,Blue,Fall,2011.0,Casual,Highlander Men Solid Blue Trouser
8846,Men,Apparel,Bottomwear,Trousers,Cream,Summer,2011.0,Casual,Scullers Men Scul Cream Trousers
11264,Men,Apparel,Bottomwear,Trousers,Grey,Fall,2011.0,Casual,Indigo Nation Men TR Yarn Dyed Grey Trousers
30637,Women,Apparel,Bottomwear,Shorts,Red,Summer,2012.0,Sports,Nike Women Printed Tempo Red Shorts
13303,Men,Apparel,Bottomwear,Shorts,Beige,Fall,2011.0,Casual,Gini and Jony Kids Boys Solid Beige Shorts
46390,Men,Apparel,Bottomwear,Shorts,Blue,Summer,2012.0,Casual,ADIDAS Men Blue Cargo Shorts
25039,Men,Apparel,Bottomwear,Shorts,Black,Summer,2011.0,Sports,Nike Men T90 Black Shorts
32588,Women,Apparel,Bottomwear,Shorts,Brown,Summer,2012.0,Casual,Only Women Brown Shorts
39080,Men,Apparel,Bottomwear,Shorts,Brown,Summer,2012.0,Casual,Arrow Sport Men Brown Cargo Shorts
33146,Boys,Apparel,Bottomwear,Shorts,Blue,Summer,2012.0,Casual,Gini and Jony Boys Blue Shorts
39758,Boys,Apparel,Bottomwear,Shorts,Brown,Summer,2012.0,Casual,Gini Jony Boys Brown Shorts
32587,Women,Apparel,Bottomwear,Shorts,Black,Summer,2012.0,Casual,Only  Women Black Shorts
38502,Girls,Apparel,Bottomwear,Shorts,Navy Blue,Summer,2012.0,Casual,Gini and Jony Girls Woven Navy Blue Shorts
32590,Women,Apparel,Bottomwear,Shorts,Brown,Summer,2012.0,Casual,ONLY Women Brown Shorts
4952,Men,Apparel,Bottomwear,Shorts,Black,Summer,2011.0,Casual,Gini and Jony Boy's Kimon Black Bermuda Infant Kidswear
30596,Men,Apparel,Bottomwear,Shorts,Blue,Summer,2012.0,Sports,Nike Men Woven Blue Shorts
37581,Girls,Apparel,Bottomwear,Shorts,Green,Summer,2012.0,Casual,Madagascar 3 Girls Light Green Shorts
34249,Men,Apparel,Bottomwear,Shorts,Black,Winter,2013.0,Casual,Proline Black Lounge Shorts S11-BK/SGML
9685,Men,Apparel,Bottomwear,Shorts,White,Fall,2011.0,Casual,ADIDAS Men Cress 3s3 4 Pan White Capris
26985,Women,Apparel,Bottomwear,Shorts,Pink,Summer,2012.0,Casual,Jealous 21 Women Pink Shorts
5002,Women,Apparel,Bottomwear,Shorts,Pink,Summer,2011.0,Casual,Gini and Jony Girl's Jolene Pink Kidswear
33145,Boys,Apparel,Bottomwear,Shorts,Blue,Summer,2012.0,Casual,Gini and Jony Boys Blue Shorts
28503,Men,Apparel,Bottomwear,Shorts,Grey,Summer,2012.0,Sports,Nike Men Tempo 2 in 1 Grey Shorts
48460,Men,Apparel,Bottomwear,Shorts,Green,Summer,2012.0,Casual,French Connection Men Green & White Check Cargo Shorts
40082,Men,Apparel,Bottomwear,Shorts,Navy Blue,Winter,2014.0,Casual,ADIDAS Men Navy Blue Short
4797,Men,Apparel,Bottomwear,Shorts,Grey,Summer,2011.0,Sports,ADIDAS Men's Ess Dark Iron Brown Short
19420,Men,Apparel,Bottomwear,Shorts,Blue,Summer,2012.0,Casual,Quiksilver Men Ocean Walk Reversible Blue Shorts
5454,Men,Apparel,Bottomwear,Shorts,Black,Summer,2011.0,Sports,Nike Men's Basic Woven Med Black Short
15341,Women,Apparel,Bottomwear,Shorts,Pink,Fall,2011.0,Sports,Nike Women Solid Pink Shorts
30599,Men,Apparel,Bottomwear,Shorts,Red,Summer,2012.0,Sports,Nike Men Hustle Reversible Red Shorts
42122,Men,Apparel,Bottomwear,Shorts,Navy Blue,Summer,2012.0,Casual,ADIDAS Men Navy Blue Shorts
31116,Boys,Apparel,Bottomwear,Shorts,Grey,Summer,2012.0,Casual,Gini and Jony Boys Grey Shorts
15335,Men,Apparel,Bottomwear,Shorts,Navy Blue,Summer,2012.0,Sports,Nike Men Solid Navy Blue Shorts
43044,Men,Apparel,Bottomwear,Shorts,Charcoal,Summer,2012.0,Casual,Nike Men Charcoal Grey Shorts
15609,Men,Apparel,Bottomwear,Shorts,Grey,Summer,2012.0,Sports,Nike Men Trainng Grey Shorts
5788,Women,Apparel,Bottomwear,Shorts,White,Summer,2011.0,Casual,Jealous 21 Women's Checkered Pink White Short
52520,Men,Apparel,Bottomwear,Shorts,Cream,Summer,2012.0,Casual,Pepe Jeans Men Cream Cargo Shorts
16803,Girls,Apparel,Bottomwear,Shorts,Beige,Fall,2011.0,Casual,ANT Kids Girls Solid Beige Short
53737,Men,Apparel,Bottomwear,Shorts,Olive,Summer,2012.0,Casual,ADIDAS Men Olive Shorts
46387,Men,Apparel,Bottomwear,Shorts,Black,Summer,2012.0,Casual,ADIDAS Men Black Shorts
38569,Men,Apparel,Bottomwear,Shorts,Navy Blue,Spring,2013.0,Casual,Nike Men Navy Blue Shorts
32446,Men,Apparel,Bottomwear,Shorts,Black,Summer,2012.0,Sports,ADIDAS Men Black 3/4 Length Pants
32589,Women,Apparel,Bottomwear,Shorts,Black,Summer,2012.0,Casual,Only  Women Black Shorts
40085,Men,Apparel,Bottomwear,Shorts,White,Winter,2014.0,Casual,ADIDAS Men White Chelsea Shorts
1982,Women,Apparel,Bottomwear,Shorts,Purple,Fall,2010.0,Casual,Puma Women's Island Shorts Purple
9348,Men,Apparel,Bottomwear,Shorts,Navy Blue,Fall,2011.0,Casual,Puma Men Bermudas Navy Blue Shorts
7895,Men,Apparel,Bottomwear,Shorts,Olive,Fall,2011.0,Casual,Proline Men Olive Green Checked Shorts
37580,Girls,Apparel,Bottomwear,Shorts,Pink,Winter,2012.0,Casual,Madagascar 3 Girls Pink Shorts
39756,Boys,Apparel,Bottomwear,Shorts,White,Summer,2012.0,Casual,Gini Jony Boys White Shorts
51377,Men,Apparel,Bottomwear,Shorts,Khaki,Summer,2012.0,Casual,Myntra Men Khaki Shorts
14939,Men,Apparel,Bottomwear,Shorts,Beige,Fall,2011.0,Casual,Status Quo Men Solid Beige Shorts
52529,Men,Apparel,Bottomwear,Shorts,Grey,Summer,2012.0,Casual,Pepe Jeans Men Grey 3/4 Length Pants
28627,Men,Apparel,Bottomwear,Shorts,Black,Summer,2012.0,Sports,Nike Men Longer Knit Black Shorts
34250,Men,Apparel,Bottomwear,Shorts,Charcoal,Summer,2013.0,Sports,Proline Charcoal Grey Shorts
53776,Men,Apparel,Bottomwear,Shorts,Green,Summer,2012.0,Casual,Puma Men Green Shorts
27628,Men,Apparel,Bottomwear,Shorts,Navy Blue,Summer,2012.0,Casual,Scullers Men Check Navy Blue Shorts
24264,Men,Apparel,Bottomwear,Shorts,Green,Summer,2012.0,Casual,Quiksilver Men Ocean Walk Reversible Green Shorts
9950,Men,Apparel,Bottomwear,Shorts,Black,Fall,2011.0,Sports,ADIDAS Men M Rsp Black Shorts
38575,Men,Apparel,Bottomwear,Track Pants,Black,Summer,2012.0,Sports,Nike Men Breakline Black Track Pants
18869,Women,Apparel,Bottomwear,Track Pants,Black,Fall,2011.0,Casual,Puma Women Black Core Track Pants
29020,Men,Apparel,Bottomwear,Track Pants,Grey,Summer,2013.0,Sports,ADIDAS Men Grey Track Pants
14392,Men,Apparel,Bottomwear,Track Pants,Black,Fall,2011.0,Casual,Puma Ess Sweat Pants Track Pant
7887,Men,Apparel,Bottomwear,Track Pants,Blue,Fall,2011.0,Casual,Proline Men Blue Track Pants
4774,Women,Apparel,Bottomwear,Track Pants,Pink,Summer,2011.0,Sports,ADIDAS Women 3S Pink Track Pants
5027,Men,Apparel,Bottomwear,Track Pants,Black,Summer,2011.0,Sports,ADIDAS Men's Long Black Capris
1604,Women,Apparel,Bottomwear,Track Pants,Blue,Fall,2010.0,Sports,Reebok Track Pants Women Blue
44917,Men,Apparel,Bottomwear,Track Pants,Blue,Summer,2012.0,Casual,Puma Men Blue Track Pants
30605,Men,Apparel,Bottomwear,Track Pants,Grey,Summer,2012.0,Casual,Nike Men Classic Jersey Grey Track Pants
34203,Men,Apparel,Bottomwear,Track Pants,Charcoal,Winter,2013.0,Casual,Proline Men Charcoal Grey Track Pants
2118,Men,Apparel,Bottomwear,Track Pants,Black,Fall,2010.0,Sports,ADIDAS Men's Foamy Striped Track Pants
43081,Women,Apparel,Bottomwear,Track Pants,Navy Blue,Summer,2012.0,Casual,Nike Women Navy Blue Track Pant
25033,Men,Apparel,Bottomwear,Track Pants,Grey,Summer,2011.0,Sports,Nike Men Grey Track Pant
7126,Women,Apparel,Bottomwear,Track Pants,Grey,Fall,2011.0,Casual,Urban Yoga Women Bottom Grey Track Pant
17993,Women,Apparel,Bottomwear,Track Pants,Grey,Fall,2009.0,Sports,Puma Women Essential Skinny Grey Track Pant
30616,Women,Apparel,Bottomwear,Track Pants,Black,Summer,2012.0,Sports,Nike Women Black Track Pants
44630,Men,Apparel,Bottomwear,Track Pants,Charcoal,Summer,2012.0,Sports,Nike Men Charcoal Track Pants
2114,Women,Apparel,Bottomwear,Track Pants,Black,Fall,2010.0,Sports,ADIDAS Women Essential Black Candy Pants
8763,Women,Apparel,Bottomwear,Track Pants,Grey,Fall,2011.0,Sports,Puma Women's Jersey Grey Track Pant
26260,Men,Apparel,Bottomwear,Track Pants,Grey,Summer,2012.0,Sports,Proline Men Grey Track Pants
2255,Men,Apparel,Bottomwear,Track Pants,Brown,Fall,2010.0,Sports,ADIDAS Men Brown Track Pant
10751,Men,Apparel,Bottomwear,Track Pants,Grey,Fall,2011.0,Sports,Nike Men Breakline Grey Track Pants
23870,Men,Apparel,Bottomwear,Track Pants,Black,Fall,2011.0,Casual,ADIDAS Men Black  Track Pant
11125,Women,Apparel,Bottomwear,Track Pants,Black,Fall,2011.0,Sports,Urban Yoga Women Solid Black Track Pants
43083,Women,Apparel,Bottomwear,Track Pants,Black,Summer,2012.0,Casual,Nike Women Black  Track Pants
26259,Men,Apparel,Bottomwear,Track Pants,Navy Blue,Summer,2012.0,Sports,Proline Men Navy Track Pants
28501,Men,Apparel,Bottomwear,Track Pants,Navy Blue,Summer,2012.0,Sports,Urban Yoga Men Navy Blue Track Pants
15622,Men,Apparel,Bottomwear,Track Pants,Black,Summer,2012.0,Casual,Nike Men AD Breakline OH Black Track Pants
15611,Men,Apparel,Bottomwear,Track Pants,Navy Blue,Fall,2011.0,Casual,Nike Men Casual Navy Blue Track Pants
9076,Women,Apparel,Bottomwear,Track Pants,Blue,Fall,2011.0,Sports,ADIDAS Women Wo Basic Yo Pant Blue Trackpant
40108,Men,Apparel,Bottomwear,Track Pants,Black,Summer,2012.0,Casual,ADIDAS Men Black Pants
7486,Women,Apparel,Bottomwear,Track Pants,Navy Blue,Summer,2011.0,Sports,Nike Women's Be Bold Navy Blue Track Pant
44913,Men,Apparel,Bottomwear,Track Pants,White,Summer,2012.0,Casual,Puma Men White Track Pants
7133,Men,Apparel,Bottomwear,Track Pants,Grey,Fall,2011.0,Casual,Urban Yoga Men Bottom Grey Yoga Pants
53748,Women,Apparel,Bottomwear,Track Pants,Grey,Fall,2012.0,Casual,ADIDAS Women Grey Track Pants
2110,Women,Apparel,Bottomwear,Track Pants,Tan,Fall,2010.0,Sports,ADIDAS Women Very Berry Lycra Track Pants
6519,Men,Apparel,Bottomwear,Track Pants,Blue,Summer,2011.0,Sports,Nike Men Soccer Liga Black Track Pant
12537,Men,Apparel,Bottomwear,Track Pants,Grey,Fall,2011.0,Casual,Puma Men Solid Grey Track Pants
7889,Men,Apparel,Bottomwear,Track Pants,Grey,Fall,2011.0,Casual,Proline Men Grey Track Pants
42350,Women,Apparel,Bottomwear,Leggings,Black,Summer,2012.0,Casual,Flying Machine Women Black Leggings
44686,Women,Apparel,Bottomwear,Leggings,Magenta,Summer,2012.0,Casual,Wills Lifestyle Women Magenta Leggings
50026,Women,Apparel,Bottomwear,Leggings,Maroon,Winter,2015.0,Casual,Hanes Women Maroon ComfortSoft Waistband Cotton Stretch Full Leggings
33959,Women,Apparel,Bottomwear,Leggings,Grey,Summer,2012.0,Casual,Femella Women Grey Leggings
25889,Women,Apparel,Bottomwear,Leggings,Cream,Summer,2012.0,Casual,Femella Women Cream Leggings
39124,Women,Apparel,Bottomwear,Leggings,Beige,Fall,2012.0,Casual,Aneri Women Beige Leggings
54057,Women,Apparel,Bottomwear,Leggings,Sea Green,Summer,2012.0,Casual,Myntra Women Sea Green Leggings
51612,Women,Apparel,Bottomwear,Leggings,Grey,Summer,2012.0,Casual,Kraus Jeans Women Grey leggings
33274,Girls,Apparel,Bottomwear,Leggings,Black,Summer,2012.0,Casual,Gini and Jony Girls Black Leggings
50019,Women,Apparel,Bottomwear,Leggings,Grey Melange,Winter,2015.0,Casual,Hanes Women Grey Comfortsoft Waistband Cotton - Stretch Lace Capri Leggings
41315,Women,Apparel,Bottomwear,Leggings,Navy Blue,Summer,2012.0,Ethnic,Aurelia Women Navy Blue Leggings
25902,Women,Apparel,Bottomwear,Leggings,Grey,Summer,2012.0,Casual,Femella Women Grey Skinny Leggings
22458,Women,Apparel,Bottomwear,Leggings,Pink,Fall,2011.0,Casual,Myntra Women Pink Leggings
41320,Women,Apparel,Bottomwear,Leggings,Rust,Summer,2012.0,Casual,Aurelia Women Rust Leggings
25915,Women,Apparel,Bottomwear,Leggings,Grey,Summer,2012.0,Casual,Femella Women Grey Leggings
23046,Women,Apparel,Bottomwear,Leggings,Black,Fall,2011.0,Casual,Arrow Woman Black Printed Jeggings
17619,Girls,Apparel,Bottomwear,Leggings,White,Fall,2011.0,Casual,Doodle Girls Lace Bow White Leggings
28878,Women,Apparel,Bottomwear,Leggings,Lavender,Summer,2012.0,Casual,BIBA OUTLET Women Lavender Leggings
39326,Girls,Apparel,Bottomwear,Leggings,Black,Summer,2012.0,Casual,Gini and Jony Girls Black Leggings
12159,Women,Apparel,Bottomwear,Leggings,Red,Fall,2011.0,Ethnic,Aurelia Women Solid Red Leggings
11099,Women,Apparel,Bottomwear,Leggings,Black,Fall,2011.0,Ethnic,Scullers Women Solid Black Leggings
22466,Women,Apparel,Bottomwear,Leggings,Cream,Fall,2011.0,Casual,Myntra Women Cream Patiala Salwar
38933,Girls,Apparel,Bottomwear,Leggings,Pink,Summer,2012.0,Casual,Gini and Jony Girls Pink Leggings
57922,Women,Apparel,Bottomwear,Leggings,Purple,Summer,2010.0,Casual,Femella Women Purple Leggings
57925,Women,Apparel,Bottomwear,Leggings,Charcoal,Fall,2012.0,Casual,Femella Women Charcoal Leggings
43589,Girls,Apparel,Bottomwear,Capris,Pink,Summer,2012.0,Casual,Gini and Jony Girls Fixed Weast Pink Capris
57099,Women,Apparel,Bottomwear,Capris,Purple,Summer,2012.0,Casual,Elle Women Purple Capris
27014,Women,Apparel,Bottomwear,Capris,Blue,Summer,2012.0,Casual,Jealous 21 Women Washed Blue Capris
43077,Women,Apparel,Bottomwear,Capris,Grey,Summer,2012.0,Sports,Nike Womens Grey Capris
57205,Women,Apparel,Bottomwear,Capris,White,Fall,2012.0,Casual,Kraus Jeans Women White Capris
57096,Women,Apparel,Bottomwear,Capris,Blue,Summer,2012.0,Casual,Elle Women Blue Chambray Capris
46733,Girls,Apparel,Bottomwear,Capris,Navy Blue,Summer,2012.0,Casual,Gini and Jony Girls Navy Blue Capris
28461,Women,Apparel,Bottomwear,Capris,Black,Summer,2012.0,Casual,Urban Yoga Women Black Capris
41975,Girls,Apparel,Bottomwear,Capris,White,Summer,2012.0,Casual,Gini and Jony Girls White Pedal Pusher
15484,Women,Apparel,Bottomwear,Capris,Black,Fall,2011.0,Casual,Puma Women TP  Black Capris
6860,Women,Apparel,Bottomwear,Skirts,Black,Summer,2011.0,Casual,Forever New Women's Short Black Skirt
12839,Women,Apparel,Bottomwear,Skirts,Black,Fall,2011.0,Casual,Ant Kids Pleated Black Skirts
30925,Women,Apparel,Bottomwear,Skirts,Black,Summer,2012.0,Ethnic,Fabindia Women Printed Black Ghera Skirt
27199,Women,Apparel,Bottomwear,Skirts,Grey,Summer,2012.0,Casual,Doodle Kids Girl Printed Grey Skirt
40433,Women,Apparel,Bottomwear,Skirts,Multi,Summer,2012.0,Casual,Tonga Women Multi Colored Skirt
41003,Girls,Apparel,Bottomwear,Skirts,Blue,Summer,2012.0,Casual,Gini and Jony Girls Woven Blue Skirt
10654,Women,Apparel,Bottomwear,Skirts,Blue,Fall,2011.0,Casual,Doodle Girl Denim skirt with belt Blue Skirts
47658,Women,Apparel,Bottomwear,Skirts,Purple,Summer,2012.0,Casual,Femella Women Purple & Black Skirt
34148,Girls,Apparel,Bottomwear,Skirts,Blue,Summer,2012.0,Casual,Gini and Jony Girls Washed Blue Skirt
57089,Women,Apparel,Bottomwear,Skirts,Navy Blue,Summer,2012.0,Casual,Elle Women Blue Skirt
8493,Women,Apparel,Bottomwear,Skirts,Black,Fall,2011.0,Casual,Forever New Women Black Skirts
30923,Women,Apparel,Bottomwear,Skirts,Mustard,Summer,2012.0,Ethnic,Fabindia Women Printed Mustard Skirt
34493,Women,Apparel,Bottomwear,Skirts,Grey,Summer,2012.0,Formal,Van Heusen Woman Grey Skirt
46813,Girls,Apparel,Bottomwear,Skirts,Pink,Summer,2012.0,Casual,Gini and Jony Girls Pink Skirt
30929,Women,Apparel,Bottomwear,Skirts,Grey,Summer,2012.0,Ethnic,Fabindia Women Grey Skirt
44646,Women,Apparel,Bottomwear,Skirts,Black,Summer,2012.0,Formal,Arrow Woman Black Skirt
18710,Women,Apparel,Bottomwear,Skirts,Tan,Fall,2011.0,Casual,Arrow Woman Printed Tan Skirt
5586,Girls,Apparel,Bottomwear,Skirts,Brown,Summer,2011.0,Casual,Ant Kids Girl's Tiger Print Kidswear
4930,Women,Apparel,Bottomwear,Skirts,Blue,Summer,2011.0,Casual,Gini and Jony Girl's Vanida Blue Dungree Infant Kidswear
40432,Women,Apparel,Bottomwear,Skirts,Black,Summer,2012.0,Formal,Tonga Women Black Skirt
57996,Women,Apparel,Dress,Dresses,Black,Fall,2012.0,Casual,Latin Quarters Women Black Dress
31128,Girls,Apparel,Dress,Dresses,Blue,Summer,2012.0,Casual,Gini and Jony Girls Printed Teal Dress
31126,Girls,Apparel,Dress,Dresses,White,Summer,2012.0,Casual,Gini and Jony Girls White Dress
57991,Women,Apparel,Dress,Dresses,Blue,Fall,2012.0,Casual,Latin Quarters Women Blue Dress
44643,Women,Apparel,Dress,Dresses,Black,Summer,2012.0,Casual,Arrow Woman Black Dress
25907,Women,Apparel,Dress,Dresses,Purple,Summer,2012.0,Casual,Femella Women Purple Dress
34565,Women,Apparel,Dress,Dresses,Black,Summer,2012.0,Casual,Tonga Women Printed Black Dress
43513,Women,Apparel,Dress,Dresses,Orange,Summer,2012.0,Casual,French Connection Women Orange Dress
43586,Girls,Apparel,Dress,Dresses,Blue,Summer,2012.0,Casual,Gini and Jony Girls Blue Saloppette
33969,Women,Apparel,Dress,Dresses,Black,Spring,2012.0,Party,Femella Women Black Dress
38828,Women,Apparel,Dress,Dresses,Teal,Summer,2012.0,Casual,Latin Quarters Women Teal Dress
59996,Women,Apparel,Dress,Dresses,Purple,Summer,2014.0,Casual,Avirate Black & Purple Dress
43646,Women,Apparel,Dress,Dresses,Blue,Summer,2012.0,Casual,ONLY Women Blue Dress
43510,Women,Apparel,Dress,Dresses,Maroon,Fall,2012.0,Casual,French Connection Women Maroon Knitted Dress
24929,Girls,Apparel,Dress,Dresses,Navy Blue,Summer,2012.0,Casual,United Colors of Benetton Kids Girls Navy Blue Dress
57053,Women,Apparel,Dress,Dresses,Pink,Summer,2012.0,Casual,Elle Pink Vintage Dress
27196,Girls,Apparel,Dress,Dresses,Yellow,Summer,2012.0,Casual,Doodle Girls Yellow Dress
59973,Women,Apparel,Dress,Dresses,Navy Blue,Fall,2012.0,Casual,Avirate Women Navy Blue Dress
43637,Women,Apparel,Dress,Dresses,Pink,Summer,2012.0,Casual,Vero Moda Women Pink Dress
39716,Women,Apparel,Dress,Dresses,Blue,Summer,2012.0,Casual,Arrow Woman Women Blue Dress
34598,Women,Apparel,Dress,Dresses,Black,Summer,2012.0,Casual,Tonga Women Printed Black Dress
58493,Women,Apparel,Dress,Dresses,Grey,Fall,2012.0,Casual,Tonga Women Grey Dress
47675,Women,Apparel,Dress,Dresses,Black,Summer,2012.0,Casual,Femella Women Black Animal Printed Dress
58425,Women,Apparel,Dress,Dresses,Grey,Summer,2012.0,Casual,AND by Anita Dongre Women Grey Dress
18168,Girls,Apparel,Dress,Dresses,Pink,Fall,2011.0,Casual,Doodle Kids Girls Party Frock Pink Dress
33970,Women,Apparel,Dress,Dresses,Navy Blue,Summer,2012.0,Casual,Femella Women Navy Blue Dress
43919,Women,Apparel,Dress,Dresses,Navy Blue,Summer,2012.0,Casual,Femella Women Navy Blue Printed Dress
25908,Women,Apparel,Dress,Dresses,Red,Summer,2012.0,Casual,Femella Women Red Dress
49631,Women,Apparel,Dress,Dresses,Cream,Summer,2012.0,Casual,Mineral Cream Dress
6874,Women,Apparel,Dress,Dresses,Pink,Summer,2011.0,Casual,Forever New Women Pink Sleeveless Dress
41302,Girls,Apparel,Dress,Dresses,Pink,Summer,2012.0,Casual,Gini and Jony Girls Blue Saloppette
38844,Women,Apparel,Dress,Dresses,Black,Summer,2012.0,Casual,Latin Quarters Women Black & White Printed Dress
59981,Women,Apparel,Dress,Dresses,Black,Fall,2012.0,Party,Avirate  Black & Purple Women Dress
57998,Women,Apparel,Dress,Dresses,Blue,Fall,2012.0,Casual,Latin Quarters Women Blue Dress
33503,Women,Apparel,Dress,Dresses,White,Summer,2012.0,Casual,Doodle Kids Girl Printed White Dress
43672,Women,Apparel,Dress,Dresses,Peach,Summer,2012.0,Casual,ONLY Women Peach Dress
38839,Women,Apparel,Dress,Dresses,Olive,Summer,2012.0,Casual,Latin Quarters Women Black Printed Dress
27197,Women,Apparel,Dress,Dresses,Pink,Summer,2012.0,Casual,Doodle Kids Girl Pink Dress
43694,Girls,Apparel,Dress,Dresses,Navy Blue,Summer,2012.0,Casual,Doodle Girls Navy Blue Dress
47676,Women,Apparel,Dress,Dresses,Black,Summer,2012.0,Casual,Femella Women Black Animal Print Dress
41570,Women,Apparel,Dress,Dresses,Pink,Summer,2012.0,Casual,AND Women Pink Dress
25966,Women,Apparel,Dress,Dresses,Brown,Summer,2012.0,Casual,Femella Women Brown Dress
26974,Women,Apparel,Dress,Dresses,Pink,Summer,2012.0,Casual,Jealous 21 Women Pink Printed Dress
57989,Women,Apparel,Dress,Dresses,Blue,Fall,2012.0,Casual,Latin Quarters Women Blue Dress
38841,Women,Apparel,Dress,Dresses,Brown,Summer,2012.0,Casual,Latin Quarters Women Brown Check Dress
52131,Girls,Apparel,Dress,Dresses,Blue,Summer,2012.0,Casual,Doodle Girls Blue Printed Dress
13310,Women,Apparel,Dress,Dresses,White,Fall,2011.0,Casual,Gini and Jony Kids Girls Solid White Dresses
52162,Women,Apparel,Dress,Dresses,Black,Summer,2012.0,Casual,Femella Women Black Striped Tank Dress
8479,Women,Apparel,Dress,Dresses,Cream,Fall,2011.0,Casual,Forever New Women Blossom Silk Cream Dress
59967,Women,Apparel,Dress,Dresses,Black,Fall,2012.0,Party,Avirate Women Black Dress
4936,Women,Apparel,Dress,Dresses,Black,Summer,2011.0,Casual,Gini and Jony Girl's Veata White Black Pink Infants Kidswear
58494,Women,Apparel,Dress,Dresses,Purple,Fall,2012.0,Casual,Tonga Women Purple Dress
34473,Women,Apparel,Dress,Dresses,Navy Blue,Summer,2012.0,Casual,Van Heusen Woman Navy Blue Dress
32576,Women,Apparel,Dress,Dresses,Orange,Summer,2012.0,Casual,ONLY Women Orange Party Dress
40412,Women,Apparel,Dress,Dresses,Pink,Summer,2012.0,Casual,Tonga Women Plum Dress
38832,Women,Apparel,Dress,Dresses,White,Summer,2012.0,Casual,Latin Quarters Women White & Pink Printed Dress
8480,Women,Apparel,Dress,Dresses,Cream,Fall,2011.0,Casual,Forever New Women Magnolia Cream Dress
46277,Women,Apparel,Dress,Dresses,Red,Summer,2012.0,Casual,109F Red & White A-Line Dress
33997,Women,Apparel,Dress,Dresses,Purple,Summer,2012.0,Casual,Femella Women Purple & Black Dress
48085,Women,Apparel,Dress,Dresses,Purple,Summer,2012.0,Casual,French Connection Women Purple Dress
48470,Women,Apparel,Dress,Dresses,Teal,Summer,2012.0,Casual,French Connection Teal Dress
8483,Women,Apparel,Dress,Dresses,Blue,Fall,2011.0,Casual,Forever New Women Creme de Menthe Blue Dresses
43509,Women,Apparel,Dress,Dresses,Grey Melange,Summer,2012.0,Casual,French Connection Women Grey Melange Dress
59965,Women,Apparel,Dress,Dresses,Black,Fall,2012.0,Casual,Avirate Black Dress
48525,Women,Apparel,Dress,Dresses,White,Summer,2012.0,Casual,French Connection Women White & Blue  Striped Dress
48478,Women,Apparel,Dress,Dresses,Beige,Winter,2011.0,Casual,French Connection Women Beige Dress
48482,Women,Apparel,Dress,Dresses,Red,Winter,2011.0,Casual,French Connection Women Red Dress
18897,Women,Apparel,Dress,Dresses,Green,Fall,2011.0,Casual,Arrow Woman Solid Green Dress
59978,Women,Apparel,Dress,Dresses,Brown,Fall,2012.0,Casual,Avirate Brown & Grey Check Dress
41141,Women,Apparel,Dress,Dresses,Blue,Fall,2012.0,Casual,Allen Solly Woman Blue Dress
57994,Women,Apparel,Dress,Dresses,Brown,Fall,2012.0,Casual,Latin Quarters Women Brown Printed Dress
58506,Women,Apparel,Dress,Dresses,Blue,Fall,2012.0,Casual,Tonga Women Printed Blue Dress
58499,Women,Apparel,Dress,Dresses,White,Fall,2012.0,Casual,Tonga White Floral Design Dress
59976,Women,Apparel,Dress,Dresses,Black,Fall,2012.0,Party,Avirate Black Dress
57050,Women,Apparel,Dress,Dresses,White,Summer,2012.0,Casual,Elle Color Clash Purple Dress
57051,Women,Apparel,Dress,Dresses,Multi,Summer,2012.0,Casual,Elle Women Multi Coloured Dress
38997,Girls,Apparel,Dress,Dresses,Blue,Summer,2012.0,Casual,Gini and Jony Girls Digital Blue Dress
27223,Women,Apparel,Dress,Dresses,Blue,Summer,2012.0,Casual,Doodle Kids Girl Printed Blue Dress
47656,Women,Apparel,Dress,Dresses,Black,Summer,2012.0,Casual,Femella Women Black Printed Dress
50721,Girls,Apparel,Dress,Dresses,Pink,Summer,2012.0,Casual,Doodle Girls Pink Printed Dress
26928,Women,Apparel,Dress,Dresses,Black,Summer,2012.0,Casual,Jealous 21 Women Black Dress
38830,Women,Apparel,Dress,Dresses,Navy Blue,Summer,2012.0,Casual,Latin Quarters Women Navy Blue Printed Dress
48463,Women,Apparel,Dress,Dresses,Teal,Summer,2012.0,Casual,French Connection Teal & Brown Printed Dress
43676,Women,Apparel,Dress,Dresses,Green,Summer,2012.0,Casual,French Connection Women Mint Green Dress
58505,Women,Apparel,Dress,Dresses,Off White,Fall,2012.0,Casual,Tonga Women Printed Brown Dress
18167,Girls,Apparel,Dress,Dresses,Magenta,Fall,2011.0,Casual,Doodle Kids Girls Party Frock Purple Dress
52123,Girls,Apparel,Dress,Dresses,Pink,Summer,2012.0,Casual,Doodle Girls Pink Printed Dress
43627,Women,Apparel,Dress,Dresses,Green,Summer,2012.0,Casual,Vero Moda Green Printed Shift Dress
27224,Women,Apparel,Dress,Dresses,White,Summer,2012.0,Casual,Doodle Kids Girl Printed White Dress
48476,Women,Apparel,Dress,Dresses,Blue,Winter,2011.0,Casual,French Connection Women Blue Dress
34064,Girls,Apparel,Dress,Dresses,Blue,Summer,2012.0,Casual,Gini and Jony Girls Printed Teal Dress
52125,Girls,Apparel,Dress,Dresses,Pink,Summer,2012.0,Casual,Doodle Girls Pink Printed Dress
14197,Women,Apparel,Dress,Dresses,Black,Fall,2011.0,Casual,AND Women Solid Black Dresses
59909,Women,Apparel,Dress,Dresses,Blue,Fall,2012.0,Casual,Femella Women Blue Dress
58520,Women,Apparel,Dress,Dresses,Black,Fall,2012.0,Casual,Tonga Women Black Dress
34588,Women,Apparel,Dress,Dresses,Cream,Summer,2012.0,Casual,Tonga Women Cream Dress
4932,Women,Apparel,Dress,Dresses,Blue,Summer,2011.0,Casual,Gini and Jony Girl's Valerie Blue White Infant Kidswear
4933,Women,Apparel,Dress,Dresses,Peach,Summer,2011.0,Casual,Gini and Jony Girl's Valerie Peach White Kidswear
38836,Women,Apparel,Dress,Dresses,Blue,Summer,2012.0,Casual,Latin Quarters Women Blue Dress
38838,Women,Apparel,Dress,Dresses,Pink,Fall,2012.0,Casual,Latin Quarters Women Pink & Black Printed Dress
15789,Men,Apparel,Innerwear,Briefs,Grey,Summer,2016.0,Casual,Facit Men Grey Comfort Briefs
28043,Men,Apparel,Innerwear,Briefs,Grey Melange,Summer,2016.0,Casual,Jockey ELANCE Men Grey Melange Brief 1008
53537,Women,Apparel,Innerwear,Briefs,Multi,Winter,2015.0,Casual,Amante Women Pack of 3 Assorted Briefs PFCP12
27976,Men,Apparel,Innerwear,Briefs,Charcoal,Winter,2016.0,Casual,Jockey Men Charcoal Zone Stretch Briefs
28896,Women,Apparel,Innerwear,Briefs,Maroon,Summer,2017.0,Casual,Enamor Women Maroon Mid-Rise Bikini Brief
45633,Men,Apparel,Innerwear,Briefs,Navy Blue,Summer,2016.0,Casual,Park Avenue Men Navy Blue Swank Brief
28048,Men,Apparel,Innerwear,Briefs,White,Summer,2016.0,Casual,Jockey ELANCE Men White Hi-Cut Brief 1008
53469,Women,Apparel,Innerwear,Briefs,Mauve,Winter,2015.0,Casual,Amante Women Mauve Briefs BCNE11
53527,Women,Apparel,Innerwear,Briefs,Maroon,Summer,2018.0,Casual,Amante Women Maroon Lace Briefs PCFR21
25388,Men,Apparel,Innerwear,Briefs,White,Summer,2016.0,Casual,Levis Men Pack of 3 Briefs
18391,Men,Apparel,Innerwear,Briefs,White,Summer,2016.0,Casual,Undercolors of Benetton Men Pack of 2 White V-Briefs
50523,Men,Apparel,Innerwear,Briefs,Black,Winter,2016.0,Casual,Chromozome Men Black Pack of 2 Briefs
57409,Women,Apparel,Innerwear,Briefs,Off White,Winter,2015.0,Casual,Amante Women Off-White Lace Bikini Briefs PGSM02
27983,Men,Apparel,Innerwear,Briefs,Grey,Summer,2016.0,Casual,Jockey ZONE Men Zone Grey Brief US14
19486,Men,Apparel,Innerwear,Briefs,Blue,Summer,2016.0,Casual,Levis Men Jazz Stripes Blue Brief
54608,Men,Apparel,Innerwear,Briefs,Blue,Summer,2016.0,Casual,Jockey ELANCE Men Blue Briefs 1009
32717,Men,Apparel,Innerwear,Briefs,Black,Summer,2016.0,,Facit Men Black Brief
25346,Men,Apparel,Innerwear,Briefs,Black,Summer,2016.0,Casual,Levis Men Black  Brief
28895,Women,Apparel,Innerwear,Briefs,Pink,Summer,2017.0,Casual,Enamor Women Pink Mid-Rise Bikini Brief
50916,Men,Apparel,Innerwear,Briefs,White,Summer,2016.0,Casual,Parx Men White Briefs
50990,Women,Apparel,Innerwear,Briefs,Red,Summer,2017.0,Casual,Enamor Women Red Briefs
59685,Women,Apparel,Innerwear,Briefs,Grey,Summer,2012.0,Casual,Avirate Grey Boyshort Brief
31415,Men,Apparel,Innerwear,Briefs,Navy Blue,Summer,2016.0,Casual,Spykar Men Navy Blue Trevor Brief
47262,Men,Apparel,Innerwear,Briefs,White,Summer,2016.0,Casual,FCUK Underwear Men White & Black Brief
28053,Men,Apparel,Innerwear,Briefs,Navy Blue,Summer,2016.0,Casual,Jockey ELANCE Men Navy Blue Pack of 2 Briefs 1009
50480,Men,Apparel,Innerwear,Briefs,Grey Melange,Winter,2016.0,Casual,Chromozome Men Grey Briefs
50626,Men,Apparel,Innerwear,Briefs,Grey,Winter,2016.0,Casual,Chromozome Men Grey Briefs
45639,Men,Apparel,Innerwear,Briefs,White,Summer,2016.0,Casual,Park Avenue Men White Y Front Brief
59677,Women,Apparel,Innerwear,Briefs,Brown,Summer,2014.0,Casual,Avirate Black & White  Brief
15814,Men,Apparel,Innerwear,Briefs,Black,Summer,2016.0,Casual,Facit Men Stringz Black Briefs
50995,Women,Apparel,Innerwear,Bra,Pink,Summer,2017.0,Casual,Enamor Trendies Pink Striped Full-Coverage Bra EB37
56278,Women,Apparel,Innerwear,Bra,Skin,Summer,2017.0,Casual,Biara Skin Coloured Everyday Support Bra MW 1002
30510,Women,Apparel,Innerwear,Bra,White,Summer,2014.0,Casual,Lovable Women Spice White Bra
56284,Women,Apparel,Innerwear,Bra,White,Summer,2017.0,Casual,Biara White Everyday Support Bra
56277,Women,Apparel,Innerwear,Bra,Maroon,Summer,2017.0,Casual,Biara Maroon Everyday Support Bra MW 1002
53475,Women,Apparel,Innerwear,Bra,Pink,Summer,2017.0,Casual,Amante Pink Full-Coverage Bra BCSB01
30468,Women,Apparel,Innerwear,Bra,Black,Summer,2014.0,Casual,Lovable Women All Day Long Black Bra
27456,Women,Apparel,Innerwear,Bra,White,Winter,2015.0,Casual,Jockey Women White Full-Coverage Bra 1616
59692,Women,Apparel,Innerwear,Bra,Black,Summer,2014.0,Casual,Avirate Black Bra
30498,Women,Apparel,Innerwear,Bra,Brown,Summer,2012.0,Casual,Lovable Women Fiona Brown Bra
21663,Women,Apparel,Innerwear,Bra,White,Summer,2014.0,Casual,Enamor Women White Smooth Bra
30515,Women,Apparel,Innerwear,Bra,Blue,Summer,2017.0,Casual,Lovable Women Spice Blue Bra
54318,Women,Apparel,Innerwear,Bra,Red,Summer,2017.0,Casual,Garfield Women Pink & Red Bra
50966,Women,Apparel,Innerwear,Bra,Navy Blue,Summer,2017.0,Casual,Enamor Navy Blue Smooth Bra
53508,Women,Apparel,Innerwear,Bra,White,Winter,2015.0,Casual,Amante White Full-Coverage Bra BFOM12
51021,Women,Apparel,Innerwear,Bra,Maroon,Summer,2017.0,Casual,Enamor Wine Coloured Smooth Bra
57361,Women,Apparel,Innerwear,Bra,Pink,Winter,2015.0,Casual,Amante Pink Printed Full-Coverage Bra BGTC01
30529,Women,Apparel,Innerwear,Bra,Skin,Spring,2013.0,Casual,Lovable Cotton Essensuals Skin Coloured Bra
51011,Women,Apparel,Innerwear,Bra,Lavender,Summer,2017.0,Casual,Enamor Lavender Reveal Bra
17466,Women,Apparel,Innerwear,Bra,White,Summer,2017.0,Casual,Beyouty Women Zena BR 01 White Bra
53478,Women,Apparel,Innerwear,Bra,Off White,Summer,2017.0,Casual,Amante Off-White Full-Coverage Bra BCSB02
56286,Women,Apparel,Innerwear,Bra,Skin,Summer,2017.0,Casual,Biara Women Skin  Bra
21611,Women,Apparel,Innerwear,Bra,Pink,Summer,2014.0,Casual,Enamor Women Smooth Pink Bra
27129,Women,Apparel,Innerwear,Bra,White,Summer,2017.0,Casual,Miss-T White Bra
51832,Women,Apparel,Innerwear,Bra,Beige,Summer,2016.0,Casual,Bwitch Beige Full-Coverage Bra BW335
59725,Women,Apparel,Innerwear,Bra,White,Summer,2012.0,Casual,Avirate White Bra
51000,Women,Apparel,Innerwear,Bra,Maroon,Summer,2018.0,Casual,Enamor Maroon Bra FB06
53480,Women,Apparel,Innerwear,Bra,Mushroom Brown,Summer,2017.0,Casual,Amante Mushroom Brown Full-Coverage Bra BCSB02
50519,Men,Apparel,Innerwear,Innerwear Vests,Charcoal,Summer,2016.0,Casual,Chromozome Men Charcoal Melange Innerwear Vest
25371,Men,Apparel,Innerwear,Innerwear Vests,Maroon,Summer,2016.0,Casual,Levis Men Maroon Innerwear Vest
37533,Boys,Apparel,Innerwear,Innerwear Vests,Yellow,Summer,2012.0,Casual,Madagascar3 Boys Yellow Innerwear Vest
15825,Men,Apparel,Innerwear,Innerwear Vests,Red,Summer,2016.0,Casual,Facit Men Sportz Red Innerwear Vest
15750,Men,Apparel,Innerwear,Innerwear Vests,Navy Blue,Summer,2016.0,Casual,Facit Men Fitness Ves Navy Blue Innerwear Vests
37587,Girls,Apparel,Innerwear,Innerwear Vests,Green,Summer,2012.0,Casual,Madagascar3 Girls Green Innerwear Vest
13572,Men,Apparel,Innerwear,Innerwear Vests,Red,Summer,2016.0,Casual,Hanes Men Racer Back Red Innerwear Vests
49976,Men,Apparel,Innerwear,Innerwear Vests,Red,Summer,2016.0,Casual,Hanes Men Red Innerwear Vest
17878,Men,Apparel,Innerwear,Innerwear Vests,Maroon,Summer,2016.0,Casual,Levis Men Comfort Style Maroon Innerwear Vest
28487,Men,Apparel,Innerwear,Innerwear Vests,Grey,Summer,2016.0,Casual,Urban Yoga Men Printed Grey Innerwear T-shirt
50499,Men,Apparel,Innerwear,Innerwear Vests,Grey Melange,Summer,2016.0,Casual,Chromozome Men Grey Melange Innerwear Vest
13574,Men,Apparel,Innerwear,Innerwear Vests,White,Summer,2016.0,Casual,Hanes Men Rib Chest White Innerwear Vests
15756,Men,Apparel,Innerwear,Innerwear Vests,White,Summer,2016.0,Casual,Facit Men Regular White Innerwear Vest
18383,Men,Apparel,Innerwear,Innerwear Vests,White,Summer,2016.0,Casual,Undercolors of Benetton Men Racer White Innerwear Vest
27948,Men,Apparel,Innerwear,Trunk,Charcoal,Summer,2016.0,Casual,Jockey CSM Men Comfort Stretch Charcoal Trunks CS04
25362,Men,Apparel,Innerwear,Trunk,Black,Summer,2016.0,Casual,Levis Men Black & Grey Trunks
27960,Men,Apparel,Innerwear,Trunk,Black,Summer,2018.0,Casual,Jockey SPORT PERFORMANCE Men Black Trunks SP08
50676,Men,Apparel,Innerwear,Trunk,Grey Melange,Summer,2016.0,Casual,Chromozome Men Grey Melange Trunks
50673,Men,Apparel,Innerwear,Trunk,Black,Summer,2016.0,Casual,Chromozome Men Black Trunks
32106,Men,Apparel,Innerwear,Trunk,Grey,Summer,2016.0,Casual,Playboy Men Crocker Grey Trunks
18695,Men,Apparel,Innerwear,Trunk,White,Summer,2016.0,Casual,Hanes Men White Modern Duo Dry Cotton Stretch Trunks
17862,Men,Apparel,Innerwear,Trunk,Navy Blue,Summer,2016.0,Casual,Levis Men Boxer Navy Blue Trunks
52438,Women,Apparel,Loungewear and Nightwear,Nightdress,Pink,Winter,2015.0,Casual,Red Rose Pink & White Nightdress
52371,Women,Apparel,Loungewear and Nightwear,Nightdress,Blue,Winter,2015.0,Casual,Red Rose Women Blue Nightdress
59716,Women,Apparel,Loungewear and Nightwear,Nightdress,Black,Summer,2012.0,Casual,Avirate Black Babydoll Nightdress
52429,Women,Apparel,Loungewear and Nightwear,Nightdress,White,Winter,2015.0,Casual,Red Rose Women White Nightdress
45082,Women,Apparel,Loungewear and Nightwear,Nightdress,Pink,Summer,2016.0,Casual,Bwitch Pink Nightdress
52424,Women,Apparel,Loungewear and Nightwear,Nightdress,Cream,Winter,2015.0,Casual,Red Rose Women Cream Nightdress
52373,Women,Apparel,Loungewear and Nightwear,Nightdress,Pink,Summer,2017.0,Casual,Red Rose Women Pink Nightdress
52404,Women,Apparel,Loungewear and Nightwear,Nightdress,Blue,Winter,2015.0,Casual,Red Rose Women Blue Nightdress
52411,Women,Apparel,Loungewear and Nightwear,Nightdress,Maroon,Winter,2015.0,Casual,Red Rose Maroon Nightdress
55787,Women,Apparel,Loungewear and Nightwear,Nightdress,Pink,Summer,2017.0,Casual,SDL by Sweet Dreams Women Pink Nightdress
55797,Women,Apparel,Loungewear and Nightwear,Nightdress,Green,Summer,2017.0,Casual,SDL by Sweet Dreams Women Pista Green Nightdress
59748,Women,Apparel,Loungewear and Nightwear,Nightdress,Cream,Summer,2017.0,Casual,Avirate Cream Nightdress
52374,Women,Apparel,Loungewear and Nightwear,Nightdress,Blue,Winter,2015.0,Casual,Red Rose Women Blue Nightdress
39242,Women,Apparel,Loungewear and Nightwear,Nightdress,Pink,Summer,2017.0,Casual,Femella Women Pink Nightdress
52372,Women,Apparel,Loungewear and Nightwear,Nightdress,Green,Winter,2015.0,Casual,Red Rose Women Green Nightdress
52405,Women,Apparel,Loungewear and Nightwear,Nightdress,Black,Winter,2015.0,Casual,Red Rose Women Black Nightdress
52446,Women,Apparel,Loungewear and Nightwear,Nightdress,Red,Winter,2015.0,Casual,Red Rose Red & Black Nightdress
52340,Women,Apparel,Loungewear and Nightwear,Nightdress,Blue,Winter,2015.0,Casual,Red Rose Women Blue Nightdress
56236,Men,Apparel,Loungewear and Nightwear,Night suits,Black,Summer,2016.0,Casual,SDL by Sweet Dreams Men Black Pyjama Set
43462,Women,Apparel,Loungewear and Nightwear,Night suits,White,Summer,2017.0,Casual,SDL by Sweet Dreams Women White Night suits
36255,Men,Apparel,Loungewear and Nightwear,Night suits,Grey,Summer,2016.0,Casual,SDL by Sweet Dreams Men Grey & Red Pyjama Set
56263,Men,Apparel,Loungewear and Nightwear,Night suits,Mustard,Summer,2016.0,Casual,SDL by Sweet Dreams Men Mustard Pyjama Set
36287,Women,Apparel,Loungewear and Nightwear,Night suits,Blue,Summer,2017.0,Casual,SDL by Sweet Dreams Women Blue Night suits
56261,Men,Apparel,Loungewear and Nightwear,Night suits,Navy Blue,Summer,2016.0,Casual,SDL by Sweet Dreams Men Navy Blue Pyjama Set
36272,Women,Apparel,Loungewear and Nightwear,Night suits,Pink,Summer,2017.0,Casual,SDL by Sweet Dreams Women Pink Night suits
36261,Men,Apparel,Loungewear and Nightwear,Night suits,Navy Blue,Summer,2016.0,Casual,SDL by Sweet Dreams Men Navy Blue Pyjama Set
56232,Men,Apparel,Loungewear and Nightwear,Night suits,Blue,Summer,2016.0,Casual,SDL by Sweet Dreams Men Blue & Grey Pyjama Set
52017,Women,Apparel,Loungewear and Nightwear,Night suits,Black,Summer,2017.0,Casual,Inaya Women Black Pyjama Set
36270,Women,Apparel,Loungewear and Nightwear,Night suits,Grey,Summer,2017.0,Casual,SDL by Sweet Dreams Women Grey Night suits
43469,Women,Apparel,Loungewear and Nightwear,Night suits,Brown,Summer,2017.0,Casual,SDL by Sweet Dreams Women Printed Brown Night suits
36249,Men,Apparel,Loungewear and Nightwear,Night suits,White,Summer,2016.0,Casual,SDL by Sweet Dreams Men White & Grey Pyjama Set
43465,Women,Apparel,Loungewear and Nightwear,Night suits,Pink,Summer,2017.0,Casual,SDL by Sweet Dreams Women Pink Pyjama Set
46308,Women,Accessories,Watches,Watches,White,Winter,2016.0,Casual,Fossil Women White Dial Watch AM4183
51556,Men,Accessories,Watches,Watches,Black,Winter,2016.0,Casual,Fastrack Men Black Dial Watch
45174,Men,Accessories,Watches,Watches,Black,Winter,2016.0,Casual,CASIO ENTICER Men Black Dial Analogue Watch A582
40549,Women,Accessories,Watches,Watches,Black,Winter,2016.0,Casual,Titan Women Black Watch
25651,Men,Accessories,Watches,Watches,Black,Summer,2017.0,Casual,Fastrack Men Black Dial Watch N9336SL03
40517,Men,Accessories,Watches,Watches,Cream,Winter,2016.0,Casual,Titan Men Cream Dial Watch
56674,Men,Accessories,Watches,Watches,White,Winter,2016.0,Casual,Maxima Men White Dial Chronograph Watch
11135,Men,Accessories,Watches,Watches,Black,Winter,2016.0,Casual,Puma Men Visor Multifunction Silver white Black Watches
29918,Men,Accessories,Watches,Watches,Grey,Winter,2016.0,Casual,Police Men Grey Dial Watch PL12698JSU
33929,Women,Accessories,Watches,Watches,Silver,Winter,2016.0,Casual,Citizen Women White Dial Watch
50406,Women,Accessories,Watches,Watches,Black,Winter,2016.0,Casual,Miss Sixty Black Dial Watch
10109,Women,Accessories,Watches,Watches,Steel,Winter,2016.0,Casual,Fastrack Women Denim Analogue Steel Watch
25338,Women,Accessories,Watches,Watches,Red,Winter,2016.0,Casual,CASIO Sheen Women Red Dial Chronograph Watch SX029 SHE-5017L-4ADF
56682,Men,Accessories,Watches,Watches,White,Winter,2016.0,Casual,Maxima Men White Chronograph Watch
37295,Men,Accessories,Watches,Watches,Black,Winter,2016.0,Casual,Casio Enticer Men Black Analogue Watches (A501) MTD-1065B-1A2VDF
51644,Men,Accessories,Watches,Watches,White,Winter,2016.0,Casual,Fossil Men White Dial Chronograph Watch FS4716
32374,Women,Accessories,Watches,Watches,White,Winter,2016.0,Casual,Q&Q Women White Dial Watch
54659,Women,Accessories,Watches,Watches,Black,Winter,2016.0,Casual,Fastrack Women Red Dial Watch
51638,Unisex,Accessories,Watches,Watches,Gold,Winter,2016.0,Casual,Fossil Unisex Gold-Toned Dial Chronograph Watch FS4724
23289,Women,Accessories,Watches,Watches,Black,Winter,2016.0,Casual,Maxima Ssteele Women Black Watch
19762,Men,Accessories,Watches,Watches,Black,Winter,2016.0,Casual,Ice Men Carbon Black Watch
10705,Women,Accessories,Watches,Watches,Silver,Winter,2016.0,Casual,Esprit Women Twist Black Houston Silver Watches
36798,Men,Accessories,Watches,Watches,Silver,Winter,2016.0,Casual,Maxima Men Silver Dial Ssteele Watch
51570,Men,Accessories,Watches,Watches,Silver,Winter,2016.0,Casual,Fastrack Men Silver Watch
11484,Men,Accessories,Watches,Watches,Black,Winter,2016.0,Casual,Puma Men Ocean Black Watch
53586,Men,Accessories,Watches,Watches,Silver,Winter,2016.0,Casual,Q&Q Men Sliver Dial Watch
39028,Men,Accessories,Watches,Watches,Black,Winter,2016.0,Casual,CASIO ENTICER Men Black Dial Watch A642
48028,Men,Accessories,Watches,Watches,Black,Winter,2016.0,Casual,Nautica Men Black Dial Chronograph Watch
53609,Men,Accessories,Watches,Watches,Black,Winter,2016.0,Casual,Q&Q Men Black Digital Watch M051J007Y
51660,Men,Accessories,Watches,Watches,Black,Winter,2016.0,Casual,Fossil Men Black Dial Watch AM4384
51635,Women,Accessories,Watches,Watches,White,Winter,2016.0,Casual,Fossil Women White Dial Chronograph Watch CH2824
51566,Women,Accessories,Watches,Watches,White,Summer,2017.0,Casual,Fastrack Women White Dial Watch NB6027sm01
29919,Men,Accessories,Watches,Watches,Black,Winter,2016.0,Casual,Police Men Black Dial Chronograph Watch PL12699JS-02
45146,Men,Accessories,Watches,Watches,Gold,Winter,2016.0,Formal,CASIO ENTICER Men Chronograph Watch A482 
45872,Men,Accessories,Watches,Watches,Grey,Winter,2016.0,Casual,Maxima Men Dark Grey Dial Watch
52670,Men,Accessories,Watches,Watches,Silver,Winter,2016.0,Casual,Morellato Men Silver Dial Watch
25661,Women,Accessories,Watches,Watches,Black,Winter,2016.0,Casual,Fastrack Women Black Dial Watch NA2394SL02
51510,Men,Accessories,Watches,Watches,White,Winter,2016.0,Casual,Fastrack Men White Dial Watch
37298,Men,Accessories,Watches,Watches,Blue,Winter,2016.0,Casual,CASIO Enticer Men Black Dial Analogue Watch A517
23521,Men,Accessories,Watches,Watches,Black,Winter,2016.0,Casual,ADIDAS Men Black Dial Watch
51562,Men,Accessories,Watches,Watches,Black,Winter,2016.0,Casual,Fastrack Men Black Dial Watch 3062pp02b
45011,Men,Accessories,Watches,Watches,Steel,Winter,2016.0,Casual,Maxima Men Digital Multifunction Watch
31844,Women,Accessories,Watches,Watches,Grey,Winter,2016.0,Casual,Titan Women Grey Dial Watch
51657,Men,Accessories,Watches,Watches,Blue,Winter,2016.0,Casual,Fossil Men Blue Chronograph Watch CH2694
29411,Men,Accessories,Watches,Watches,White,Winter,2016.0,Casual,Giordano Men White Dial Watch
10701,Women,Accessories,Watches,Watches,Steel,Winter,2016.0,Casual,Esprit Women Silver Houston Steel Watches
31821,Men,Accessories,Watches,Watches,Steel,Winter,2016.0,Casual,Titan Men Silver Dial Watch
46500,Men,Accessories,Watches,Watches,Steel,Winter,2016.0,Casual,Timex Men Silver Dial Watch
59227,Women,Accessories,Watches,Watches,Black,Winter,2016.0,Casual,Titan Women Black Watch
17460,Men,Accessories,Watches,Watches,Black,Winter,2016.0,Casual,CASIO G-Shock Men Black Analogue-Digital Watch GA-110GB-1ADR G339
46530,Women,Accessories,Watches,Watches,White,Winter,2016.0,Casual,Timex Women Silver-Toned Dial Watch T2N148
21481,Men,Accessories,Watches,Watches,White,Winter,2016.0,Casual,Ice Men XXL White Watch
29432,Men,Accessories,Watches,Watches,Black,Winter,2016.0,Casual,Giordano Men Black Dial Watch
25609,Women,Accessories,Watches,Watches,Black,Winter,2016.0,Casual,Fastrack Women Black & Grey Dial Watch N2161SL06
33876,Men,Accessories,Watches,Watches,Black,Winter,2016.0,Casual,Citizen Men Black Dial Chronograph Watch
29446,Men,Accessories,Watches,Watches,Black,Winter,2016.0,Casual,Giordano Men Black Dial Watch
26343,Women,Accessories,Watches,Watches,White,Winter,2016.0,Casual,DKNY Women White Dial Watch NY8305
54679,Women,Accessories,Watches,Watches,Charcoal,Winter,2016.0,Casual,Fastrack Women White Dial Watch
43179,Men,Accessories,Watches,Watches,White,Winter,2016.0,Casual,Fastrack Men White Dial Watch
25333,Women,Accessories,Watches,Watches,Black,Winter,2016.0,Casual,CASIO Sheen Women Analogue Watche SH110
10698,Women,Accessories,Watches,Watches,Red,Winter,2016.0,Casual,Esprit Women Houston Red Ice Red Watch
29509,Women,Accessories,Watches,Watches,Blue,Winter,2016.0,Casual,Giordano Women Blue Dial Watch
30096,Men,Accessories,Watches,Watches,Black,Winter,2016.0,Casual,Ed Hardy Men Black Dial Watch
45003,Men,Accessories,Watches,Watches,Black,Winter,2016.0,Casual,Maxima Men Scuba Digital Watch
56681,Men,Accessories,Watches,Watches,Black,Winter,2016.0,Casual,Maxima Men Black Dial Chronograph Watch
45264,Men,Accessories,Watches,Watches,Olive,Winter,2016.0,Casual,CASIO G-Shock Olive Digital Watch G245
32299,Men,Accessories,Watches,Watches,White,Winter,2016.0,Casual,Q&Q Men White Dial Watch
32336,Men,Accessories,Watches,Watches,White,Winter,2016.0,Casual,Q&Q Dynamiq Men White Dial Watch Q276J404Y
37322,Women,Accessories,Watches,Watches,Pink,Winter,2016.0,Casual,CASIO Sheen Women Mother Of Pearl Dial Watch SX019 SHE-4022D-4ADR
51641,Men,Accessories,Watches,Watches,Black,Winter,2016.0,Casual,Fossil Men Black Dial Chronograph Watch FS4723
37315,Men,Accessories,Watches,Watches,White,Winter,2016.0,Casual,CASIO Edifice Men White Dial Chronograph Watch EX006
45885,Men,Accessories,Watches,Watches,Black,Winter,2016.0,Casual,Maxima Men Black Dial Watch
45035,Men,Accessories,Watches,Watches,Grey,Winter,2016.0,Casual,Maxima Men Grey Dial Watch
40559,Men,Accessories,Watches,Watches,White,Winter,2016.0,Casual,Titan Men White Dial Watch
10105,Women,Accessories,Watches,Watches,Steel,Winter,2016.0,Casual,Fastrack Women Analogue Leather Steel Watches
29920,Men,Accessories,Watches,Watches,Black,Winter,2016.0,Casual,Police Men Black Dial Chronograph Watch PL12699JSB
53585,Men,Accessories,Watches,Watches,Blue,Winter,2016.0,Casual,Q&Q Men Blue Dial Watch
51537,Women,Accessories,Watches,Watches,Silver,Winter,2016.0,Casual,Fastrack Women Silver-Toned Dial Watch 9827pp06
17455,Men,Accessories,Watches,Watches,Black,Winter,2016.0,Casual,Casio Enticer Men Silver Analogue Watches (A168) MTP-1192A-1ADF
37472,Men,Accessories,Watches,Watches,Grey,Winter,2016.0,Casual,Esprit Men Grey Dial Watch
49327,Women,Accessories,Watches,Watches,White,Winter,2016.0,Casual,DKNY Women White Dial Watch NY4634
22942,Women,Accessories,Watches,Watches,White,Winter,2016.0,Casual,Fastrack Women White Casual Watch
11179,Men,Accessories,Watches,Watches,Brown,Winter,2016.0,Casual,Carrera Men Leather strap dial and golden frame Brown Watches
23287,Men,Accessories,Watches,Watches,White,Winter,2016.0,Casual,Maxima Men Ssteele White Dial Watch
49516,Men,Accessories,Watches,Watches,Silver,Winter,2016.0,Casual,Police Men Sliver-Toned Dial Watch PL12897JS-04M
25645,Men,Accessories,Watches,Watches,Black,Winter,2016.0,Casual,Fastrack Men Black Casual Watch
45189,Women,Accessories,Watches,Watches,Black,Winter,2016.0,Casual,CASIO ENTICER Women Black Dial Analogue Watch A638
10585,Men,Accessories,Watches,Watches,Black,Winter,2016.0,Casual,Carrera Men Rubber strap dial Black Watches
28430,Women,Accessories,Watches,Watches,Beige,Winter,2016.0,Formal,DKNY Women Beige Chronograph Watch NY8330
45113,Men,Accessories,Watches,Watches,Black,Winter,2016.0,Casual,Casio Enticer Men Silver Analogue Watch MTP-1233D-1ADF(A188)
40547,Women,Accessories,Watches,Watches,Silver,Winter,2016.0,Casual,Titan Women Silver Watch
31826,Men,Accessories,Watches,Watches,Silver,Winter,2016.0,Casual,Titan Men White Dial Watch
45259,Men,Accessories,Watches,Watches,Black,Winter,2016.0,Casual,Casio EDIFICE Men Chronograph Watch ED61 EF-305D-1AVDF
51627,Women,Accessories,Watches,Watches,White,Winter,2016.0,Casual,FOSSIL Women White Dial Watch ES3013
40502,Men,Accessories,Watches,Watches,Cream,Winter,2016.0,Casual,Titan Men Cream-Coloured Dial Watch NB1072YL06
40560,Men,Accessories,Watches,Watches,Black,Summer,2017.0,Casual,Titan Men Black Dial Watch NB9154YM05A
29907,Men,Accessories,Watches,Watches,Black,Winter,2016.0,Casual,Police Men Black Dial Genuine Leather Watch
45263,Men,Accessories,Watches,Watches,Black,Winter,2016.0,Casual,CASIO G-SHOCK Men Black Dial Chronograph Watch G241
41035,Men,Accessories,Watches,Watches,White,Winter,2016.0,Casual,Nautica Men White Dial Watch
19261,Women,Accessories,Watches,Watches,Silver,Winter,2016.0,Casual,Guess Women Logo Glam Silver Watch
29977,Women,Accessories,Watches,Watches,White,Summer,2017.0,Casual,Aspen Women White Dial Watch AP1102
54677,Women,Accessories,Watches,Watches,Black,Winter,2016.0,Casual,Fastrack Women Black Dial Watch NB9735NL02
30013,Men,Accessories,Watches,Watches,Black,Winter,2016.0,Casual,Kenneth Cole Men Black Dial Chronograph Watch
45127,Men,Accessories,Watches,Watches,Blue,Winter,2016.0,Casual,Casio Enticer Men Silver Analogue Watch MTP-1214A-2AVDF(A343)
36769,Men,Accessories,Watches,Watches,White,Winter,2016.0,Casual,Maxima Men White Dial Watch
59222,Women,Accessories,Watches,Watches,Maroon,Winter,2016.0,Casual,Titan Women Maroon Watch
43204,Men,Accessories,Watches,Watches,Black,Winter,2016.0,Casual,Fastrack Men Black Dial Watch
38030,Women,Accessories,Watches,Watches,Pink,Winter,2016.0,Casual,Q&Q Women Pink Watch
49901,Unisex,Accessories,Watches,Watches,Blue,Winter,2016.0,Casual,Q&Q Kids Unisex Blue Analog Watch
45151,Men,Accessories,Watches,Watches,White,Winter,2016.0,Casual,Casio Enticer Men Black Analogue Watch MTP-1302L-7BVDF(A490)
45192,Men,Accessories,Watches,Watches,Gold,Winter,2016.0,Formal,CASIO ENTICER Men Gold-Toned Dial Analogue Watch A644
10702,Women,Accessories,Watches,Watches,Steel,Winter,2016.0,Casual,Esprit Women Lissomy Glam Silver Black Steel Watches
40515,Men,Accessories,Watches,Watches,Cream,Winter,2016.0,Casual,Titan Men Cream Dial Watch
37307,Men,Accessories,Watches,Watches,Black,Winter,2016.0,Casual,Casio Youth Series Men Digital Watch W-213-1AVDF(D065)
53601,Men,Accessories,Watches,Watches,Black,Winter,2016.0,Casual,Q&Q Men Black Digital Watch M075J002Y
43189,Women,Accessories,Watches,Watches,Steel,Winter,2016.0,Casual,Fastrack Women Steel Dial Watch
56324,Women,Accessories,Watches,Watches,White,Winter,2016.0,Casual,Fastrack Women White Dial Watch
11001,Men,Accessories,Watches,Watches,Black,Winter,2016.0,Sports,Puma Men Top Fluctuation Red Black Watches
24487,Men,Accessories,Watches,Watches,Black,Winter,2016.0,Casual,Esprit Men Casual Black Watch
59236,Men,Accessories,Watches,Watches,Silver,Winter,2016.0,Casual,Titan Men Silver Watch
28413,Men,Accessories,Eyewear,Sunglasses,Metallic,Winter,2016.0,Casual,Idee Men Metallic Sunglasses
51716,Women,Accessories,Eyewear,Sunglasses,Brown,Winter,2016.0,Casual,Allen Solly Women Wayfarer Sunglasses AS 236 C2
38210,Men,Accessories,Eyewear,Sunglasses,Black,Winter,2016.0,Casual,Polaroid Men Sunglasses
16890,Unisex,Accessories,Eyewear,Sunglasses,Black,Winter,2016.0,Casual,Police Unisex Casual Black Sunglasses
38222,Unisex,Accessories,Eyewear,Sunglasses,Brown,Winter,2016.0,Casual,Polaroid Unisex Sunglasses
28190,Men,Accessories,Eyewear,Sunglasses,Gold,Winter,2016.0,Casual,Ray-Ban Men Aviator Sunglasses
16879,Unisex,Accessories,Eyewear,Sunglasses,Black,Winter,2016.0,Casual,Police Unisex Casual Black Sunglasses
28406,Men,Accessories,Eyewear,Sunglasses,Brown,Winter,2016.0,Casual,Idee Men Brown Sunglasses
50201,Women,Accessories,Eyewear,Sunglasses,Black,Winter,2016.0,Casual,Stoln Women Black Sunglasses
8683,Men,Accessories,Eyewear,Sunglasses,Green,Winter,2016.0,Casual,Fastrack Men Sunglasses M050GR3
16888,Men,Accessories,Eyewear,Sunglasses,Black,Winter,2016.0,Casual,Police Men Casual Black Sunglasses
49673,Men,Accessories,Eyewear,Sunglasses,Steel,Winter,2016.0,Casual,United Colors of Benetton Men Sunglass
16951,Men,Accessories,Eyewear,Sunglasses,Black,Winter,2016.0,Casual,Image Men Classic Eyewear Black Sunglasses
39994,Men,Accessories,Eyewear,Sunglasses,Metallic,Winter,2016.0,Casual,Park Avenue Men Metallic Frame Sunglasses
29140,Women,Accessories,Eyewear,Sunglasses,Purple,Winter,2016.0,Casual,Vogue Women Purple Sunglasses
16090,Men,Accessories,Eyewear,Sunglasses,Brown,Winter,2016.0,Casual,M tv Men My Fab Eyewear Brown Sunglasses
51707,Men,Accessories,Eyewear,Sunglasses,Grey,Winter,2016.0,Casual,Van Heusen Men Grey Sunglasses
28421,Men,Accessories,Eyewear,Sunglasses,Black,Winter,2016.0,Casual,Idee Men Black Sunglasses
16948,Men,Accessories,Eyewear,Sunglasses,Brown,Winter,2016.0,Casual,Image Men Classic Eyewear Brown Sunglasses
8704,Women,Accessories,Eyewear,Sunglasses,Red,Winter,2016.0,Casual,Fastrack Women Hip Hop Sunglasses
38216,Women,Accessories,Eyewear,Sunglasses,Black,Winter,2016.0,Casual,Polaroid Women Sunglasses
38208,Women,Accessories,Eyewear,Sunglasses,Grey,Winter,2016.0,Casual,Polaroid Women Sunglasses
38204,Women,Accessories,Eyewear,Sunglasses,Grey,Winter,2016.0,Casual,Polaroid Women Sunglasses
8667,Men,Accessories,Eyewear,Sunglasses,Brown,Winter,2016.0,Casual,Fastrack Men Gradient Bikers Sunglasses P148BR2
8671,Unisex,Accessories,Eyewear,Sunglasses,Green,Winter,2016.0,Casual,Fastrack Unisex Sunglasses FTML012GPGP2
8665,Unisex,Accessories,Eyewear,Sunglasses,Brown,Winter,2016.0,Casual,Fastrack Unisex Army collection Brown Sunglasses
21320,Men,Accessories,Eyewear,Sunglasses,Brown,Winter,2016.0,Casual,Louis Philippe Men Sunglasses LP045-C4
21281,Women,Accessories,Eyewear,Sunglasses,Brown,Winter,2016.0,Casual,Allen Solly Women Sunglasses AS166-C3
38195,Men,Accessories,Eyewear,Sunglasses,Grey,Winter,2016.0,Casual,Polaroid Men Sunglasses
16898,Men,Accessories,Eyewear,Sunglasses,Blue,Winter,2016.0,Casual,Police Men Casual Blue Sunglasses
21304,Women,Accessories,Eyewear,Sunglasses,Brown,Winter,2016.0,Casual,Celine Dion Women Brown Frame Sunglasses
23725,Men,Accessories,Eyewear,Sunglasses,Steel,Winter,2016.0,Casual,Ray-Ban Men High Street Steel Sunglasses
28279,Women,Accessories,Eyewear,Sunglasses,Brown,Winter,2016.0,Casual,Fastrack Women Brown Sunglasses
21314,Women,Accessories,Eyewear,Sunglasses,Purple,Winter,2016.0,Casual,Celine Dion Women Purple Frame Sunglasses
17324,Women,Accessories,Eyewear,Sunglasses,Brown,Winter,2016.0,Casual,Pepe Jeans Women Casual Sunglasses
49676,Men,Accessories,Eyewear,Sunglasses,Brown,Winter,2016.0,Casual,United Colors of Benetton Men Sunglass
49661,Women,Accessories,Eyewear,Sunglasses,Black,Winter,2016.0,Casual,United Colors of Benetton Women Sunglass
29882,Men,Accessories,Eyewear,Sunglasses,Brown,Winter,2016.0,Casual,Mayhem Men Aviator Sunglasses 1019-201
17319,Women,Accessories,Eyewear,Sunglasses,Black,Winter,2016.0,Casual,Pepe Jeans Women Casual Sunglasses
49167,Men,Accessories,Eyewear,Sunglasses,Black,Winter,2016.0,Casual,United Colors of Benetton Men Black Sunglasses
38236,Unisex,Accessories,Eyewear,Sunglasses,Black,Winter,2016.0,Casual,Polaroid Unisex Sunglasses
48218,Women,Accessories,Eyewear,Sunglasses,Black,Winter,2016.0,Casual,United Colors of Benetton Women Black Sunglasses
23736,Women,Accessories,Eyewear,Sunglasses,Red,Winter,2016.0,Casual,Ray-Ban Women Jackie Sunglasses
16946,Women,Accessories,Eyewear,Sunglasses,Maroon,Winter,2016.0,Casual,Image Women Classic Eyewear Maroon Sunglasses
23761,Men,Accessories,Eyewear,Sunglasses,Brown,Winter,2016.0,Casual,Oakley Men Brown Sunglasses
16859,Unisex,Accessories,Eyewear,Sunglasses,Brown,Winter,2016.0,Casual,Idee Unisex Funky Eyewear Brown Sunglasses
51728,Women,Accessories,Eyewear,Sunglasses,Black,Winter,2016.0,Casual,Allen Solly Women Oversized Sunglasses AH220-C1
28337,Men,Accessories,Eyewear,Sunglasses,Steel,Winter,2016.0,Casual,Idee Men Steel Sunglasses
38165,Women,Accessories,Eyewear,Sunglasses,Black,Winter,2016.0,Casual,Miami Blues Women Sunglasses
38185,Women,Accessories,Eyewear,Sunglasses,Gold,Winter,2016.0,Casual,Miami Blues Women Sunglasses
23759,Men,Accessories,Eyewear,Sunglasses,Brown,Winter,2016.0,Casual,Oakley Men Brown Sunglasses
28411,Men,Accessories,Eyewear,Sunglasses,Copper,Winter,2016.0,Casual,Idee Men Copper Sunglasses
30565,Unisex,Accessories,Eyewear,Sunglasses,Black,Winter,2016.0,Casual,Opium Unisex Black Sunglass
8672,Men,Accessories,Eyewear,Sunglasses,Black,Winter,2016.0,Casual,Fastrack Men Fastrack Black sunglass with golden rim Black Sunglasses
51702,Unisex,Accessories,Eyewear,Sunglasses,Grey,Winter,2016.0,Casual,Van Heusen Unisex Sunglasses VH220-C3
38235,Unisex,Accessories,Eyewear,Sunglasses,Brown,Winter,2016.0,Casual,Polaroid Unisex Sunglasses
30266,Men,Accessories,Eyewear,Sunglasses,Black,Summer,2017.0,Casual,Speedo Men Sheet Sunglasses
49671,Men,Accessories,Eyewear,Sunglasses,Navy Blue,Winter,2016.0,Casual,United Colors of Benetton Men Sunglass
51662,Men,Accessories,Eyewear,Sunglasses,Brown,Winter,2016.0,Casual,Louis Philippe Men Oversized Sunglasses LP214-C3
51706,Men,Accessories,Eyewear,Sunglasses,Black,Winter,2016.0,Casual,Van Heusen Men Black Sunglasses
28370,Men,Accessories,Eyewear,Sunglasses,Metallic,Winter,2016.0,Casual,Idee Men Metallic Sunglasses
8674,Men,Accessories,Eyewear,Sunglasses,Brown,Winter,2016.0,Casual,Fastrack Titan Men Sunglasses FTML016NYGP2
48200,Men,Accessories,Eyewear,Sunglasses,Black,Winter,2016.0,Casual,United Colors of Benetton Men Black Sunglasses
28289,Men,Accessories,Eyewear,Sunglasses,Grey,Winter,2016.0,Casual,Fastrack Men Grey Sunglasses
8616,Unisex,Accessories,Eyewear,Sunglasses,Brown,Winter,2016.0,Casual,Fastrack Unisex Sunglasses M035BR6
30678,Men,Accessories,Eyewear,Sunglasses,Grey,Winter,2016.0,Casual,Park Avenue Men Navy Sunglasses
16853,Men,Accessories,Eyewear,Sunglasses,Green,Winter,2016.0,Casual,Idee Men Funky Eyewear Green Sunglasses
14908,Women,Accessories,Eyewear,Sunglasses,Blue,Winter,2016.0,Casual,United Colors of Benetton Women Funky Blue Sunglasses
16846,Men,Accessories,Eyewear,Sunglasses,Brown,Winter,2016.0,Casual,Idee Men Funky Eyewear Brown Sunglasses
16891,Men,Accessories,Eyewear,Sunglasses,Black,Winter,2016.0,Casual,Police Men Casual Black Sunglasses
48216,Men,Accessories,Eyewear,Sunglasses,Brown,Winter,2016.0,Casual,United Colors of Benetton Men Brown Sunglasses
28285,Men,Accessories,Eyewear,Sunglasses,Black,Winter,2016.0,Casual,Fastrack Men Black Sunglasses
28308,Men,Accessories,Eyewear,Sunglasses,Purple,Winter,2016.0,Casual,Fastrack Men Sunglasses P119BR2
49670,Men,Accessories,Eyewear,Sunglasses,White,Winter,2016.0,Casual,United Colors of Benetton Men Sunglass
16862,Women,Accessories,Eyewear,Sunglasses,Grey,Winter,2016.0,Casual,Idee Women Funky Eyewear Blue Sunglasses
29957,Men,Accessories,Eyewear,Sunglasses,Copper,Winter,2016.0,Casual,Cat Men Metal Sunglasses
28208,Men,Accessories,Eyewear,Sunglasses,Metallic,Winter,2016.0,Casual,Ray-Ban Men Active Lifestyle Metallic Sunglasses
8643,Unisex,Accessories,Eyewear,Sunglasses,Green,Winter,2016.0,Casual,Fastrack Unisex Bikers Green Sunglasses
51730,Women,Accessories,Eyewear,Sunglasses,Purple,Winter,2016.0,Casual,Allen Solly Women Purple Sunglass
8696,Women,Accessories,Eyewear,Sunglasses,Red,Winter,2016.0,Casual,Fastrack Women Hip Hop Red Sunglasses
20854,Women,Accessories,Bags,Handbags,Maroon,Winter,2015.0,Casual,Spice Art Women Casual Cherry Maroon Handbag
9094,Women,Accessories,Bags,Handbags,Silver,Winter,2015.0,Casual,Murcia Women Silver Purse
44278,Women,Accessories,Bags,Handbags,Black,Summer,2012.0,Casual,Murcia Women Black Handpainted Print Handbag
17129,Women,Accessories,Bags,Handbags,Black,Winter,2015.0,Casual,Lino Perros Women Classic Black  Handbag
57846,Unisex,Accessories,Bags,Handbags,Beige,Summer,2012.0,Casual,Lino Perros Unisex Beige Sling Bag
20460,Women,Accessories,Bags,Handbags,White,Winter,2015.0,Casual,Baggit Women Babe Opart White Handbag
21956,Women,Accessories,Bags,Handbags,Brown,Winter,2015.0,Casual,Murcia Women Casual Brown Handbag
33393,Women,Accessories,Bags,Handbags,Brown,Summer,2012.0,Casual,Baggit Women Faltu Taj Brown Handbag
57261,Women,Accessories,Bags,Handbags,Brown,Summer,2012.0,Casual,Murcia Women Brown Handbag
15660,Unisex,Accessories,Bags,Handbags,Black,Fall,2011.0,Casual,Belkin Unisex Dash Laptop 16
52622,Women,Accessories,Bags,Handbags,Purple,Summer,2012.0,Casual,Mod-acc Women Purple Handbag
16761,Women,Accessories,Bags,Handbags,Olive,Winter,2015.0,Casual,Spice Art Women Leatherette  Olive Handbags
25261,Women,Accessories,Bags,Handbags,Beige,Summer,2012.0,Casual,Lino Perros Women Canvas Beige Handbag
47351,Women,Accessories,Bags,Handbags,Black,Summer,2012.0,Casual,Baggit Women Black Bag
29741,Women,Accessories,Bags,Handbags,Green,Summer,2012.0,Casual,Kiara Women Leatherette Green Handbag
38444,Women,Accessories,Bags,Handbags,Brown,Summer,2012.0,Casual,Baggit Women Green Handbag
42933,Unisex,Accessories,Bags,Handbags,Blue,Summer,2012.0,Casual,French Connection Unisex Blue Bag
47391,Women,Accessories,Bags,Handbags,Beige,Fall,2012.0,Casual,Baggit Women Beige Handbag
51926,Women,Accessories,Bags,Handbags,Red,Summer,2016.0,Casual,Nyk Women Red Julius Handbag
53888,Women,Accessories,Bags,Handbags,Yellow,Summer,2012.0,Casual,Kiara Women Yellow Handbag
29729,Women,Accessories,Bags,Handbags,Green,Summer,2012.0,Casual,Kiara Women Leatherette Green Handbag
20399,Women,Accessories,Bags,Handbags,Brown,Winter,2015.0,Casual,Baggit Women Possible Taj Brown Handbag
37000,Women,Accessories,Bags,Handbags,Red,Summer,2012.0,Casual,Lino Perros Women Red Sling Bag
2661,Women,Accessories,Bags,Handbags,Pink,Winter,2015.0,Casual,Murcia Women Jute Sling Pink Bag
1598,Women,Accessories,Bags,Handbags,Blue,Summer,2011.0,Travel,Geonaute Women Blue Outdoor Bag
20830,Unisex,Accessories,Bags,Handbags,Navy Blue,Summer,2011.0,Sports,Nike Unisex Solid Navy Blue Bag
46972,Women,Accessories,Bags,Handbags,Purple,Summer,2012.0,Casual,Bulchee Women Purple Handbag
8240,Women,Accessories,Bags,Handbags,Mustard,Winter,2016.0,Casual,Fastrack Women Mustard Sling Bag
25150,Women,Accessories,Bags,Handbags,Black,Winter,2015.0,Casual,Lino Perros Women Leatherette Black Handbag
10202,Women,Accessories,Bags,Handbags,Green,Winter,2015.0,Casual,Murcia Women Asjke Green Green Handbags
3404,Women,Accessories,Bags,Handbags,Red,Winter,2015.0,Casual,Murcia Women Red Hobo Handbag
43571,Women,Accessories,Bags,Handbags,Purple,Summer,2012.0,Casual,Puma Purple Kenobi II Tote Bag
14812,Women,Accessories,Bags,Handbags,Black,Summer,2011.0,Casual,United Colors of Benetton Women Solid Black Handbags
53687,Women,Accessories,Bags,Handbags,Pink,Summer,2012.0,Casual,Kiara Women Pink & Yellow Handbag
21484,Women,Accessories,Bags,Handbags,Grey,Winter,2015.0,Casual,Kiara Women Grey Shiny Handbag
47354,Women,Accessories,Bags,Handbags,Olive,Fall,2012.0,Casual,Baggit Women Olive Green Handbag
47361,Women,Accessories,Bags,Handbags,Black,Summer,2012.0,Casual,Baggit Women Black Voodoo Gang Handbag
2673,Women,Accessories,Bags,Handbags,Black,Winter,2015.0,Casual,Murcia Women Sleek Black Leatherette Hand Bag
20487,Women,Accessories,Bags,Handbags,Black,Winter,2015.0,Casual,Baggit Women Golmaal Taj Black Handbag
49546,Women,Accessories,Bags,Handbags,Maroon,Summer,2012.0,Casual,Rocia Women Maroon Handbag
34772,Women,Accessories,Bags,Handbags,Blue,Summer,2015.0,Casual,Be For Bag Women Zoli Blue Bag
43334,Women,Accessories,Bags,Handbags,Maroon,Spring,2013.0,Casual,Murcia Women Maroon Handbag
47139,Women,Accessories,Bags,Handbags,Pink,Summer,2015.0,Casual,Be For Bag Women Combo pack Tote Bags
58267,Women,Accessories,Bags,Handbags,Bronze,Fall,2012.0,Casual,Baggit Women Bronze Handbag
27070,Women,Accessories,Bags,Handbags,Brown,Summer,2012.0,Casual,Yelloe Women Shoppers Fun Brown Handbag
58268,Women,Accessories,Bags,Handbags,Olive,Fall,2012.0,Casual,Baggit Women Olive Handbag
26436,Women,Accessories,Bags,Handbags,Brown,Winter,2015.0,Casual,Spice Art Women Leatherette Brown Handbag
25184,Women,Accessories,Bags,Handbags,Brown,Winter,2015.0,Casual,Lino Perros Women Leatherette Dark Brown Handbag
3402,Women,Accessories,Bags,Handbags,Yellow,Winter,2015.0,Casual,Murcia Women Yellow Hobo Handbag
36995,Women,Accessories,Bags,Handbags,Red,Summer,2012.0,Casual,Lino Perros Women Red Handbag
27061,Women,Accessories,Bags,Handbags,Pink,Summer,2015.0,Casual,Yelloe Pink Laptop Pocket Handbag
25276,Women,Accessories,Bags,Handbags,Red,Summer,2012.0,Casual,Lino Perros Women Leatherite Red Handbag
20459,Women,Accessories,Bags,Handbags,Purple,Winter,2016.0,Casual,Baggit Women Libra Jhuti Purple Handbag
27038,Women,Accessories,Bags,Handbags,Beige,Summer,2012.0,Casual,Yelloe Beige Easy To Handle Handbag
34885,Women,Accessories,Bags,Handbags,Multi,Summer,2012.0,Casual,Envirosax Women Multi Coloured Bag
27743,Women,Accessories,Bags,Handbags,Black,Winter,2015.0,Casual,Murcia Women Black Sling bag
51905,Women,Accessories,Bags,Handbags,Purple,Summer,2016.0,Casual,Nyk Women Blue Pacifier Handbag
20512,Women,Accessories,Bags,Handbags,Teal,Winter,2015.0,Casual,Baggit Women Teal Turnoff Taj Handbag
10734,Women,Accessories,Bags,Handbags,Green,Winter,2015.0,Casual,Murcia Women Mcc Green Green Handbags
58277,Women,Accessories,Bags,Handbags,Beige,Summer,2012.0,Casual,Baggit Women Beige Libra Jhuti Sling Bag
58184,Women,Accessories,Bags,Handbags,Beige,Summer,2012.0,Casual,Rocky S Women Beige Handbag
37418,Women,Accessories,Bags,Handbags,Multi,Summer,2012.0,Casual,Murcia Women Multi Handbag
44244,Women,Accessories,Bags,Handbags,Black,Summer,2012.0,Casual,Hidekraft Women Black Handbag
54829,Women,Accessories,Bags,Handbags,Brown,Winter,2012.0,Casual,Ivory Tag Women Brown Sling Bag
58259,Women,Accessories,Bags,Handbags,Olive,Fall,2012.0,Casual,Baggit Women Olive Sling Bag
58928,Women,Accessories,Bags,Handbags,Olive,Summer,2010.0,Casual,Ivory Tag Olive Dip Sling Bag
28442,Women,Accessories,Bags,Handbags,Blue,Summer,2012.0,Casual,Kiara Women Blue Handbag
24789,Women,Accessories,Bags,Handbags,Brown,Winter,2015.0,Casual,Lino Perros Women Leatherite Brown Bag
42860,Women,Accessories,Bags,Handbags,Cream,Summer,2012.0,Casual,French Connection Women Cream Handbag
27690,Women,Accessories,Bags,Handbags,Black,Winter,2015.0,Casual,Murcia Women Black Handbag
34559,Women,Accessories,Bags,Handbags,Pink,Summer,2012.0,Casual,Puma Women Pink Fitness Small Handbag
53679,Women,Accessories,Bags,Handbags,Pink,Summer,2012.0,Casual,Kiara Women Pink Handbag
54017,Women,Accessories,Bags,Handbags,Grey,Summer,2012.0,Casual,Kiara Women Grey Handbag
15436,Women,Accessories,Bags,Handbags,Maroon,Fall,2011.0,Casual,Hidekraft Women Leather Maroon Handbags
18793,Unisex,Accessories,Bags,Handbags,Beige,Summer,2010.0,Casual,Peter England Unisex Casual Beige Bag
47138,Women,Accessories,Bags,Handbags,White,Summer,2015.0,Casual,Be For Bag Women Combo pack Tote Bags
10208,Women,Accessories,Bags,Handbags,Blue,Winter,2015.0,Casual,Murcia Women Hths Blue Handbags
37070,Women,Accessories,Bags,Handbags,Brown,Summer,2012.0,Casual,Lino Perros Women Brown Handbag
53941,Women,Accessories,Bags,Handbags,Grey,Summer,2012.0,Casual,Kiara Women Grey Handbag
20611,Women,Accessories,Bags,Handbags,Red,Winter,2015.0,Casual,Baggit Women Frankie Hoor Red Handbag
52660,Women,Accessories,Bags,Handbags,Pink,Summer,2012.0,Casual,Mod'acc Women Pink & Beige Handbag
43292,Women,Accessories,Bags,Handbags,Pink,Summer,2015.0,Casual,Murcia Women Pink Kate Handbag
43570,Women,Accessories,Bags,Handbags,Black,Summer,2012.0,Casual,Puma Women Black Handbag
57236,Women,Accessories,Bags,Handbags,Burgundy,Summer,2012.0,Casual,Murcia Women Burgundy Handbag
25190,Women,Accessories,Bags,Handbags,Brown,Winter,2015.0,Casual,Lino Perros Women Striped Brown Handbag
54392,Women,Accessories,Bags,Handbags,Red,Summer,2012.0,Casual,Baggit Women Red Handbag
25286,Women,Accessories,Bags,Handbags,Pink,Summer,2012.0,Casual,Lino Perros Women Leatherette Pink Sling Bag
47338,Women,Accessories,Bags,Handbags,Orange,Summer,2012.0,Casual,Baggit Women Orange Frankie Eva Handbag
47292,Women,Accessories,Bags,Handbags,Purple,Summer,2012.0,Casual,Baggit Women Purple Handbag
25176,Women,Accessories,Bags,Handbags,Brown,Winter,2015.0,Casual,Lino Perros Women Sequins Brown Handbag
58269,Women,Accessories,Bags,Handbags,Brown,Fall,2012.0,Casual,Baggit Women Brown Handbag
14798,Women,Accessories,Bags,Handbags,Brown,Summer,2011.0,Casual,United Colors of Benetton Women Solid Coffee Brown Handbags
27668,Women,Accessories,Bags,Handbags,White,Winter,2015.0,Casual,Murcia Women White Handbag
20613,Women,Accessories,Bags,Handbags,Purple,Winter,2015.0,Casual,Baggit Women Ishqx Barat Purple Handbag
34774,Women,Accessories,Bags,Handbags,Black,Summer,2015.0,Casual,Be For Bag Women Pack of 3 Bag
25207,Women,Accessories,Bags,Handbags,Grey,Winter,2015.0,Casual,Lino Perros Women Classic Grey Handbag
33415,Women,Accessories,Bags,Handbags,Purple,Fall,2012.0,Casual,Baggit Women Quick Jhuti Purple Handbag
48187,Women,Accessories,Bags,Handbags,Multi,Winter,2016.0,Casual,Fossil Women Multi Coloured Handbag
57230,Women,Accessories,Bags,Handbags,Purple,Summer,2012.0,Casual,Murcia Women Purple Handbag
47418,Women,Accessories,Bags,Handbags,Beige,Summer,2012.0,Casual,Baggit Women Beige Handbag
5271,Unisex,Accessories,Bags,Backpacks,Green,Winter,2015.0,Casual,Wildcraft Unisex Green Holster Bag
15653,Unisex,Accessories,Bags,Backpacks,Navy Blue,Fall,2011.0,Casual,Belkin Unisex Simple Backpack Navy Blue Backpacks
7056,Unisex,Accessories,Bags,Backpacks,Black,Summer,2011.0,Sports,Nike Unisex Trng Max Black Backpack
4583,Unisex,Accessories,Bags,Backpacks,Grey,Winter,2015.0,Casual,Wildcraft Unisex Grey Backpack
15419,Unisex,Accessories,Bags,Backpacks,Black,Fall,2011.0,Casual,Fila Unisex Silver Black Backpacks
34466,Women,Accessories,Bags,Backpacks,Pink,Summer,2012.0,Casual,ADIDAS Women Polyester Pink Backpack
4585,Unisex,Accessories,Bags,Backpacks,Black,Winter,2015.0,Casual,Wildcraft Unisex Black Solid Backpack
21437,Women,Accessories,Bags,Backpacks,Blue,Winter,2012.0,Casual,Roxy Women Blue Backpack
20938,Men,Accessories,Bags,Backpacks,Black,Winter,2016.0,Casual,Fastrack Men Leatherette Black Backpack
51318,Unisex,Accessories,Bags,Backpacks,Blue,Summer,2015.0,Casual,Wildcraft Unisex Blue Cauvery Backpack
22672,Unisex,Accessories,Bags,Backpacks,Grey,Winter,2015.0,Casual,Wildcraft Unisex Grey Backpack
24833,Unisex,Accessories,Bags,Backpacks,Red,Winter,2015.0,Casual,Wildcraft Unisex Red Backpack
8373,Men,Accessories,Bags,Backpacks,Navy Blue,Winter,2016.0,Casual,Fastrack Men Navy Blue Backpack
19921,Unisex,Accessories,Bags,Backpacks,Yellow,Summer,2015.0,Casual,Wildcraft Unisex Gear for Life Yellow Backpack
39874,Unisex,Accessories,Bags,Backpacks,Black,Summer,2012.0,Casual,ADIDAS Unisex Black Load Spring Backpack
9525,Unisex,Accessories,Bags,Backpacks,Black,Fall,2011.0,Casual,ADIDAS Unisex Bess Bp Black Backpacks
37674,Unisex,Accessories,Bags,Backpacks,Black,Summer,2012.0,Casual,American Tourister Unisex Black Backpack
58144,Unisex,Accessories,Bags,Backpacks,Grey,Summer,2012.0,Casual,Puma Unisex Grey Backpack
29072,Men,Accessories,Bags,Backpacks,Blue,Winter,2016.0,Casual,Fastrack Men Blue Backpack
37695,Unisex,Accessories,Bags,Backpacks,Brown,Summer,2012.0,Casual,American Tourister Unisex Brown Backpack
2363,Unisex,Accessories,Bags,Backpacks,Black,Summer,2011.0,Sports,ADIDAS Black Backpack
9439,Unisex,Accessories,Bags,Backpacks,Blue,Spring,2013.0,Casual,Nike Unisex Brasilia 5 Me Blue Backpacks
19912,Unisex,Accessories,Bags,Backpacks,Green,Winter,2015.0,Casual,Wildcraft Unisex Outdoors Crump Green Backpack
35187,Unisex,Accessories,Bags,Backpacks,Blue,Spring,2013.0,Casual,Wildcraft Unisex Blue & Grey Backpack
53366,Unisex,Accessories,Bags,Backpacks,Blue,Summer,2012.0,Casual,Puma Unisex Blue Backpack
22738,Unisex,Accessories,Bags,Backpacks,Black,Summer,2011.0,Casual,Nike Unisex Black Backpack
5218,Unisex,Accessories,Bags,Backpacks,Red,Winter,2015.0,Casual,Wildcraft Unisex Red Backpack
9495,Unisex,Accessories,Bags,Backpacks,Black,Fall,2011.0,Casual,Puma Unisex Blaze Black Backpacks
7110,Unisex,Accessories,Bags,Backpacks,Navy Blue,Winter,2015.0,Casual,Wildcraft Unisex Navy Backpack
34463,Unisex,Accessories,Bags,Backpacks,Black,Summer,2012.0,Casual,ADIDAS Unisex Black Backpack
37677,Unisex,Accessories,Bags,Backpacks,Brown,Summer,2012.0,Casual,American Tourister Unisex Brown Backpack
7103,Unisex,Accessories,Bags,Backpacks,Grey,Winter,2015.0,Casual,Wildcraft Unisex Grey Backpack
1793,Unisex,Accessories,Bags,Backpacks,Green,Summer,2011.0,Travel,Quechua 10L Green Bag
20931,Men,Accessories,Bags,Backpacks,Black,Winter,2016.0,Casual,Fastrack Men Polyester Black Backpack
4593,Unisex,Accessories,Bags,Backpacks,Olive,Winter,2015.0,Casual,Wildcraft Unisex Olive & Black Backpack
8512,Unisex,Accessories,Bags,Backpacks,Blue,Summer,2011.0,Sports,Nike Unisex Nike Graphic Blue Backpacks
7058,Unisex,Accessories,Bags,Backpacks,Black,Summer,2011.0,Sports,Nike Unisex Manchester Black Backpack
4670,Unisex,Accessories,Bags,Backpacks,Navy Blue,Summer,2011.0,Sports,ADIDAS BP 3S Dark Navy Black Unisex Backpack
37696,Unisex,Accessories,Bags,Backpacks,Blue,Summer,2012.0,Casual,American Tourister Unisex Blue Backpack
30190,Unisex,Accessories,Bags,Backpacks,Red,Summer,2012.0,Casual,Nike Unisex Nylon Red Backpack
7118,Unisex,Accessories,Bags,Backpacks,Blue,Winter,2015.0,Casual,Wildcraft Unisex Meteor Blue & Black Backpack
15666,Unisex,Accessories,Bags,Backpacks,Black,Fall,2011.0,Casual,Belkin Unisex Netbook Roadie Black Backpacks
1918,Unisex,Accessories,Bags,Backpacks,Blue,Fall,2010.0,Sports,Domyos 300 Blue Bag
9486,Unisex,Accessories,Bags,Backpacks,Black,Winter,2011.0,Casual,Puma Unisex Big Cat Black Backpacks
20936,Unisex,Accessories,Bags,Backpacks,Green,Summer,2017.0,Casual,Fastrack Unisex Green Backpack
25882,Unisex,Accessories,Bags,Backpacks,Purple,Winter,2015.0,Casual,American Tourister Unisex Casual Purple Backpack
21271,Unisex,Accessories,Bags,Backpacks,Grey,Fall,2011.0,Casual,Footloose Unisex Grey Backpack
31606,Unisex,Accessories,Bags,Backpacks,Black,Winter,2012.0,Casual,Nike Unisex Black Backpack
7852,Unisex,Accessories,Bags,Backpacks,Black,Summer,2011.0,Sports,Nike Unisex Blue Bing Black Backpack
20928,Women,Accessories,Bags,Backpacks,Black,Winter,2016.0,Casual,Fastrack Women Black Backpack
6797,Unisex,Accessories,Bags,Backpacks,Pink,Summer,2011.0,Casual,Nike Unisex Fundamen Pink Backpack
35194,Unisex,Accessories,Bags,Backpacks,Blue,Spring,2013.0,Casual,Wildcraft Unisex Blue and Grey Backpack
15274,Men,Accessories,Bags,Backpacks,Black,Fall,2011.0,Casual,Nike Men Max Air Black Backpacks
9484,Unisex,Accessories,Bags,Backpacks,Black,Fall,2011.0,Casual,Puma Unisex Ferrari Replica Black Backpacks
7062,Unisex,Accessories,Bags,Backpacks,Black,Summer,2011.0,Sports,Nike Unisex Classic Black Grey Backpack
25120,Women,Accessories,Bags,Clutches,Black,Winter,2015.0,Casual,Lino Perros Women Beaded Black Clutch
31929,Women,Accessories,Bags,Clutches,Beige,Summer,2012.0,Casual,Fabindia Women Beige Silk Clutch
25136,Women,Accessories,Bags,Clutches,Gold,Winter,2015.0,Casual,Lino Perros Women Gold Clutch
25129,Women,Accessories,Bags,Clutches,Gold,Winter,2015.0,Casual,Lino Perros Women Gems Gold Clutch
33440,Women,Accessories,Bags,Clutches,Beige,Fall,2012.0,Casual,Baggit Women Roundup Taj Beige Clutch
35925,Women,Accessories,Bags,Clutches,Yellow,Summer,2012.0,Casual,Peperone Women Yellow Clutch
25127,Women,Accessories,Bags,Clutches,Purple,Winter,2015.0,Casual,Lino Perros Women Gems Purple Clutch
35927,Women,Accessories,Bags,Clutches,Olive,Summer,2012.0,Casual,Peperone Women Olive Clutch
53073,Women,Accessories,Bags,Clutches,Brown,Summer,2012.0,Casual,Rocia Women Brown Clutch
52336,Women,Accessories,Bags,Clutches,Black,Winter,2016.0,Casual,ToniQ Women Black Clutch
49561,Women,Accessories,Bags,Clutches,Black,Summer,2012.0,Casual,Spice Art Women Black Clutch
42878,Women,Accessories,Bags,Clutches,Maroon,Summer,2012.0,Casual,
42836,Women,Accessories,Bags,Clutches,Black,Summer,2012.0,Casual,French Connection Women Black Croc Clutch
17143,Women,Accessories,Bags,Clutches,Black,Winter,2015.0,Casual,Lino Perros Women Classic Black Clutch
58262,Women,Accessories,Bags,Clutches,Bronze,Summer,2012.0,Casual,Baggit Women Bronze Clutch
49535,Women,Accessories,Bags,Clutches,Brown,Summer,2012.0,Casual,Rocia Women Brown Clutch
42879,Women,Accessories,Bags,Clutches,Black,Summer,2012.0,Casual,French Connection Women Black Buffy Clutch
49532,Women,Accessories,Bags,Clutches,Gold,Summer,2012.0,Casual,Rocia Women Gold Clutch
30705,Women,Accessories,Bags,Clutches,Orange,Summer,2012.0,Casual,Fabindia Women Orange Silk Purse
49525,Women,Accessories,Bags,Clutches,Red,Summer,2010.0,Casual,Rocia Women Red Clutch
31934,Women,Accessories,Bags,Clutches,Orange,Summer,2012.0,Casual,Fabindia Women Orange Brocade Clutch
18164,Women,Accessories,Bags,Clutches,Black,Winter,2015.0,Casual,Spice Art Women Zircons Black Clutch
38682,Women,Accessories,Bags,Clutches,Black,Summer,2015.0,Casual,Spice Art Women Flower Embroidery Black Clutch
42893,Women,Accessories,Bags,Clutches,Black,Summer,2012.0,Casual,French Connection Women Black Clutch
47420,Women,Accessories,Bags,Clutches,Silver,Fall,2012.0,Casual,Baggit Women Silver Clutch
8248,Men,Accessories,Bags,Duffel Bag,Black,Fall,2011.0,Casual,Fastrack Men Black Gym Bag
5254,Unisex,Accessories,Bags,Duffel Bag,Red,Winter,2015.0,Casual,Wildcraft Unisex Red Duffle Bag
36042,Unisex,Accessories,Bags,Duffel Bag,Blue,Summer,2012.0,Casual,OTLS Unisex Blue Duffle Bag
36073,Unisex,Accessories,Bags,Duffel Bag,Khaki,Winter,2012.0,Casual,OTLS Unisex Khaki Gym Bag
21250,Unisex,Accessories,Bags,Duffel Bag,Navy Blue,Summer,2011.0,Casual,Skybags Unisex Navy Duffle Bag
36666,Unisex,Accessories,Bags,Duffel Bag,Brown,Summer,2012.0,Casual,Paridhan Unisex Brown Duffle Bag
1943,Unisex,Accessories,Bags,Duffel Bag,Grey,Summer,2011.0,Casual,Domyos Grey Duffle Duffle Bag
36075,Unisex,Accessories,Bags,Duffel Bag,Blue,Winter,2012.0,Casual,OTLS Unisex Blue Gym Bag
30203,Unisex,Accessories,Bags,Duffel Bag,Black,Summer,2012.0,Casual,Nike Unisex Legend Black Duffle Bag
22667,Unisex,Accessories,Bags,Duffel Bag,Black,Winter,2015.0,Casual,Wildcraft Unisex Black & Red Duffel Bag
39502,Unisex,Accessories,Bags,Duffel Bag,Orange,Summer,2012.0,Casual,Peter England Unisex Orange Duffle Bag
34122,Unisex,Accessories,Bags,Duffel Bag,Khaki,Summer,2012.0,Casual,Turtle Unisex Khaki Duffle Bag
57242,Women,Accessories,Bags,Duffel Bag,Brown,Summer,2012.0,Casual,Murcia Women Brown Duffle Bag
39504,Unisex,Accessories,Bags,Duffel Bag,Black,Summer,2012.0,Casual,Peter England Unisex Black Duffle Bag
39505,Unisex,Accessories,Bags,Duffel Bag,Black,Summer,2012.0,Casual,Peter England Unisex Black Duffle Bag
48166,Women,Accessories,Wallets,Wallets,Yellow,Winter,2016.0,Casual,Fossil Women Yellow Wallet
43392,Men,Accessories,Wallets,Wallets,Brown,Summer,2012.0,Casual,Lino Perros Men Brown Wallet
33396,Women,Accessories,Wallets,Wallets,Purple,Summer,2012.0,Casual,Baggit Women Kites Jimmy Purple Wallet
15942,Men,Accessories,Wallets,Wallets,Black,Fall,2011.0,Casual,Turtle Men Leather Black Wallets
58476,Men,Accessories,Wallets,Wallets,Brown,Winter,2016.0,Casual,Fossil Men Brown Wallet
18050,Women,Accessories,Wallets,Wallets,Brown,Winter,2015.0,Casual,Lino Perros Women Solid Brown Wallet
20468,Women,Accessories,Wallets,Wallets,Purple,Winter,2015.0,Casual,Baggit Women Udaan Jhuti Purple Wallet
47155,Men,Accessories,Wallets,Wallets,Brown,Summer,2012.0,Casual,Peter England Men Brown Wallet
23688,Men,Accessories,Wallets,Wallets,Brown,Fall,2011.0,Casual,Newhide Brown Men Antique Wallet
36917,Men,Accessories,Wallets,Wallets,Black,Winter,2016.0,Casual,Fossil Men Black Wallet
58483,Men,Accessories,Wallets,Wallets,Brown,Winter,2016.0,Casual,Fossil Men Brown Wallet
20626,Women,Accessories,Wallets,Wallets,Red,Winter,2015.0,Casual,Baggit Women Voodoo Lovely Red Wallet
27775,Men,Accessories,Wallets,Wallets,Black,Winter,2015.0,Casual,Bulchee Men Black Wallet
20628,Women,Accessories,Wallets,Wallets,Grey,Winter,2015.0,Casual,Baggit Women Voodoo Viva Grey Wallet
42918,Women,Accessories,Wallets,Wallets,Black,Summer,2012.0,Casual,French Connection Women Black Wallet
58241,Women,Accessories,Wallets,Wallets,Beige,Summer,2012.0,Casual,Baggit Women Beige Wallet
44258,Women,Accessories,Wallets,Wallets,Red,Summer,2012.0,Casual,Hidekraft Women Red Wallet
47344,Women,Accessories,Wallets,Wallets,Navy Blue,Summer,2012.0,Casual,Baggit Women Navy Blue Wallet
18045,Women,Accessories,Wallets,Wallets,Blue,Winter,2015.0,Casual,Lino Perros Women Sequin Blue Wallet
21813,Men,Accessories,Wallets,Wallets,Black,Winter,2016.0,Casual,Fossil Men Evans Zippass case Black Wallet
28594,Men,Accessories,Wallets,Wallets,Brown,Summer,2012.0,Casual,Peter England Men Leather Brown Wallet
18044,Women,Accessories,Wallets,Wallets,Yellow,Winter,2015.0,Casual,Lino Perros Women Sequin Yellow Wallet
58165,Women,Accessories,Wallets,Wallets,Cream,Fall,2012.0,Casual,Rocky S Women Cream Wallet
53360,Women,Accessories,Wallets,Wallets,Pink,Summer,2012.0,Casual,Puma Woman Pink Big Cat Wallet
48137,Women,Accessories,Wallets,Wallets,Grey,Winter,2016.0,Casual,Fossil Women Grey Wallet
38358,Men,Accessories,Wallets,Wallets,Brown,Summer,2012.0,Casual,Peter England Men Brown Wallet
14841,Men,Accessories,Wallets,Wallets,Black,Summer,2011.0,Casual,United Colors of Benetton Men Solid Black Wallets
44608,Men,Accessories,Wallets,Wallets,Brown,Summer,2012.0,Formal,Van Heusen Men Brown Wallet
20564,Women,Accessories,Wallets,Wallets,Brown,Winter,2015.0,Casual,Baggit Women Turnoff Taj Brown Wallet
21810,Men,Accessories,Wallets,Wallets,Brown,Winter,2016.0,Casual,Fossil Men Hood Traveller Brown Wallet
47387,Women,Accessories,Wallets,Wallets,Grey,Summer,2012.0,Casual,Baggit Women Grey Wallet
41258,Men,Accessories,Wallets,Wallets,Black,Summer,2012.0,Casual,Arrow Men Black Wallet
20465,Women,Accessories,Wallets,Wallets,Red,Winter,2015.0,Casual,Baggit Women Red Famous Taj Wallet
27752,Men,Accessories,Wallets,Wallets,Black,Winter,2015.0,Casual,Bulchee Men Black Wallet
18566,Women,Accessories,Wallets,Wallets,Black,Summer,2011.0,Casual,Puma Women Black Wallet
14969,Men,Accessories,Wallets,Wallets,Brown,Fall,2011.0,Formal,Newhide Smooth Finish Wallet
36541,Men,Accessories,Wallets,Wallets,Black,Summer,2012.0,Casual,United Colors of Benetton Men Leather Black Wallet
14845,Men,Accessories,Wallets,Wallets,Brown,Summer,2011.0,Casual,United Colors of Benetton Men Solid Brown Wallets
20563,Women,Accessories,Wallets,Wallets,Green,Winter,2015.0,Casual,Baggit Women Turnoff Taj Green Wallet
7618,Men,Accessories,Wallets,Wallets,Black,Summer,2011.0,Casual,Wrangler Men Black Leather Wallet
43395,Men,Accessories,Wallets,Wallets,Navy Blue,Summer,2012.0,Casual,Lino Perros Men Navy Blue Wallet
20477,Women,Accessories,Wallets,Wallets,Beige,Winter,2015.0,Casual,Baggit Women Oscar Opart Beige Wallet
20483,Women,Accessories,Wallets,Wallets,Black,Winter,2015.0,Casual,Baggit Women Quick Buffalo Black Wallet
33447,Women,Accessories,Wallets,Wallets,Brown,Summer,2012.0,Casual,Baggit Women Leather Brown Wallet
43390,Men,Accessories,Wallets,Wallets,Black,Spring,2012.0,Casual,Lino Perros Men Black Wallet
36922,Men,Accessories,Wallets,Wallets,Black,Winter,2016.0,Casual,Fossil Men Black Harper Wallet
25304,Women,Accessories,Wallets,Wallets,Brown,Winter,2015.0,Casual,Lino Perros Women Classic Brown Wallet
32604,Men,Accessories,Wallets,Wallets,Brown,Spring,2013.0,,Levitate Men Brown Wallet
14848,Men,Accessories,Wallets,Wallets,Beige,Summer,2011.0,Casual,United Colors of Benetton Men Printed Beige Wallets
58249,Women,Accessories,Wallets,Wallets,Brown,Summer,2012.0,Casual,Baggit Women Brown Wallet
17094,Women,Accessories,Wallets,Wallets,Brown,Winter,2015.0,Casual,Lino Perros Women Button Flap Brown Wallet
58247,Women,Accessories,Wallets,Wallets,Red,Summer,2012.0,Casual,Baggit Women Red Wallet
25097,Men,Accessories,Wallets,Wallets,Black,Winter,2015.0,Casual,Lino Perros Men Leather Black Wallet
47415,Women,Accessories,Wallets,Wallets,Bronze,Summer,2012.0,Casual,Baggit Women Bronze Rapchik Chino Wallet
42074,Men,Accessories,Wallets,Wallets,Black,Summer,2012.0,Casual,American Tourister Men Black Coin Passcase Wallet
58248,Women,Accessories,Wallets,Wallets,Purple,Winter,2016.0,Casual,Baggit Women Purple Wallet
52781,Women,Accessories,Wallets,Wallets,Black,Fall,2012.0,Casual,Fiorelli Women Black Wallet
23689,Men,Accessories,Wallets,Wallets,Black,Fall,2011.0,Casual,Newhide Black Men Casual Wallet
17091,Women,Accessories,Wallets,Wallets,White,Winter,2015.0,Casual,Lino Perros Women Button Flap White Wallet
38134,Women,Accessories,Wallets,Wallets,Blue,Winter,2015.0,Casual,Wildcraft Women Blue Wallet
18565,Men,Accessories,Belts,Belts,Black,Summer,2011.0,Casual,Puma Men Bolt LS Black Belt
17779,Men,Accessories,Belts,Belts,Olive,Fall,2011.0,Formal,Reid & Taylor Men Olive Belt
15218,Men,Accessories,Belts,Belts,Black,Summer,2011.0,Casual,United Colors of Benetton Solid Belt
19506,Men,Accessories,Belts,Belts,Black,Fall,2011.0,Casual,Wrangler Stud Men Black Belts
46306,Men,Accessories,Belts,Belts,Grey,Summer,2012.0,Casual,ADIDAS Men Grey Urban Belt
36526,Women,Accessories,Belts,Belts,Black,Summer,2012.0,Casual,United Colors of Benetton Women Black Belt
35065,Men,Accessories,Belts,Belts,Black,Summer,2012.0,Casual,Allen Solly Men Reversible Leather Black & Brown Belt
35068,Men,Accessories,Belts,Belts,Black,Winter,2012.0,Casual,Allen Solly Men Black Belt
37066,Women,Accessories,Belts,Belts,Black,Summer,2012.0,Casual,Lino Perros Women Black Belt
14972,Men,Accessories,Belts,Belts,Black,Fall,2011.0,Formal,New Hide Men Solid Black Belts
33481,Women,Accessories,Belts,Belts,Purple,Summer,2012.0,Casual,Baggit Women Baaz Sandwichtost Purple Belt
50217,Women,Accessories,Belts,Belts,Black,Summer,2012.0,Casual,Stoln Women Black Belt
8113,Men,Accessories,Belts,Belts,Brown,Winter,2016.0,Casual,Fastrack Men Coffee Canvas Beige Stiches Belt
25756,Men,Accessories,Belts,Belts,Olive,Winter,2015.0,Casual,Lino Perros Men Canvas Olive Belt
14593,Men,Accessories,Belts,Belts,Black,Summer,2011.0,Casual,United Colors of Benetton Men Solid Black Belts
18603,Men,Accessories,Belts,Belts,Black,Fall,2011.0,Formal,New Hide Men Leather Black Belt
27809,Men,Accessories,Belts,Belts,Brown,Summer,2013.0,Formal,Bulchee Men Brown And Black Reversible Belt
14978,Men,Accessories,Belts,Belts,Black,Fall,2011.0,Casual,New Hide Men Solid Black Belts
8309,Men,Accessories,Belts,Belts,Black,Winter,2016.0,Casual,Fastrack Men Non Leather Black Silver Color Brass Belt
45317,Men,Accessories,Belts,Belts,Black,Summer,2012.0,Formal,Van Heusen Men Black & Brown Reversible Belt
58467,Men,Accessories,Belts,Belts,Brown,Summer,2012.0,Casual,Fossil Men Brown Belt
47164,Men,Accessories,Belts,Belts,Brown,Summer,2012.0,Casual,Peter England Men Brown Belt
15939,Men,Accessories,Belts,Belts,Brown,Fall,2011.0,Casual,Turtle Men Leather Brown Belts
27808,Men,Accessories,Belts,Belts,Black,Summer,2013.0,Formal,Bulchee Men Reversible Prong Black Belt
51266,Men,Accessories,Belts,Belts,Black,Summer,2012.0,Casual,Parx Men Black Belt
18830,Men,Accessories,Belts,Belts,Black,Summer,2011.0,Formal,Peter England Men Formal Black Belt
3710,Men,Accessories,Belts,Belts,Navy Blue,Summer,2011.0,Casual,Lee Men Navy Blue Canvas Belt
45315,Men,Accessories,Belts,Belts,Black,Summer,2012.0,Formal,Van Heusen Men Black & Brown Reversible Belt
37994,Men,Accessories,Belts,Belts,Brown,Summer,2012.0,Casual,New Hide Men Brown Belt
46074,Men,Accessories,Belts,Belts,Brown,Summer,2012.0,Casual,Lino Perros Men Brown Leather Belt
30152,Men,Accessories,Belts,Belts,Black,Summer,2012.0,Casual,Wrangler Men Black Belt
25426,Men,Accessories,Belts,Belts,Black,Spring,2014.0,Casual,Puma Men Carve Black Belt
19889,Men,Accessories,Belts,Belts,Olive,Summer,2011.0,Casual,Lee Men Canvas Olive Belt
17064,Women,Accessories,Belts,Belts,Navy Blue,Winter,2015.0,Casual,Lino Perros Women Weaved  Navy Blue Belt
40223,Men,Accessories,Belts,Belts,Black,Summer,2012.0,Casual,Provogue Men Black Leather Belt
48549,Women,Accessories,Belts,Belts,Black,Summer,2012.0,Casual,Wrangler Women Black Belt
14820,Men,Accessories,Belts,Belts,Green,Summer,2011.0,Casual,United Colors of Benetton Men Stripes Green Belts
38418,Women,Accessories,Belts,Belts,Purple,Summer,2012.0,Casual,Baggit Women Purple Choti Eva Belt
8120,Men,Accessories,Belts,Belts,Black,Winter,2016.0,Casual,Fastrack Men Black Belt
37704,Women,Accessories,Belts,Belts,Brown,Summer,2012.0,Casual,Wills Women Brown Braided Belt
18836,Men,Accessories,Belts,Belts,Black,Summer,2011.0,Casual,Peter England Men Classic Black Belt
34808,Men,Accessories,Belts,Belts,Black,Summer,2012.0,Casual,Flying Machine Men Black Belt
14828,Men,Accessories,Belts,Belts,Black,Summer,2011.0,Casual,United Colors of Benetton Men Solid Black Belts
21000,Men,Accessories,Belts,Belts,White,Winter,2016.0,Casual,Fastrack Men Leatherette White Belt
28589,Men,Accessories,Belts,Belts,Brown,Summer,2012.0,Casual,Peter England Men Leather Brown Belt
24779,Women,Accessories,Belts,Belts,Black,Winter,2015.0,Casual,Lino Perros Women Ladies Belts Black Black Belts
35060,Men,Accessories,Belts,Belts,Brown,Summer,2012.0,Casual,Allen Solly Men Leather Brown Belt
10333,Men,Accessories,Belts,Belts,Brown,Fall,2011.0,Casual,Indigo Nation Men chert Brown Belts
35069,Men,Accessories,Belts,Belts,Black,Winter,2012.0,Casual,Allen Solly Men Black & Brown Reversible Belt
14171,Men,Accessories,Belts,Belts,Black,Fall,2011.0,Formal,Belmonte Men Matt Finish Black Belts
36386,Men,Accessories,Socks,Socks,Black,Summer,2016.0,Casual,Reid & Taylor Men Black Socks
14613,Men,Accessories,Socks,Socks,Black,Summer,2011.0,Casual,United Colors of Benetton Men Pack of 2 Black Socks
17389,Men,Accessories,Socks,Socks,Red,Summer,2016.0,Casual,Reid & Taylor Men Solid Red Socks
54339,Men,Accessories,Socks,Socks,Black,Summer,2016.0,Casual,Levis Men Pack of 3 Socks
31990,Men,Accessories,Socks,Socks,Black,Summer,2016.0,Formal,Playboy Men Black Socks
33780,Men,Accessories,Socks,Socks,Navy Blue,Summer,2012.0,Casual,Puma Men Formstripe Navy Blue Socks
49228,Men,Accessories,Socks,Socks,Brown,Summer,2016.0,Casual,Calzini Men Pack of 5 Sport Socks
18358,Men,Accessories,Socks,Socks,Black,Fall,2011.0,Casual,Fila Men Ankel Black Socks
29218,Women,Accessories,Socks,Socks,Red,Summer,2013.0,Sports,Fila Women Pack Of 3 Socks
32005,Men,Accessories,Socks,Socks,Grey,Summer,2016.0,Formal,Playboy Men Grey Socks
17401,Men,Accessories,Socks,Socks,Blue,Summer,2016.0,Casual,Reid & Taylor Men Stripes Blue Socks
17793,Men,Accessories,Socks,Socks,Brown,Summer,2016.0,Casual,Reid & Taylor Men Solid Brown Socks
58309,Men,Accessories,Socks,Socks,Charcoal,Summer,2016.0,Sports,Jockey LCESCBRA Men Pack of 3 Socks 2004
32029,Men,Accessories,Socks,Socks,Grey,Summer,2016.0,Sports,Playboy Men Pack of 3 Socks
36384,Men,Accessories,Socks,Socks,Black,Summer,2016.0,Casual,Reid & Taylor Men Black Socks
53805,Unisex,Accessories,Socks,Socks,White,Summer,2012.0,Casual,Puma Kids Unisex Pack Of 3 Socks
40237,Men,Accessories,Socks,Socks,Black,Summer,2016.0,Casual,Provogue Men Pack of 3 Striped Socks
37655,Men,Accessories,Socks,Socks,Cream,Summer,2016.0,Formal,Playboy Men Cream Socks
31995,Men,Accessories,Socks,Socks,Navy Blue,Summer,2016.0,Formal,Playboy Men Navy Socks
54343,Men,Accessories,Socks,Socks,White,Summer,2016.0,Casual,Levis Men Pack of 3 Socks
43561,Men,Accessories,Socks,Socks,White,Summer,2012.0,Casual,Puma Men Pack of 3 Socks
17298,Men,Accessories,Socks,Socks,White,Winter,2015.0,Sports,Puma Men Pack of 3 Sports Socks
29108,Unisex,Accessories,Socks,Socks,Brown,Summer,2012.0,Casual,Puma Unisex FTPA Quarters Brown Socks
7678,Women,Accessories,Socks,Socks,Pink,Summer,2016.0,Casual,Wrangler Women Pink Secret Socks
36375,Men,Accessories,Socks,Socks,Navy Blue,Summer,2016.0,Casual,Reid & Taylor Men Navy Blue Socks
57917,Men,Accessories,Socks,Socks,White,Summer,2016.0,Casual,Fruit of the Loom Men White Pack of Three Socks
51339,Men,Accessories,Socks,Socks,Brown,Summer,2016.0,Casual,Raymond Men Brown Socks
43555,Women,Accessories,Socks,Socks,Cream,Summer,2012.0,Casual,Puma Women Cream Socks
14614,Men,Accessories,Socks,Socks,Navy Blue,Summer,2011.0,Casual,United Colors of Benetton Men Pack of 2 Navy Blue Socks
24872,Men,Accessories,Socks,Socks,Cream,Summer,2016.0,Casual,Reid & Taylor Men Bright Assorted Cream Socks
30543,Unisex,Accessories,Socks,Socks,Black,Summer,2012.0,Sports,Nike Unisex Pack of 3 Socks
9372,Unisex,Accessories,Socks,Socks,Blue,Fall,2011.0,Casual,Puma Unisex ABS Blue Socks
18582,Women,Accessories,Socks,Socks,Black,Summer,2011.0,Casual,Puma Women Pack of 2 Socks
36411,Men,Accessories,Socks,Socks,Navy Blue,Summer,2016.0,Casual,Reid & Taylor Men Navy Blue Socks
32023,Men,Accessories,Socks,Socks,Black,Summer,2016.0,Casual,Playboy Men Multi Coloured Socks
9352,Men,Accessories,Socks,Socks,White,Fall,2011.0,Casual,Puma Men Sports Socks 1 Pair White Socks
12403,Men,Accessories,Socks,Socks,Brown,Summer,2016.0,Formal,Reid & Taylor Men Solid Brown Socks
58322,Men,Accessories,Socks,Socks,White,Summer,2016.0,Sports,Jockey LCESCBRA Men White Pack of 3 Socks 2004
18359,Men,Accessories,Socks,Socks,White,Fall,2011.0,Casual,Fila Men No Show White Socks
29207,Men,Accessories,Socks,Socks,White,Summer,2013.0,Sports,Fila Men White Socks
43405,Men,Accessories,Socks,Socks,Multi,Summer,2012.0,Casual,Lino Perros Men Monday to Friday Socks
58319,Men,Accessories,Socks,Socks,White,Summer,2016.0,Sports,Jockey LCESCBRA Men White Pack of 3 Socks 2004
32166,Women,Accessories,Socks,Socks,Red,Summer,2017.0,Casual,Playboy Women Playmate Red Ankle Socks
8507,Unisex,Accessories,Socks,Socks,Black,Summer,2011.0,Sports,Nike Unisex  Black Socks
6699,Men,Accessories,Socks,Socks,White,Summer,2011.0,Sports,Nike Men's Nsw Clsc White Socks
32037,Men,Accessories,Socks,Socks,White,Summer,2016.0,Casual,Playboy Men White Socks
17406,Men,Accessories,Socks,Socks,Brown,Summer,2016.0,Casual,Reid & Taylor Men Stripes Brown Socks
37886,Unisex,Accessories,Socks,Socks,Black,Summer,2016.0,Casual,Happy Socks Unisex Black Pack of Two Socks
21573,Men,Accessories,Socks,Socks,Multi,Winter,2015.0,Casual,Lino Perros Men Pack of Five Pair Socks
32024,Men,Accessories,Socks,Socks,Blue,Summer,2016.0,Casual,Playboy Men Striped Socks
29199,Men,Accessories,Socks,Socks,Grey,Summer,2012.0,Sports,Fila Men Grey Socks
17394,Men,Accessories,Socks,Socks,Brown,Summer,2016.0,Casual,Reid & Taylor Men Solid Brown Socks
37881,Unisex,Accessories,Socks,Socks,Navy Blue,Summer,2016.0,Casual,Happy Socks Unisex Navy Blue Socks
36333,Men,Accessories,Socks,Socks,White,Summer,2016.0,Casual,Playboy Men White & Red Socks
32163,Women,Accessories,Socks,Socks,Lavender,Summer,2017.0,Casual,Playboy Women Playmate Lavender Ankle Socks
48684,Women,Accessories,Jewellery,Earrings,Silver,Fall,2012.0,Casual,Lucera Women Silver Earrings
58030,Women,Accessories,Jewellery,Earrings,Gold,Fall,2012.0,Casual,Rreverie Golden & Black Earrings
31703,Women,Accessories,Jewellery,Earrings,Silver,Winter,2016.0,Ethnic,Fabindia Women Ananya Silver Earrings
48665,Women,Accessories,Jewellery,Earrings,Silver,Fall,2012.0,Casual,Lucera Women Silver Earrings
48606,Women,Accessories,Jewellery,Earrings,Silver,Fall,2012.0,Casual,Lucera Women Silver Earrings
31702,Women,Accessories,Jewellery,Earrings,Silver,Winter,2016.0,Ethnic,Fabindia Women Ananya Silver Earrings
48616,Women,Accessories,Jewellery,Earrings,Silver,Fall,2012.0,Casual,Lucera Women Silver Earrings
31719,Women,Accessories,Jewellery,Earrings,Silver,Winter,2016.0,Ethnic,Fabindia Women Anusuya Silver Earrings
53100,Women,Accessories,Jewellery,Earrings,Silver,Winter,2016.0,Casual,Fabindia Silver Earrings
48716,Women,Accessories,Jewellery,Earrings,Gold,Summer,2013.0,Casual,Lucera Gold Plated Earrings
52817,Women,Accessories,Jewellery,Earrings,Red,Fall,2012.0,Casual,Adrika Red Earrings
52851,Women,Accessories,Jewellery,Earrings,Black,Summer,2012.0,Casual,Adrika Black Earrings
48604,Women,Accessories,Jewellery,Earrings,Silver,Summer,2013.0,Casual,Lucera Women Silver Earrings
43759,Women,Accessories,Jewellery,Earrings,Gold,Summer,2012.0,Ethnic,Royal Diadem Black Earrings
52834,Women,Accessories,Jewellery,Earrings,Turquoise Blue,Fall,2012.0,Ethnic,Adrika Women Black & Blue Earrings
58605,Women,Accessories,Jewellery,Earrings,Silver,Winter,2016.0,Casual,ToniQ Women Silver Earrings
58018,Women,Accessories,Jewellery,Earrings,Silver,Fall,2012.0,Casual,Rreverie Silver & White Earrings
35319,Women,Accessories,Jewellery,Earrings,Silver,Winter,2016.0,Ethnic,Fabindia Women Anusuya Silver Earrings
48644,Women,Accessories,Jewellery,Earrings,Silver,Summer,2013.0,Casual,Lucera Women Silver Earrings
43814,Women,Accessories,Jewellery,Earrings,White,Summer,2012.0,Ethnic,Royal Diadem White Earrings
58607,Women,Accessories,Jewellery,Earrings,Silver,Winter,2016.0,Casual,ToniQ Women Silver Earrings
43784,Women,Accessories,Jewellery,Earrings,Maroon,Summer,2012.0,Casual,Royal Diadem Maroon Earrings
43770,Women,Accessories,Jewellery,Earrings,Gold,Summer,2012.0,Ethnic,Royal Diadem Rust Earrings
48686,Women,Accessories,Jewellery,Earrings,Silver,Summer,2013.0,Casual,Lucera Women Silver Earrings
59526,Women,Accessories,Jewellery,Earrings,Silver,Summer,2013.0,Casual,Lucera Silver Earrings
58060,Women,Accessories,Jewellery,Earrings,Sea Green,Fall,2012.0,Casual,Rreverie Sea Green Earrings
52823,Women,Accessories,Jewellery,Earrings,Green,Summer,2012.0,Casual,Adrika Green Earrings
48607,Women,Accessories,Jewellery,Earrings,Silver,Fall,2012.0,Casual,Lucera Women Silver Earrings
43859,Women,Accessories,Jewellery,Earrings,Gold,Summer,2012.0,Casual,Royal Diadem Golden Earrings
48608,Women,Accessories,Jewellery,Earrings,Silver,Summer,2013.0,Casual,Lucera Women Silver Earrings
48599,Women,Accessories,Jewellery,Earrings,Silver,Summer,2012.0,Casual,Lucera Women Silver Earrings
58035,Women,Accessories,Jewellery,Earrings,Silver,Winter,2012.0,Casual,Rreverie Women Silver Earrings
31723,Women,Accessories,Jewellery,Pendant,Gold,Winter,2016.0,Ethnic,Fabindia Women Ananya Gold Pendant
48855,Women,Accessories,Jewellery,Pendant,Silver,Summer,2012.0,Casual,Lucera Women Silver Pendant with Chain
48833,Women,Accessories,Jewellery,Pendant,Silver,Summer,2012.0,Casual,Lucera Women Silver Pendant
48853,Women,Accessories,Jewellery,Pendant,Silver,Summer,2012.0,Casual,Lucera Women Silver Pendant with Chain
59501,Women,Accessories,Jewellery,Pendant,Gold,Summer,2013.0,Casual,Lucera Gold Plated Pendant With Chain
48774,Women,Accessories,Jewellery,Pendant,Silver,Summer,2013.0,Casual,Lucera Women Silver Pendant
48895,Women,Accessories,Jewellery,Pendant,Silver,Summer,2013.0,Casual,Lucera Women Silver Pendant
52205,Women,Accessories,Jewellery,Pendant,White,Fall,2012.0,Casual,Lencia Sterling Silver Pendant
48914,Women,Accessories,Jewellery,Pendant,Silver,Summer,2012.0,Casual,Lucera Women Silver Pendant with Chain
58097,Women,Accessories,Jewellery,Pendant,Turquoise Blue,Fall,2012.0,Casual,Rreverie Women Turquoise Blue Pendant
54865,Women,Accessories,Jewellery,Necklace and Chains,Red,Fall,2012.0,Casual,Ivory Tag  Red & Gold Toned Eye Catcher Necklace
52309,Women,Accessories,Jewellery,Necklace and Chains,Multi,Winter,2016.0,Casual,ToniQ Women Multi Coloured Necklace
46129,Women,Accessories,Jewellery,Necklace and Chains,Brown,Winter,2015.0,Casual,Adrika Women Brown Necklace
53092,Women,Accessories,Jewellery,Necklace and Chains,Rust,Winter,2016.0,Casual,Fabindia Orange Necklace
54171,Women,Accessories,Jewellery,Necklace and Chains,Yellow,Fall,2012.0,Casual,Femella Wooden Balls Necklace
46154,Women,Accessories,Jewellery,Necklace and Chains,Green,Winter,2015.0,Casual,Adrika Women Orange & Green Necklace
46134,Women,Accessories,Jewellery,Necklace and Chains,Pink,Winter,2015.0,Casual,Adrika Pink Necklace
46176,Women,Accessories,Jewellery,Necklace and Chains,Purple,Winter,2015.0,Casual,Adrika Women Purple Necklace
54854,Women,Accessories,Jewellery,Necklace and Chains,Pink,Summer,2013.0,Casual,Ivory Tag Women Delectable Pink Necklace
54876,Women,Accessories,Jewellery,Necklace and Chains,Green,Fall,2012.0,Casual,Ivory Tag Women Green Droplets Necklace
48934,Women,Accessories,Jewellery,Ring,Silver,Summer,2015.0,Casual,Lucera Women Silver Ring
59561,Men,Accessories,Jewellery,Ring,Steel,Summer,2013.0,Casual,Revv Men Steel Ring
49033,Women,Accessories,Jewellery,Ring,Silver,Summer,2012.0,Casual,Lucera Women Silver Ring
48935,Women,Accessories,Jewellery,Ring,Silver,Summer,2015.0,Casual,Lucera Women Silver Ring
48944,Men,Accessories,Jewellery,Ring,Steel,Summer,2013.0,Casual,Revv Men Steel Ring
48990,Women,Accessories,Jewellery,Ring,Silver,Summer,2012.0,Casual,Lucera Women Silver Ring
49052,Women,Accessories,Jewellery,Ring,Silver,Summer,2013.0,Casual,Lucera Women Silver Ring
59459,Women,Accessories,Jewellery,Ring,Silver,Summer,2015.0,Casual,Lucera Silver Ring
49732,Men,Accessories,Ties,Ties,Blue,Summer,2012.0,Casual,Park Avenue Men Blue Tie
49716,Men,Accessories,Ties,Ties,Blue,Summer,2012.0,Casual,Park Avenue Men Blue Tie
36356,Men,Accessories,Ties,Ties,Yellow,Summer,2012.0,Formal,Reid & Taylor Men Yellow Patterned Tie
19223,Men,Accessories,Ties,Ties,Blue,Summer,2011.0,Formal,United Colors of Benetton Men Check Blue Tie
12390,Men,Accessories,Ties,Ties,Blue,Fall,2011.0,Formal,Reid & Taylor Men Stripes Blue Ties
58904,Men,Accessories,Ties,Ties,Grey,Summer,2012.0,Casual,Hakashi Men Grey & Black Silk Tie
58875,Men,Accessories,Ties,Ties,Grey,Summer,2012.0,Casual,Hakashi Men Grey Tie
50304,Men,Accessories,Ties,Ties,Red,Summer,2012.0,Formal,Park Avenue Men Red Tie
15952,Men,Accessories,Ties,Ties,Brown,Fall,2011.0,Formal,Turtle Men Check Brown Ties
49755,Men,Accessories,Ties,Ties,Blue,Summer,2012.0,Formal,Parx Men Blue Tie
23483,Men,Accessories,Scarves,Scarves,Blue,Summer,2012.0,Casual,Arrow Men Blue Check Scarf
38309,Men,Accessories,Scarves,Scarves,Black,Summer,2012.0,Casual,Reid & Taylor Men Black Scarf
23487,Men,Accessories,Scarves,Scarves,Grey,Summer,2012.0,Casual,Arrow Men Grey Scarf
14629,Women,Accessories,Scarves,Scarves,Pink,Summer,2011.0,Casual,United Colors of Benetton Women Solid Pink Scarves
59905,Women,Accessories,Scarves,Scarves,Pink,Fall,2012.0,Casual,Femella Women Pink Printed Scarf
23464,Men,Accessories,Scarves,Scarves,Black,Winter,2015.0,Casual,Lino Perros Men Black Check Scarf
23471,Men,Accessories,Scarves,Scarves,Red,Winter,2015.0,Casual,Lino Perros Men Red Scarf
11142,Women,Accessories,Scarves,Scarves,Blue,Fall,2011.0,Casual,Scullers Women Solid Blue Scarves
38308,Men,Accessories,Scarves,Scarves,Blue,Summer,2012.0,Casual,Reid & Taylor Men Blue Scarf
25942,Women,Accessories,Scarves,Scarves,Yellow,Summer,2012.0,Casual,Femella Women Yellow & Green Scarf
35090,Women,Accessories,Scarves,Scarves,Olive,Summer,2012.0,Casual,Allen Solly Woman Check Olive Scarf
25950,Women,Accessories,Scarves,Scarves,Rust,Summer,2012.0,Casual,Femella Women Rust Scarf
23475,Men,Accessories,Scarves,Scarves,Black,Winter,2015.0,Casual,Lino Perros Men Black Check Scarf
47668,Women,Accessories,Scarves,Scarves,Blue,Summer,2012.0,Casual,Femella Women Blue & White Scarf
59567,Men,Accessories,Cufflinks,Cufflinks,Steel,Summer,2012.0,Casual,Revv Men Black and Steel Cufflinks
39034,Men,Accessories,Cufflinks,Cufflinks,Blue,Summer,2012.0,Formal,Belmonte Men Blue Bright Assorted Cufflinks
58854,Men,Accessories,Cufflinks,Cufflinks,Steel,Summer,2012.0,Casual,Hakashi Men Steel Cufflinks
58858,Men,Accessories,Cufflinks,Cufflinks,Black,Summer,2017.0,Casual,Hakashi Men Black Cufflinks
14162,Men,Accessories,Cufflinks,Cufflinks,Steel,Fall,2011.0,Formal,Belmonte Men Bright Assorted Steel Cufflinks
15259,Women,Footwear,Shoes,Casual Shoes,White,Fall,2011.0,Casual,ADIDAS Originals Women Top Ten low Sleek White Casual Shoes
25420,Men,Footwear,Shoes,Casual Shoes,Black,Spring,2013.0,Casual,Nike Men Lite Force Black & White Shoes
54739,Men,Footwear,Shoes,Casual Shoes,Grey,Summer,2012.0,Casual,Vans Men Grey Del Norte Canvas Shoes
6497,Men,Footwear,Shoes,Casual Shoes,Brown,Winter,2018.0,Casual,Red Tape Men's Leather Brown Shoe
15502,Women,Footwear,Shoes,Casual Shoes,Brown,Fall,2011.0,Casual,Carlton London Women Casual Brown Casual Shoes
35465,Men,Footwear,Shoes,Casual Shoes,Blue,Fall,2012.0,Casual,Franco Leone Men Blue Shoes
26664,Men,Footwear,Shoes,Casual Shoes,Black,Fall,2012.0,Casual,Puma Men Metamostro Black Shoes
38544,Men,Footwear,Shoes,Casual Shoes,Black,Winter,2012.0,Casual,Puma Men Black Suede Archive Eco Shoes
7041,Men,Footwear,Shoes,Casual Shoes,Black,Summer,2011.0,Casual,Numero Uno Black Men's Shoe
36476,Men,Footwear,Shoes,Casual Shoes,Black,Spring,2013.0,Casual,Spinn Men Agile Black Shoes
35677,Men,Footwear,Shoes,Casual Shoes,Brown,Winter,2014.0,Casual,U.S. Polo Assn. Men Brown Leather Casual Shoes
17033,Men,Footwear,Shoes,Casual Shoes,Black,Summer,2013.0,Casual,Gas Men Europa Casual Shoes
15512,Men,Footwear,Shoes,Casual Shoes,Brown,Fall,2011.0,Casual,Rockport Men Slatkin Brown Casual Shoes
44746,Men,Footwear,Shoes,Casual Shoes,Olive,Summer,2012.0,Casual,Globalite Men Olive Sparta Shoes
25452,Men,Footwear,Shoes,Casual Shoes,White,Summer,2012.0,Casual,Nike Men Prowl White Casual Shoes
46117,Unisex,Footwear,Shoes,Casual Shoes,Red,Summer,2012.0,Casual,ADIDAS Unisex Red Neo Shell Comic Shoes
9130,Men,Footwear,Shoes,Casual Shoes,Grey,Fall,2011.0,Casual,Puma Men Osu NM Grey Casual Shoes
7267,Men,Footwear,Shoes,Casual Shoes,Brown,Fall,2011.0,Casual,Rockport Men Brown Leather Casual Shoes
44503,Women,Footwear,Shoes,Casual Shoes,Grey,Summer,2012.0,Casual,Gliders Women Grey & Orange Shoes
43878,Men,Footwear,Shoes,Casual Shoes,Brown,Summer,2012.0,Casual,Puma Men Brown Terrae Mid Africa Shoes
11816,Men,Footwear,Shoes,Casual Shoes,White,Fall,2011.0,Casual,Playboy Men Casual White Casual Shoes
38770,Men,Footwear,Shoes,Casual Shoes,Olive,Summer,2012.0,Casual,Woodland Men Olive Shoes
35660,Men,Footwear,Shoes,Casual Shoes,Black,Summer,2012.0,Casual,U.S. Polo Assn. Men Black Shoes
23855,Men,Footwear,Shoes,Casual Shoes,Yellow,Summer,2011.0,Casual,ADIDAS Men Yellow Color Blast Casual Shoes
21079,Men,Footwear,Shoes,Casual Shoes,Brown,Spring,2012.0,Casual,Clarks Men Supa Step Brown Casual Shoe
24302,Unisex,Footwear,Shoes,Casual Shoes,Blue,Summer,2012.0,Casual,Converse Unisex Blue Casual Shoes
4133,Men,Footwear,Shoes,Casual Shoes,White,Winter,2015.0,Casual,Skechers Men's Sparta White Shoe
32952,Men,Footwear,Shoes,Casual Shoes,Black,Summer,2012.0,Casual,ADIDAS Neo Men Court Sequence Black Shoes
55785,Men,Footwear,Shoes,Casual Shoes,Navy Blue,Spring,2014.0,Casual,Converse Men Navy Casual Shoes
13066,Men,Footwear,Shoes,Casual Shoes,White,Fall,2011.0,Casual,Numero Uno Men White Casual Shoes
20707,Men,Footwear,Shoes,Casual Shoes,Black,Winter,2012.0,Casual,Buckaroo Men Melania Black Casual Shoes
20716,Men,Footwear,Shoes,Casual Shoes,Brown,Winter,2018.0,Smart Casual,Red Tape Men Brown Leather Casual Shoes
35670,Men,Footwear,Shoes,Casual Shoes,Navy Blue,Spring,2013.0,Casual,U.S. Polo Assn. Men Navy Blue Shoes
15220,Men,Footwear,Shoes,Casual Shoes,Brown,Fall,2011.0,Casual,ADIDAS Originals Men Adi T Tennis Brown Casual Shoes
22251,Men,Footwear,Shoes,Casual Shoes,Black,Summer,2011.0,Casual,ID Men Black Casual Shoes
4019,Unisex,Footwear,Shoes,Casual Shoes,Blue,Summer,2011.0,Casual,ADIDAS Unisex Check Can MW Blue Shoe
30258,Men,Footwear,Shoes,Casual Shoes,Brown,Winter,2018.0,Casual,Red Tape Men Brown Shoes
11842,Men,Footwear,Shoes,Casual Shoes,Beige,Summer,2013.0,Casual,Playboy Men Casual Beige Casual Shoes
50753,Men,Footwear,Shoes,Casual Shoes,Mushroom Brown,Winter,2018.0,Casual,Red Chief Men Mushroom Brown Shoes
11951,Men,Footwear,Shoes,Casual Shoes,Blue,Summer,2012.0,Casual,Ganuchi Men Blue Shoes
33689,Men,Footwear,Shoes,Casual Shoes,White,Winter,2012.0,Casual,Cobblerz Men White & Blue Casual Shoes
43379,Men,Footwear,Shoes,Casual Shoes,White,Summer,2012.0,Casual,Reebok Men White Mamba Casual Shoes
22819,Men,Footwear,Shoes,Casual Shoes,Brown,Summer,2016.0,Casual,Woodland Men Brown Casual Shoes
2540,Men,Footwear,Shoes,Casual Shoes,Blue,Fall,2010.0,Casual,Numero Uno Men's Casual Black Leatherette Shoe
22237,Men,Footwear,Shoes,Casual Shoes,Red,Summer,2011.0,Casual,ID Men Red Shoes
15314,Men,Footwear,Shoes,Sports Shoes,White,Fall,2011.0,Sports,ADIDAS Men Ranger White Sports Shoes
24455,Women,Footwear,Shoes,Sports Shoes,White,Summer,2012.0,Casual,Nike Women Court Majestic White Shoes
22699,Men,Footwear,Shoes,Sports Shoes,Black,Summer,2011.0,Sports,Nike Men Ballista Black Sports Shoes
5350,Men,Footwear,Shoes,Sports Shoes,White,Fall,2011.0,Sports,Artengo Artengo 522c Man Synthe
34733,Women,Footwear,Shoes,Sports Shoes,Blue,Summer,2012.0,Sports,Puma Women Faas 300 Blue & Pink Sports Shoes
42091,Women,Footwear,Shoes,Sports Shoes,Black,Summer,2012.0,Sports,ADIDAS Women Black Adi LS Move Shoes
4484,Men,Footwear,Shoes,Sports Shoes,White,Summer,2011.0,Sports,Puma Men Kraftek White Silver Shoe
34654,Men,Footwear,Shoes,Sports Shoes,Grey,Summer,2012.0,Sports,Fila Men Cerchi Lite Grey Sports Shoes
34817,Men,Footwear,Shoes,Sports Shoes,Black,Summer,2012.0,Sports,ADIDAS Men Adizero Black Sports Shoes
2197,Men,Footwear,Shoes,Sports Shoes,White,Fall,2010.0,Sports,ADIDAS Men's Stripe White Run Shoe
25564,Men,Footwear,Shoes,Sports Shoes,White,Summer,2012.0,Sports,Fila Men Swift White Sports Shoes
5471,Men,Footwear,Shoes,Sports Shoes,Red,Summer,2011.0,Sports,Nike Men's Air Force Red Shoe
54540,Men,Footwear,Shoes,Sports Shoes,Grey,Fall,2012.0,Sports,F Sports Men Grey Gravity Sports Shoes
1636,Men,Footwear,Shoes,Sports Shoes,White,Fall,2010.0,Sports,Nike Men Air Zoom Century Shoes
7741,Men,Footwear,Shoes,Sports Shoes,Black,Fall,2011.0,Sports,Fila Men's Dna Lite Black Blue Shoe
43371,Men,Footwear,Shoes,Sports Shoes,White,Summer,2012.0,Sports,Reebok Men White Acciomax III Sports Shoes
23887,Men,Footwear,Shoes,Sports Shoes,Black,Summer,2012.0,Sports,Fila Men Clutch Black Sports Shoes
43341,Men,Footwear,Shoes,Sports Shoes,Grey,Summer,2008.0,Sports,Reebok Men Realflex Optimal Grey Sports Shoe
11933,Women,Footwear,Shoes,Sports Shoes,Grey,Fall,2011.0,Sports,Skechers Women Sports Grey Sports Shoes
6643,Women,Footwear,Shoes,Sports Shoes,Pink,Summer,2011.0,Sports,Nike Women's Transform III IN Black Pink Shoe
17845,Men,Footwear,Shoes,Sports Shoes,White,Fall,2011.0,Sports,Nike Men T90 Shoot I\/ HG-B White Sports Shoe
15415,Women,Footwear,Shoes,Sports Shoes,Black,Fall,2011.0,Sports,FILA Women Tenet Black Sports Shoes
9109,Unisex,Footwear,Shoes,Sports Shoes,Black,Summer,2012.0,Sports,Puma Unisex Faas 300 Black Sports Shoes
44232,Men,Footwear,Shoes,Sports Shoes,White,Summer,2012.0,Sports,Nike Men Air Max Turbulence+ 18 White Sports Shoes
19941,Men,Footwear,Shoes,Sports Shoes,Black,Fall,2011.0,Sports,Nike Men Court Majestic Black Sports Shoes
5579,Men,Footwear,Shoes,Sports Shoes,Black,Summer,2012.0,Sports,ADIDAS Men's Coleman Black Shoe
24416,Men,Footwear,Shoes,Sports Shoes,White,Summer,2012.0,Sports,ADIDAS Men Opticourt Ligra White Sports Shoes
13198,Men,Footwear,Shoes,Sports Shoes,Blue,Fall,2011.0,Sports,ASICS Men Gel DS Sky Speed 2 Running Blue Sports Shoes
24412,Men,Footwear,Shoes,Sports Shoes,Black,Summer,2012.0,Sports,ADIDAS  Men Smoove Black Sports Shoes
1785,Men,Footwear,Shoes,Sports Shoes,White,Fall,2010.0,Sports,Lotto Men Brighton White-Blue Shoe
13167,Men,Footwear,Shoes,Sports Shoes,Black,Fall,2011.0,Sports,Skechers Men Prospeed Black Sports Shoes
18412,Men,Footwear,Shoes,Sports Shoes,White,Fall,2011.0,Sports,Skechers MenShape-Ups White Shoe
24419,Men,Footwear,Shoes,Sports Shoes,White,Summer,2012.0,Sports,ADIDAS Men Barracks Premier White Sports Shoes
39638,Men,Footwear,Shoes,Sports Shoes,White,Summer,2012.0,Sports,Lotto Men White Sports Shoes
42995,Women,Footwear,Shoes,Sports Shoes,Black,Summer,2012.0,Sports,Nike Women Black Air Total Sports Shoes
4523,Men,Footwear,Shoes,Sports Shoes,Blue,Summer,2011.0,Sports,Puma Men's Faas Blue White Silver Red Shoe
22713,Women,Footwear,Shoes,Sports Shoes,Grey,Fall,2011.0,Sports,Nike Women Grey Air Max +2011 Sports Shoes
22542,Men,Footwear,Shoes,Sports Shoes,White,Fall,2009.0,Sports,Lotto  Kids-Boy Jumper  White Sports Shoes
26327,Men,Footwear,Shoes,Sports Shoes,White,Summer,2012.0,Sports,ADIDAS Men Runner White & Blue Sports Shoes
26612,Men,Footwear,Shoes,Sports Shoes,Black,Summer,2012.0,Sports,Puma Men Cell Turin Perf 2 Black Sports Shoes
1827,Men,Footwear,Shoes,Sports Shoes,White,Fall,2010.0,Sports,Nike Men's Downshifter White/Blue Shoe
5390,Unisex,Footwear,Shoes,Sports Shoes,Grey,,2011.0,Sports,Kalenji Kapteren 100 Grey Orang
5239,Men,Footwear,Shoes,Sports Shoes,White,Summer,2011.0,Sports,Reebok Men's Zigfuel White Shoe
59015,Men,Footwear,Shoes,Sports Shoes,Grey,Summer,2012.0,Sports,Skechers Men Grey Sports Shoes
14334,Men,Footwear,Shoes,Sports Shoes,White,Fall,2011.0,Sports,Nike Men Lunarglide +3 White Sports Shoes
23864,Men,Footwear,Shoes,Sports Shoes,White,Summer,2011.0,Sports,ADIDAS Men White Ambition Sports Shoes
31944,Women,Footwear,Shoes,Sports Shoes,White,Summer,2012.0,Sports,Nike Women Court Shuttle IV White Sports Shoes
43001,Men,Footwear,Shoes,Sports Shoes,White,Summer,2012.0,Sports,Nike Men White Lunarswift Sports Shoes
35932,Men,Footwear,Shoes,Sports Shoes,Black,Summer,2012.0,Sports,Salomon Men X-Tracks GTX Black Sports Shoes
14345,Men,Footwear,Shoes,Sports Shoes,Grey,Fall,2011.0,Sports,Nike Men Free Run +2 Grey Sports Shoes
9014,Men,Footwear,Shoes,Sports Shoes,White,Summer,2011.0,Sports,Decathlon Men Artengo White Shoe
25411,Men,Footwear,Shoes,Sports Shoes,White,Summer,2012.0,Sports,Nike Men 2.04 White Sports Shoes
35777,Men,Footwear,Shoes,Sports Shoes,Black,Summer,2012.0,Sports,Force 10 Men Black & Green Sports Shoes
8093,Men,Footwear,Shoes,Sports Shoes,White,Fall,2011.0,Sports,ADIDAS Men Barricade Team White Sports Shoes
22983,Men,Footwear,Shoes,Sports Shoes,Black,Fall,2011.0,Sports,FILA Men Black Temptation Sports Shoes
9041,Men,Footwear,Shoes,Formal Shoes,Black,Winter,2011.0,Formal,Buckaroo Men Moles Black Formal Shoes
4284,Men,Footwear,Shoes,Formal Shoes,Black,Summer,2011.0,Formal,Rockport Men Arratoon Black Shoe
30260,Men,Footwear,Shoes,Formal Shoes,Black,Winter,2018.0,Casual,Red Tape Men Black Shoes
9702,Men,Footwear,Shoes,Formal Shoes,Brown,Fall,2011.0,Formal,Hush Puppies Men Chevelle Brown Formal Shoes
7230,Men,Footwear,Shoes,Formal Shoes,Brown,Fall,2011.0,Formal,Rockport Men's Myrics Mid Brown Shoe
17822,Men,Footwear,Shoes,Formal Shoes,Black,Fall,2011.0,Formal,Lee Cooper Men  Black Formal Shoe
22126,Men,Footwear,Shoes,Formal Shoes,Brown,Fall,2011.0,Formal,Provogue Men Brown Formal Shoes
45587,Men,Footwear,Shoes,Formal Shoes,Brown,Summer,2013.0,Formal,Arrow Men Brown Formal Shoes
11873,Men,Footwear,Shoes,Formal Shoes,Black,Summer,2011.0,Formal,Franco Leone Men Formal Black Formal Shoes
44429,Men,Footwear,Shoes,Formal Shoes,Black,Summer,2013.0,Formal,Gliders Men Black Formal Shoes
50419,Men,Footwear,Shoes,Formal Shoes,Brown,Summer,2012.0,Formal,U.S. Polo Assn. Men Brown Derby Formal Shoes
2637,Men,Footwear,Shoes,Formal Shoes,Black,Winter,2012.0,Formal,Carlton London Men's Semi Formal Black Shoe
23802,Men,Footwear,Shoes,Formal Shoes,Black,Summer,2013.0,Formal,Clarks Men Black Leather Formal Shoes
34536,Men,Footwear,Shoes,Formal Shoes,Brown,Winter,2018.0,Formal,Red Tape Men Brown Shoes
7236,Men,Footwear,Shoes,Formal Shoes,Black,Fall,2011.0,Formal,Rockport Men's Ragosta Black Shoe
33336,Men,Footwear,Shoes,Formal Shoes,Black,Summer,2012.0,Formal,Homme Men Black Formal Shoes
7235,Men,Footwear,Shoes,Formal Shoes,Brown,Fall,2011.0,Formal,Rockport Men's Ragosta Brown Shoe
40690,Men,Footwear,Shoes,Formal Shoes,Black,Summer,2012.0,Formal,Numero Uno Men Black Formal Shoes
35397,Men,Footwear,Shoes,Formal Shoes,Black,Summer,2012.0,Formal,Stens by Enroute Men Black Formal Shoes
11899,Men,Footwear,Shoes,Formal Shoes,Maroon,Fall,2011.0,Formal,Franco Leone Men Formal Maroon Formal Shoes
22502,Women,Footwear,Shoes,Heels,Blue,Winter,2015.0,Casual,Catwalk  Women Blue Casual Flats
39591,Women,Footwear,Shoes,Heels,Blue,Winter,2015.0,Casual,Catwalk Women Blue Wedges
32841,Women,Footwear,Shoes,Heels,Gold,Winter,2012.0,Casual,Grendha Women Jola Cigana Gold Flats
45362,Women,Footwear,Shoes,Heels,Olive,Summer,2016.0,Casual,Cobblerz Women Olive Green Sandals
54142,Women,Footwear,Shoes,Heels,Beige,Winter,2012.0,Casual,Rocia Women Beige Sandals
56961,Women,Footwear,Shoes,Heels,Black,Winter,2012.0,Casual,HM Women Black Flats
45375,Women,Footwear,Shoes,Heels,Grey,Summer,2016.0,Casual,Cobblerz Women Grey Sandals
33110,Women,Footwear,Shoes,Heels,Black,Winter,2015.0,Casual,Catwalk Women Black Peep Toes
49622,Women,Footwear,Shoes,Heels,Black,Winter,2015.0,Casual,Catwalk Women Black Flats
20275,Women,Footwear,Shoes,Heels,Multi,Winter,2015.0,Casual,Catwalk Women Casual Multi Flats
55644,Women,Footwear,Shoes,Heels,Black,Winter,2015.0,Casual,Catwalk Women Black Heels
41673,Women,Footwear,Shoes,Heels,Gold,Winter,2012.0,Casual,Catwalk Women Gold Heels
45343,Women,Footwear,Shoes,Heels,Multi,Summer,2016.0,Casual,Cobblerz Women Multicoloured Sandals
47637,Women,Footwear,Shoes,Heels,Yellow,Spring,2013.0,Casual,Carlton London Women Yellow Peep Toes
45331,Women,Footwear,Shoes,Heels,Blue,Summer,2016.0,Casual,Cobblerz Women Blue Heels
47455,Women,Footwear,Shoes,Heels,Purple,Summer,2012.0,Casual,Tiptopp Women Purple Flip-Flops
2900,Women,Footwear,Shoes,Heels,Silver,Winter,2015.0,Casual,Catwalk Women Wedding Collection Silver Heels
49618,Women,Footwear,Shoes,Heels,Black,Winter,2015.0,Casual,Catwalk Women Bronze Heels
14362,Women,Footwear,Shoes,Heels,Beige,Winter,2015.0,Casual,Catwalk Women Casual Beige Flats
3137,Women,Footwear,Shoes,Heels,Brown,Winter,2015.0,Ethnic,Catwalk Women Ethnic Leather Flat Brown Flats
34075,Women,Footwear,Shoes,Heels,White,Fall,2012.0,Formal,Clarks Women Henderson Toy Bone Leather White Flats
22295,Women,Footwear,Shoes,Heels,Black,Winter,2012.0,Casual,Inc. 5 Women Casual Black Flats
27079,Women,Footwear,Shoes,Heels,Black,Winter,2012.0,Casual,Catwalk Women Black Flats
2874,Women,Footwear,Shoes,Heels,Black,Winter,2015.0,Casual,Catwalk Women Black Heels
56995,Women,Footwear,Shoes,Heels,Purple,Winter,2012.0,Casual,HM Women Purple Wedges
42731,Women,Footwear,Shoes,Flats,Black,Winter,2012.0,Casual,Rocia Women Black Sandals
49577,Women,Footwear,Shoes,Flats,Pink,Winter,2015.0,Casual,Catwalk Women Pink Shoes
57014,Women,Footwear,Shoes,Flats,Multi,Winter,2012.0,Casual,HM Women Multicoloured Heels
47450,Women,Footwear,Shoes,Flats,Black,Summer,2012.0,Casual,Tiptopp Women Black Sandals
19033,Women,Footwear,Shoes,Flats,Tan,Winter,2015.0,Casual,Catwalk Women Mary Jane Tan Casual Shoes
56982,Women,Footwear,Shoes,Flats,Black,Winter,2012.0,Casual,HM Women Black Sandals
13174,Women,Footwear,Shoes,Flats,Black,Winter,2015.0,Casual,Skechers Women Ever Lasting Black Sandals
6912,Women,Footwear,Shoes,Flats,Black,Fall,2012.0,Casual,Timberland Women Nekkol Convertable Black Sports Sandals
42705,Women,Footwear,Shoes,Flats,Brown,Winter,2012.0,Casual,Rocia Women Brown Sandals
59040,Women,Footwear,Shoes,Flats,Red,Winter,2012.0,Casual,Carlton London Women Red Flats
45409,Women,Footwear,Shoes,Flats,Black,Winter,2012.0,Casual,Rocia Women Black & Brown Sandals
59019,Women,Footwear,Shoes,Flats,Black,Winter,2012.0,Casual,Carlton London Women Black Flats
49594,Women,Footwear,Shoes,Flats,Black,Winter,2015.0,Casual,Catwalk Women Black Flats
20777,Women,Footwear,Shoes,Flats,Gold,Fall,2011.0,Casual,Carlton London Women Classy Gold Sandals
42700,Women,Footwear,Shoes,Flats,Bronze,Spring,2013.0,Casual,Rocia Women Bronze Sandal
47602,Women,Footwear,Shoes,Flats,Brown,Winter,2012.0,Casual,Portia Women Yellow Flats
42695,Women,Footwear,Shoes,Flats,Gold,Winter,2014.0,Casual,Rocia Women Gold Sandals
13481,Women,Footwear,Shoes,Flats,Black,Fall,2011.0,Casual,Rocia Women Black Flats
56997,Women,Footwear,Shoes,Flats,Black,Winter,2012.0,Casual,HM Women Black Sandals
57006,Women,Footwear,Shoes,Flats,Gold,Winter,2012.0,Ethnic,HM Women Golden Sandals
6437,Women,Footwear,Flip Flops,Flip Flops,Purple,Summer,2011.0,Casual,Lotto Women's Hawaian Palms Purple Pink Flip Flop
39953,Men,Footwear,Flip Flops,Flip Flops,Red,Summer,2013.0,Casual,Gas Men Red Freak Flip Flops
58332,Men,Footwear,Flip Flops,Flip Flops,Red,Summer,2012.0,Casual,Lotto Men Red Flip Flops
32184,Men,Footwear,Flip Flops,Flip Flops,Yellow,Summer,2012.0,Casual,ADIDAS Men Adi Surge Yellow Flip Flops
30243,Men,Footwear,Flip Flops,Flip Flops,Black,Summer,2012.0,Casual,Numero Uno Men Black Flip Flops
23826,Unisex,Footwear,Flip Flops,Flip Flops,Blue,Fall,2013.0,Casual,Puma Unisex Blue Miami III Flip Flops
29226,Men,Footwear,Flip Flops,Flip Flops,Black,Summer,2012.0,Casual,ADIDAS Men Zeitfrei Slide Black Flip Flops
25450,Women,Footwear,Flip Flops,Flip Flops,Red,Summer,2012.0,Casual,Nike Women Snapper Thong Red Flip Flops
44729,Women,Footwear,Flip Flops,Flip Flops,Black,Summer,2012.0,Casual,Globalite Women Black Flip Flops
8542,Women,Footwear,Flip Flops,Flip Flops,Black,Fall,2011.0,Casual,Crocs Women Abf Single Flip Slippers
19868,Women,Footwear,Flip Flops,Flip Flops,White,Fall,2011.0,Casual,ADIDAS Women Soft Striped White Flip Flops
33645,Women,Footwear,Flip Flops,Flip Flops,Red,Summer,2012.0,Casual,Lotto Women Red Flip Flops
6753,Men,Footwear,Flip Flops,Flip Flops,Blue,Summer,2011.0,Casual,Nike Men's Splash Thong Blue Flip Flop
21188,Men,Footwear,Flip Flops,Flip Flops,Black,Summer,2011.0,Casual,ADIDAS Men Adi Stars Tread Black Flip Flops
6382,Men,Footwear,Flip Flops,Flip Flops,Navy Blue,Summer,2011.0,Casual,Numero Uno Men's Grey Navy Flip Flop
26591,Men,Footwear,Flip Flops,Flip Flops,Red,Summer,2012.0,Casual,Puma Men Aqua Cat II Power Red Flip Flops
3821,Unisex,Footwear,Flip Flops,Flip Flops,Brown,Summer,2011.0,Casual,Crocs Unisex Modi Flip Khaki Sky Blue Flip Flop
39954,Men,Footwear,Flip Flops,Flip Flops,Blue,Summer,2013.0,Casual,Gas Men Blue Flip Flops
23831,Unisex,Footwear,Flip Flops,Flip Flops,Black,Spring,2012.0,Casual,Puma Unisex Dilute Black Flip Flops
6288,Unisex,Footwear,Flip Flops,Flip Flops,Red,Summer,2011.0,Casual,Puma Unisex Matrix Red White Flip Flop
17835,Women,Footwear,Flip Flops,Flip Flops,Purple,Fall,2011.0,Casual,Nike Women Solarsoft Thong Purple Slipper
26677,Men,Footwear,Flip Flops,Flip Flops,Black,Winter,2014.0,Casual,Puma Men Drifter Road Black Flip Flops
53439,Men,Footwear,Flip Flops,Flip Flops,Black,Summer,2012.0,Casual,ADIDAS Men Green Flip Flops
24177,Men,Footwear,Flip Flops,Flip Flops,Navy Blue,Fall,2011.0,Casual,Converse Men Casual Navy Blue Flip Flops
44188,Women,Footwear,Flip Flops,Flip Flops,Black,Winter,2012.0,Casual,iPanema Women Black Flip Flops
