id,gender,masterCategory,subCategory,articleType,baseColour,season,year,usage,productDisplayName,dichTen
24050,Men,Apparel,Topwear,Tshirts,Blue,Fall,2011.0,Casual,Locomotive Men Printed Blue T-shirt,Áo thun in hình người đàn ông đầu máy xe lửa màu xanh dương
13967,Men,Apparel,Topwear,Tshirts,Red,Fall,2011.0,Casual,Ed Hardy Men Printed Red Tshirts,Áo thun nam Ed Hardy in họa tiết màu đỏ
10373,Men,Apparel,Topwear,Tshirts,Black,Fall,2011.0,Casual,United Colors of Benetton Men Solid Black Tshirts,Áo thun nam màu đen trơn hiệu United Colors of Benetton
50194,Boys,Apparel,Topwear,Tshirts,Black,Summer,2012.0,Casual,Gini and Jony Boys Black T-shirt,Áo thun đen Gini và Jony Boys
58372,Men,Apparel,Topwear,Tshirts,Beige,Summer,2012.0,Casual,Locomotive Men Beige T-shirt,Áo thun nam màu be hiệu Locomotive
4361,Men,Apparel,Topwear,Tshirts,Blue,Summer,2011.0,Casual,Free Authority Men's Melting Times Blue T-shirt,Áo thun nam Free Authority Melting Times màu xanh dương
4319,Unisex,Apparel,Topwear,Tshirts,Blue,Summer,2011.0,Casual,Tantra Kid's Unisex Free Spirit Turquoise Kidswear,Quần áo trẻ em unisex Tantra Kid's Free Spirit màu xanh ngọc
6115,Men,Apparel,Topwear,Tshirts,Navy Blue,Summer,2011.0,Casual,UCB Men's United Colors Flock Navy T-shirt,Áo thun nam UCB United Colors Flock màu xanh hải quân
6724,Men,Apparel,Topwear,Tshirts,Navy Blue,Summer,2011.0,Casual,Locomotive Men's Print Electric Supply Blue T-shirt,"Áo thun nam in hình đầu máy xe lửa, nguồn cung cấp điện, màu xanh dương"
3110,Men,Apparel,Topwear,Tshirts,Black,Summer,2011.0,Casual,Probase Men's Western Highway Black T-shirt,Áo thun nam Probase Western Highway màu đen
13966,Men,Apparel,Topwear,Tshirts,White,Fall,2011.0,Casual,Ed Hardy Men Solid White Tshirts,Áo thun nam màu trắng trơn hiệu Ed Hardy
6272,Men,Apparel,Topwear,Tshirts,Grey,Summer,2011.0,Casual,UCB Men's Contrast Rib Grey T-shirt,Áo thun nam UCB màu xám phối gân tương phản
6066,Men,Apparel,Topwear,Tshirts,Black,Summer,2011.0,Casual,UCB Men's Polo Neck Striper Heavy Wash Black Pink T-shirt,Áo thun cổ polo nam UCB kẻ sọc màu đen hồng đậm
22330,Men,Apparel,Topwear,Tshirts,White,Fall,2011.0,Casual,John Players Men Stripes White T-Shirt,Áo thun trắng kẻ sọc John Players dành cho nam
37155,Men,Apparel,Topwear,Tshirts,White,Summer,2016.0,Casual,Campbell Men Pack of 3 T-shirt,Áo thun nam Campbell (gói 3 chiếc)
29247,Men,Apparel,Topwear,Tshirts,Yellow,Summer,2012.0,Sports,ADIDAS Men Lakers Yellow Jersey,Áo đấu màu vàng của đội Lakers do ADIDAS sản xuất dành cho nam.
8340,Boys,Apparel,Topwear,Tshirts,Black,Fall,2011.0,Casual,Doodle Boy's Volleyball Champion Black White Kidswear,Áo thun trẻ em Doodle Boy's Volleyball Champion màu đen trắng
3943,Women,Apparel,Topwear,Tshirts,Maroon,Summer,2011.0,Casual,Jealous 21 Women's Maroon T-shirt,Áo thun nữ màu đỏ tía Jealous 21
5150,Women,Apparel,Topwear,Tshirts,Red,Summer,2011.0,Casual,Wrangler Women's Rhythm Graphic Coral Red T-shirt,Áo thun nữ Wrangler Rhythm Graphic màu đỏ san hô
7012,Men,Apparel,Topwear,Tshirts,Green,Summer,2011.0,Casual,Classic Polo Men's Green Polo With Grey Stripes T-shirt,Áo Polo nam cổ điển màu xanh lá cây với sọc xám
12884,Men,Apparel,Topwear,Tshirts,Grey,Fall,2011.0,Casual,Spykar Men Helmet Grey T-Shirts,Áo thun nam Spykar màu xám in hình mũ bảo hiểm.
28844,Men,Apparel,Topwear,Tshirts,Charcoal,Summer,2012.0,Casual,Proline Men Charcoal T-shirt,Áo thun nam Proline màu than chì
2091,Men,Apparel,Topwear,Tshirts,Maroon,Fall,2010.0,Sports,ADIDAS Mens ESS 3S Polo T-shirt,Áo Polo nam ADIDAS ESS 3S
5158,Men,Apparel,Topwear,Tshirts,Brown,Summer,2011.0,Casual,Inkfruit Men's Hell Raiser Brown T-shirt,Áo thun nam Inkfruit Hell Raiser màu nâu
3779,Men,Apparel,Topwear,Tshirts,Black,Summer,2011.0,Casual,Status Quo Men's Black Polo T-shirt,Áo Polo nam màu đen hiệu Status Quo
33304,Boys,Apparel,Topwear,Tshirts,Yellow,Summer,2012.0,Casual,Gini and Jony Boys Pack of 2 T-shirts,Bộ 2 áo thun Gini và Jony dành cho bé trai.
7003,Men,Apparel,Topwear,Tshirts,Blue,Summer,2011.0,Casual,s.Oliver Men's Sky Polo Blue T-shirt,Áo polo nam S.Oliver màu xanh da trời
2847,Men,Apparel,Topwear,Tshirts,Purple,Summer,2011.0,Casual,Mr.Men Men's Is There More Love Purple T-shirt,"Áo thun nam Mr.Men ""Is There More Love"" màu tím"
10465,Men,Apparel,Topwear,Tshirts,Purple,Fall,2011.0,Casual,Flying Machine Men Paisley Purple Tshirts,Áo thun Flying Machine Men Paisley màu tím
7749,Men,Apparel,Topwear,Tshirts,Purple,Fall,2011.0,Casual,Indigo Nation Men Young Lords Purple T-shirt,Áo thun Indigo Nation Men Young Lords màu tím
51370,Men,Apparel,Topwear,Tshirts,Black,Summer,2012.0,Casual,Spykar Men Black T-shirt,Áo thun đen nam Spykar
4235,Men,Apparel,Topwear,Tshirts,Brown,Summer,2011.0,Casual,Probase Men's Aircorp Brown Tshirt,Áo thun nam Probase Aircorp màu nâu
4209,Boys,Apparel,Topwear,Tshirts,Green,Summer,2011.0,Casual,Disney Kids Boy's Green Mickey On Skates Kidswear,Áo thun trẻ em Disney Kids hình Mickey màu xanh lá cây trượt patin dành cho bé trai.
2615,Men,Apparel,Topwear,Tshirts,Blue,Fall,2010.0,Sports,Nike Black Bleed Blue T-shirt,Áo thun Nike màu đen pha xanh dương
31102,Boys,Apparel,Topwear,Tshirts,Red,Summer,2012.0,Casual,Gini and jony Boys Printed Red T-shirt,Áo thun đỏ in hình Gini và Jony dành cho bé trai
18618,Men,Apparel,Topwear,Tshirts,Blue,Fall,2011.0,Casual,Puma Men Team Essential Moonlight Steelblue Polo Tshirts,Áo Polo Puma Team Essential Moonlight Steelblue dành cho nam
7817,Men,Apparel,Topwear,Tshirts,Purple,Fall,2011.0,Casual,Proline Men Purple Striped Polo T-shirt,Áo polo nam Proline màu tím sọc
23973,Men,Apparel,Topwear,Tshirts,Purple,Fall,2011.0,Casual,Peter England Men Purple Printed T-shirt,Áo thun nam Peter England màu tím in họa tiết
4371,Men,Apparel,Topwear,Tshirts,Grey,Summer,2011.0,Casual,Mickey Men's Pluto Order Comic Charcoal T-shirt,Áo thun nam Mickey màu than chì in hình Pluto và truyện tranh.
3082,Men,Apparel,Topwear,Tshirts,Navy Blue,Summer,2011.0,Casual,Probase Men's Cartoon Navy T-shirt,Áo thun nam Probase họa tiết hoạt hình màu xanh hải quân
24275,Men,Apparel,Topwear,Tshirts,White,Summer,2012.0,Casual,Quiksilver Men Basic White T-shirt,Áo thun trắng cơ bản dành cho nam của Quiksilver
28565,Men,Apparel,Topwear,Tshirts,Blue,Summer,2012.0,Casual,Nike Men Air Bags Blue T-shirt,Áo thun Nike nam màu xanh dương có túi khí
9783,Men,Apparel,Topwear,Tshirts,White,Fall,2011.0,Casual,ADIDAS Men Bnce Hop White Tshirts,Áo thun nam ADIDAS Bnce Hop màu trắng
13232,Men,Apparel,Topwear,Tshirts,Orange,Fall,2011.0,Casual,Palm Tree Kids Boys Printed Orange Tshirts,Áo thun trẻ em màu cam in hình cây cọ dành cho bé trai.
31252,Men,Apparel,Topwear,Tshirts,Green,Summer,2012.0,Casual,Puma Men Dizzy Graphic Green T-shirt,Áo thun nam Puma Dizzy Graphic màu xanh lá cây
38605,Men,Apparel,Topwear,Tshirts,Yellow,Summer,2012.0,Casual,Nike Men Yellow Eligible Athlete T-shirt,Áo thun Nike nam màu vàng dành cho vận động viên đủ điều kiện
6551,Men,Apparel,Topwear,Tshirts,Blue,Summer,2011.0,Sports,Nike Men's Miler Singlet Blue T-shirt,"Áo ba lỗ Nike Miler dành cho nam, màu xanh dương."
2861,Men,Apparel,Topwear,Tshirts,Green,Summer,2011.0,Casual,Inkfruit Men's I am Hooked Green T-shirt,Áo thun nam Inkfruit I am Hooked màu xanh lá cây
32768,Men,Apparel,Topwear,Tshirts,Grey,Spring,2013.0,Casual,Music Men Printed Grey T-shirt,Áo thun in hình Music Men màu xám
42394,Women,Apparel,Topwear,Tshirts,Purple,Summer,2012.0,Casual,Flying Machine Women Purple T-shirt,Áo thun nữ màu tím hiệu Flying Machine
30647,Men,Apparel,Topwear,Tshirts,Black,Summer,2012.0,Casual,Nike Men U Logo Black T-shirt,Áo thun nam Nike U Logo màu đen
23627,Men,Apparel,Topwear,Tshirts,White,Spring,2013.0,Casual,Beatles Men White Printed T-Shirt,Áo thun nam in hình Beatles màu trắng
14298,Men,Apparel,Topwear,Tshirts,Grey,Fall,2011.0,Casual,Classic Polo Men Printed pack of 3 Tshirts,Bộ 3 áo thun nam Polo cổ điển in họa tiết.
33935,Men,Apparel,Topwear,Tshirts,Turquoise Blue,Summer,2012.0,Casual,ADIDAS Men Polo Turquoise Blue T-Shirt,Áo Polo nam ADIDAS màu xanh ngọc lam
4398,Men,Apparel,Topwear,Tshirts,Green,Summer,2011.0,Casual,Free Authority Men's Foil Raw Edge Washed Olive T-shirt,"Áo thun nam Free Authority viền thô, màu ô liu đã giặt."
31586,Men,Apparel,Topwear,Tshirts,Yellow,Summer,2012.0,Casual,Mark Taylor Men Printed Yellow T-shirt,Áo thun nam màu vàng in họa tiết hiệu Mark Taylor
44834,Men,Apparel,Topwear,Tshirts,Black,Summer,2012.0,Sports,Puma Men Black Training T-shirt,Áo thun tập luyện màu đen dành cho nam hiệu Puma
4315,Unisex,Apparel,Topwear,Tshirts,Brown,Summer,2011.0,Casual,Tantra Kid's Unisex Harappa Choco Brown Kidswear,Quần áo trẻ em unisex Tantra Kid's Harappa màu nâu sô cô la
34399,Men,Apparel,Topwear,Tshirts,Black,Summer,2012.0,Casual,Myntra Men Global Response Black T-shirt,Áo thun đen Myntra Men Global Response
15933,Men,Apparel,Topwear,Tshirts,Blue,Fall,2011.0,Casual,Regent Polo Club Men Solid Blue Tshirt,Áo thun nam màu xanh trơn của câu lạc bộ polo Regent
35880,Boys,Apparel,Topwear,Tshirts,White,Summer,2012.0,Casual,Jungle Book Boys Royal White T-shirt,Áo thun trắng hoàng gia chủ đề Sách Rừng Xanh dành cho bé trai
2056,Men,Apparel,Topwear,Tshirts,Grey,Winter,2010.0,Casual,Lee Men's Ten Minutes to Midnight T-shirt,Áo thun nam Lee Ten Minutes to Midnight
2054,Men,Apparel,Topwear,Tshirts,Maroon,Winter,2010.0,Casual,Lee Men's Stone T-shirt,Áo thun nam Lee Stone
4402,Men,Apparel,Topwear,Tshirts,Black,Summer,2011.0,Casual,Billy Idol Men's Faceless Black T-shirt,Áo thun đen không mặt dành cho nam của Billy Idol
5442,Women,Apparel,Topwear,Tshirts,Blue,Summer,2011.0,Casual,Nike Women's Striped Polo Blue T-shirt,Áo polo kẻ sọc màu xanh dương dành cho nữ của Nike
41752,Boys,Apparel,Topwear,Tshirts,Yellow,Summer,2012.0,Casual,Doodle Boys Printed Yellow T-shirt,Áo thun vàng in hình Doodle Boys
29157,Boys,Apparel,Topwear,Tshirts,Pink,Summer,2012.0,Casual,United Colors of Benetton Boys Hopeland Pink T-shirt,Áo thun màu hồng Hopeland dành cho bé trai của United Colors of Benetton
14648,Men,Apparel,Topwear,Tshirts,Black,Fall,2011.0,Casual,Probase Men White Grafitti Black Tshirts,Áo thun nam Probase màu trắng họa tiết graffiti đen
32422,Men,Apparel,Topwear,Tshirts,Black,Summer,2012.0,Casual,ADIDAS Men One Love Black T-shirt,Áo thun nam ADIDAS One Love màu đen
48448,Men,Apparel,Topwear,Tshirts,Purple,Summer,2012.0,Casual,French Connection Men Purple T-shirt,Áo thun nam màu tím hiệu French Connection
32924,Men,Apparel,Topwear,Tshirts,Navy Blue,Summer,2012.0,Casual,Status Quo Men Printed Navy Blue T-shirt,Áo thun nam Status Quo in họa tiết màu xanh hải quân
18245,Men,Apparel,Topwear,Tshirts,White,Fall,2011.0,Casual,Manchester United Men Printed White Tshirt,Áo thun nam Manchester United màu trắng in hình
31148,Boys,Apparel,Topwear,Tshirts,White,Summer,2012.0,Casual,Gini and Jony Boys Printed White T-shirt,Áo thun trắng in hình Gini và Jony dành cho bé trai
4359,Men,Apparel,Topwear,Tshirts,Black,Summer,2011.0,Casual,Free Authority Men's Melting Records Black T-shirt,Áo thun đen nam Free Authority Melting Records
23638,Men,Apparel,Topwear,Tshirts,Green,Summer,2012.0,Casual,DC Comics Men Green T-shirt,Áo thun nam màu xanh lá cây của DC Comics
13429,Men,Apparel,Topwear,Tshirts,Maroon,Summer,2011.0,Casual,United Colors of Benetton Men Printed Maroon Tshirts,Áo thun nam in họa tiết màu đỏ tía của United Colors of Benetton
38152,Women,Apparel,Topwear,Tshirts,White,Summer,2012.0,Casual,Wildcraft Women White T-shirt,Áo thun trắng Wildcraft dành cho nữ
6063,Men,Apparel,Topwear,Tshirts,White,Summer,2011.0,Casual,UCB Men's Roundneck Take Good Look White T-shirt,Áo thun nam cổ tròn màu trắng UCB Take Good Look
27445,Women,Apparel,Topwear,Tshirts,Coffee Brown,Winter,2015.0,Casual,Jockey Women Coffee Brown T-shirt,Áo thun nữ Jockey màu nâu cà phê
2484,Women,Apparel,Topwear,Tshirts,White,Fall,2010.0,Sports,Puma Women Spagetti White Top,Áo hai dây màu trắng Puma dành cho nữ
32970,Men,Apparel,Topwear,Tshirts,Black,Summer,2012.0,Casual,Angry Birds Men Printed Black T-shirt,Áo thun nam in hình Angry Birds màu đen
6512,Men,Apparel,Topwear,Tshirts,Green,Summer,2011.0,Casual,ADIDAS Men's Light Green T-shirt,Áo thun nam màu xanh lá nhạt ADIDAS
34314,Men,Apparel,Topwear,Tshirts,Orange,Summer,2012.0,Casual,Myntra Men Orange Urban T-shirt,Áo thun nam Myntra màu cam phong cách đô thị
25504,Boys,Apparel,Topwear,Tshirts,Blue,Fall,2011.0,Casual,Doodle Kids Boys Soccer Blue T-Shirt,Áo thun bóng đá màu xanh dương dành cho bé trai của Doodle Kids
33937,Men,Apparel,Topwear,Tshirts,Black,Summer,2012.0,Casual,ADIDAS Men Polo Black T-shirt,Áo Polo nam màu đen ADIDAS
38971,Men,Apparel,Topwear,Tshirts,Grey,Summer,2012.0,Casual,Arrow New York Men Grey T-shirt,Áo thun nam màu xám Arrow New York
2307,Women,Apparel,Topwear,Tshirts,Purple,Fall,2010.0,Sports,Nike Women Purple Polo T-shirt,Áo polo nữ Nike màu tím
48406,Men,Apparel,Topwear,Tshirts,Cream,Summer,2012.0,Casual,French Connection Men Cream Striped T-shirt,Áo thun nam kẻ sọc màu kem hiệu French Connection
11363,Men,Apparel,Topwear,Tshirts,Black,Summer,2011.0,Casual,United Colors of Benetton Men Solid Black Tshirt,Áo thun nam màu đen trơn hiệu United Colors of Benetton
38494,Boys,Apparel,Topwear,Tshirts,Green,Summer,2012.0,Casual,Gini and Jony Boys United Green T-shirt,Áo thun xanh lá cây Gini và Jony Boys United
6758,Men,Apparel,Topwear,Tshirts,Red,Summer,2011.0,Casual,Timberland Men's Linear Logo Red T-shirt,Áo thun nam Timberland Linear Logo màu đỏ
19581,Men,Apparel,Topwear,Tshirts,White,Summer,2011.0,Casual,United Colors of Benetton Men Printed White Tshirt,Áo thun nam màu trắng in họa tiết hiệu United Colors of Benetton
15475,Men,Apparel,Topwear,Tshirts,Blue,Fall,2011.0,Casual,Puma Men Logo Blue Tshirts,Áo thun nam Puma màu xanh dương có logo.
27444,Women,Apparel,Topwear,Tshirts,Black,Fall,2015.0,Casual,Jockey Women Black T-shirt,Áo thun đen Jockey dành cho nữ
26246,Men,Apparel,Topwear,Tshirts,Green,Summer,2012.0,Casual,Proline Men Green Polo Tshirt,Áo Polo nam màu xanh lá cây Proline
26725,Men,Apparel,Topwear,Tshirts,Black,Summer,2012.0,Casual,Puma Men Large Logo Graphic Black T-shirt,Áo thun nam Puma in hình logo lớn màu đen
12054,Men,Apparel,Topwear,Tshirts,White,Fall,2011.0,Casual,Spykar Men Printed White T-Shirts,Áo thun nam Spykar màu trắng in họa tiết
40267,Men,Apparel,Topwear,Tshirts,White,Summer,2012.0,Casual,Scullers Men Striped White T-shirt,Áo thun trắng sọc dành cho nam của đội Scullers
4780,Women,Apparel,Topwear,Tshirts,Pink,Summer,2011.0,Sports,ADIDAS Women's Balance Pink T-shirt,Áo thun nữ ADIDAS Balance màu hồng
3769,Men,Apparel,Topwear,Tshirts,Blue,Summer,2011.0,Casual,Status Quo Men's Blue Polo T-shirt,Áo polo nam màu xanh dương hiệu Status Quo
3991,Men,Apparel,Topwear,Tshirts,White,Summer,2011.0,Casual,Mr.Men Men's Wave Rider White T-shirt,Áo thun nam Mr.Men Wave Rider màu trắng
11778,Men,Apparel,Topwear,Tshirts,Grey,Fall,2011.0,Casual,Lee Men Solid Grey Tshirts,Áo thun nam màu xám trơn hiệu Lee
29019,Men,Apparel,Topwear,Tshirts,Navy Blue,Summer,2012.0,Casual,ADIDAS Men Color Block Navy Blue T-shirt,Áo thun nam ADIDAS phối màu xanh navy
7006,Men,Apparel,Topwear,Tshirts,Black,Summer,2011.0,Casual,s.Oliver Men's Sound Rebels Black T-shirt,Áo thun đen nam S.Oliver Sound Rebels
39003,Boys,Apparel,Topwear,Tshirts,White,Summer,2012.0,Casual,Gini and Jony Boys Unit White T-shirt,Áo thun trắng Gini và Jony Boys Unit
53804,Men,Apparel,Topwear,Tshirts,Black,Summer,2012.0,Casual,Puma Men Black T-shirt,Áo thun đen nam Puma
33939,Men,Apparel,Topwear,Tshirts,Black,Summer,2012.0,Casual,ADIDAS Men Black T-shirt,Áo thun nam màu đen ADIDAS
16913,Men,Apparel,Topwear,Tshirts,Charcoal,Fall,2011.0,Casual,Mr. Men Men Printed Grey Tshirt,Áo thun nam in họa tiết màu xám hiệu Mr. Men
3410,Men,Apparel,Topwear,Tshirts,White,Summer,2011.0,Casual,Myntra Men's Lazy White T-shirt,Áo thun trắng nam Myntra Lazy
15190,Men,Apparel,Topwear,Tshirts,Navy Blue,Fall,2011.0,Casual,Arrow Sport Men Solid Navy Blue Polo Tshirts,Áo Polo nam Arrow Sport màu xanh hải quân trơn
15283,Men,Apparel,Topwear,Tshirts,Blue,Fall,2011.0,Casual,Ed Hardy Men Eagle Print Blue Tshirts,Áo thun nam Ed Hardy in hình đại bàng màu xanh dương
17497,Men,Apparel,Topwear,Tshirts,Grey,Fall,2011.0,Casual,Classic Polo Men Stripes Grey Polo T-Shirt,Áo Polo nam cổ điển kẻ sọc màu xám
8275,Men,Apparel,Topwear,Tshirts,Blue,Fall,2011.0,Casual,Mr.Men Men's Coral Red T-shirt,Áo thun nam màu đỏ san hô hiệu Mr.Men
3713,Men,Apparel,Topwear,Tshirts,Green,Summer,2011.0,Casual,Lee Men Green Polo T-shirt,Áo polo nam Lee màu xanh lá cây
2243,Men,Apparel,Topwear,Tshirts,White,Fall,2010.0,Sports,ADIDAS Men Stripe Polo White Polo T-shirt,Áo Polo nam kẻ sọc ADIDAS màu trắng
16191,Men,Apparel,Topwear,Tshirts,White,Fall,2011.0,Casual,Puma Men Graphic White TShirt,Áo thun nam Puma màu trắng in hình
34357,Men,Apparel,Topwear,Tshirts,Blue,Summer,2012.0,Casual,Myntra Men Blue Prayer T-shirt,Áo thun nam Myntra màu xanh dương in hình lời cầu nguyện
6170,Men,Apparel,Topwear,Tshirts,Purple,Summer,2011.0,Casual,Lee Men's Guns Crownjewel Purple T-shirt,Áo thun nam Lee Guns Crownjewel màu tím
32628,Men,Apparel,Topwear,Tshirts,Black,Summer,2012.0,Sports,Nike Men Black Polo T-shirt,Áo Polo nam Nike màu đen
20334,Men,Apparel,Topwear,Tshirts,Blue,Fall,2011.0,Casual,Mr.Men Men Printed Blue Tshirt,Áo thun nam in họa tiết màu xanh dương hiệu Mr.Men
11008,Women,Apparel,Topwear,Tshirts,Cream,Fall,2011.0,Casual,Inkfruit Women Behind Cream Tshirts,Áo thun Inkfruit Women Behind Cream
3845,Men,Apparel,Topwear,Tshirts,Brown,Summer,2011.0,Casual,Wrangler Men's Wild Horse Brown T-shirt,Áo thun nam Wrangler Wild Horse màu nâu
3364,Men,Apparel,Topwear,Tshirts,Blue,Summer,2011.0,Casual,Myntra Men's Brain Blue T-shirt,Áo thun nam Myntra Brain Blue
1984,Women,Apparel,Topwear,Tshirts,White,Fall,2010.0,Sports,ADIDAS Women Graphic White T-shirt,Áo thun nữ Adidas màu trắng in họa tiết
2680,Men,Apparel,Topwear,Tshirts,Blue,Summer,2011.0,Casual,Inkfruit Men's Indian Rule Blue T-shirt,Áo thun nam Inkfruit Indian Rule màu xanh dương
4192,Boys,Apparel,Topwear,Tshirts,Green,Summer,2011.0,Casual,Disney Kids Boy's Green Naughty Donald Kidswear,Áo trẻ em Disney Kids màu xanh lá cây hình Donald nghịch ngợm
12847,Boys,Apparel,Topwear,Tshirts,Black,Fall,2011.0,Casual,Ant Kids Boys National Champion Black Tshirts,Áo thun đen Ant Kids Boys National Champion
6995,Men,Apparel,Topwear,Tshirts,Grey,Summer,2011.0,Casual,s.Oliver Men's Line Printed Dark Grey T-shirt,Áo thun nam S.Oliver màu xám đậm in họa tiết
30144,Women,Apparel,Topwear,Tshirts,Black,Summer,2012.0,Casual,Flying Machine Women Printed Black T-shirt,Áo thun nữ in hình máy bay màu đen
3788,Men,Apparel,Topwear,Tshirts,White,Summer,2011.0,Casual,Basics Men White & Blue Striped Polo T-shirt,Áo Polo nam Basics kẻ sọc trắng xanh
15606,Men,Apparel,Topwear,Tshirts,Grey,Fall,2011.0,Casual,Nike Men Training Grey Tshirts,Áo thun tập luyện màu xám dành cho nam của Nike
2092,Men,Apparel,Topwear,Tshirts,Blue,Fall,2010.0,Sports,ADIDAS Mens Polo Blue Polo T-shirt,Áo Polo nam ADIDAS màu xanh dương
19612,Women,Apparel,Topwear,Tshirts,Blue,Summer,2011.0,Casual,United Colors of Benetton Women Solid Blue Tshirt,Áo thun nữ màu xanh trơn hiệu United Colors of Benetton
3120,Men,Apparel,Topwear,Tshirts,Blue,Summer,2011.0,Casual,Probase Men's Freestyler Turquoise T-shirt,Áo thun Probase Freestyler màu xanh ngọc dành cho nam
2340,Men,Apparel,Topwear,Tshirts,Purple,Fall,2010.0,Casual,Reebok Men Plum Shiamak Purple T-shirt,Áo thun Reebok nam màu tím Plum Shiamak
19789,Men,Apparel,Topwear,Tshirts,Orange,Winter,2016.0,Casual,U.S. Polo Assn. Men Solid Orange Tshirt,Áo thun nam màu cam trơn hiệu U.S. Polo Assn.
2062,Men,Apparel,Topwear,Tshirts,Grey,Winter,2010.0,Casual,Lee Mens  T-shirt,Áo thun nam Lee
5506,Women,Apparel,Topwear,Tshirts,Yellow,Summer,2011.0,Casual,Nike Women's Yellow Casual T-shirt,Áo thun nữ Nike màu vàng kiểu dáng thường ngày
32971,Men,Apparel,Topwear,Tshirts,Blue,Summer,2012.0,Casual,Angry Birds Men Printed Blue T-shirt,Áo thun nam in hình Angry Birds màu xanh dương
27353,Women,Apparel,Topwear,Tshirts,White,Fall,2011.0,Casual,Tantra Women Jimmo White T-shirt,Áo thun trắng Tantra Women Jimmo
11024,Women,Apparel,Topwear,Tshirts,Purple,Fall,2011.0,Casual,Wrangler Women Purple T-shirt,Áo thun nữ màu tím hiệu Wrangler
24269,Men,Apparel,Topwear,Tshirts,Grey,Fall,2011.0,Casual,Quiksilver Men Grey Printed T-shirt,Áo thun nam Quiksilver màu xám in họa tiết
25921,Women,Apparel,Topwear,Tshirts,Green,Summer,2012.0,Casual,Femella Women Lime Green T-shirt,Áo thun nữ Femella màu xanh lá chanh
38637,Men,Apparel,Topwear,Tshirts,Red,Summer,2012.0,Casual,Nike Men Red Delhi T-shirt,Áo thun Nike nam màu đỏ Delhi
10871,Men,Apparel,Topwear,Tshirts,Grey,Fall,2011.0,Casual,Wrangler Men Dirtcross Grey T-Shirts,Áo thun nam Wrangler Dirtcross màu xám
40044,Men,Apparel,Topwear,Tshirts,Black,Summer,2012.0,Casual,ADIDAS Men Black T-shirt,Áo thun nam màu đen ADIDAS
3926,Men,Apparel,Topwear,Tshirts,Blue,Summer,2011.0,Casual,Wrangler Men's Wanderer's Dream Sky T-shirt,Áo thun nam Wrangler Wanderer's Dream Sky
19110,Men,Apparel,Topwear,Tshirts,Beige,Winter,2016.0,Casual,Campbell Men Pack of 3 Solid Tshirts,Bộ 3 áo thun trơn nam hiệu Campbell
28928,Men,Apparel,Topwear,Tshirts,Charcoal,Summer,2012.0,Casual,Mr. Men Printed Charcoal T-shirt,Áo thun in hình màu than chì hiệu Mr. Men
7607,Men,Apparel,Topwear,Tshirts,Black,Summer,2011.0,Casual,Nike Men's FCB Core Black SS T-shirt,Áo thun ngắn tay Nike FCB Core Black dành cho nam
38803,Men,Apparel,Topwear,Tshirts,Blue,Summer,2012.0,Casual,Marvel Men Blue Printed T-shirt,Áo thun nam Marvel màu xanh in hình
36737,Women,Apparel,Topwear,Tshirts,Green,Summer,2012.0,Casual,Spykar Women Cult Green T-shirt,Áo thun nữ Spykar Cult màu xanh lá cây
33947,Men,Apparel,Topwear,Tshirts,Navy Blue,Summer,2012.0,Casual,ADIDAS Men Navy Blue & White Polo T-shirt,Áo Polo nam ADIDAS màu xanh hải quân và trắng
7297,Men,Apparel,Topwear,Tshirts,Brown,Fall,2011.0,Casual,Jimi Hendrix Men's Jimi Experience Brown Melange T-shirt,Áo thun nam Jimi Hendrix Jimi Experience màu nâu pha trộn
1906,Men,Apparel,Topwear,Tshirts,Cream,Winter,2010.0,Casual,FIFA Mens 1905 Football Federation T-shirt,Áo thun Liên đoàn bóng đá FIFA dành cho nam năm 1905
3519,Men,Apparel,Topwear,Tshirts,White,Summer,2011.0,Casual,Myntra Men's I have Multiple Personalities White T-shirt,"Áo thun trắng nam Myntra ""Tôi có nhiều nhân cách"""
5153,Women,Apparel,Topwear,Tshirts,White,Summer,2011.0,Casual,Wrangler Women's Side Paisley White T-shirt,Áo thun nữ Wrangler họa tiết Paisley màu trắng.
58734,Men,Apparel,Topwear,Tshirts,Red,Fall,2012.0,Sports,PUMA Men Red Printed T-shirt,Áo thun nam PUMA màu đỏ in họa tiết
9778,Men,Apparel,Topwear,Tshirts,White,Fall,2011.0,Casual,ADIDAS Men  White Polo Tshirts,Áo Polo nam màu trắng ADIDAS
4042,Unisex,Apparel,Topwear,Tshirts,Blue,Summer,2011.0,Sports,Rajasthan Royals Kids Authentic Replica Cricket Jersey,Áo đấu cricket trẻ em Rajasthan Royals phiên bản chính hãng
14922,Men,Apparel,Topwear,Tshirts,Blue,Fall,2011.0,Casual,Mr. Men Men Sleep Placid Blue Tshirts,Áo thun nam Mr. Men Sleep Placid Blue
20670,Men,Apparel,Topwear,Tshirts,Turquoise Blue,Fall,2011.0,Casual,Classic Polo Men Striped Turquoise Blue Tshirt,Áo thun Polo nam cổ điển kẻ sọc màu xanh ngọc lam
33206,Women,Apparel,Topwear,Tshirts,Green,Summer,2012.0,Casual,Sepia Women Printed Green T-shirt,Áo thun nữ màu xanh lá cây in họa tiết Sepia
34403,Men,Apparel,Topwear,Tshirts,Black,Summer,2012.0,Casual,Myntra Men Back To The 70s Black T-shirt,Áo thun đen nam Myntra phong cách thập niên 70
2683,Men,Apparel,Topwear,Tshirts,Red,Summer,2011.0,Casual,Inkfruit Men's Red And Black T-shirt,Áo thun nam Inkfruit màu đỏ và đen
53774,Men,Apparel,Topwear,Tshirts,White,Summer,2012.0,Casual,Puma Men White T-shirt,Áo thun trắng nam Puma
52148,Women,Apparel,Topwear,Tshirts,Red,Summer,2012.0,Casual,Femella Women Red Polo T-Shirt,Áo Polo nữ màu đỏ
31271,Men,Apparel,Topwear,Tshirts,Red,Summer,2012.0,Casual,Puma Men Calonge Graphic Red T-shirt,Áo thun nam Puma Calonge Graphic màu đỏ
3792,Men,Apparel,Topwear,Tshirts,Navy Blue,Summer,2011.0,Casual,Basics Men Navy & White Striped Polo T-shirt,Áo Polo nam Basics kẻ sọc xanh hải quân và trắng
9827,Women,Apparel,Topwear,Tshirts,White,Fall,2011.0,Casual,Little Miss Women Printed White T-shirt,Áo thun trắng in hình Little Miss Women
17266,Men,Apparel,Topwear,Tshirts,Green,Fall,2011.0,Casual,U.S. Polo Assn. Men Stripes Green  polo Tshirt,Áo polo nam kẻ sọc màu xanh lá cây của Hiệp hội Polo Hoa Kỳ.
5100,Men,Apparel,Topwear,Tshirts,Yellow,Summer,2011.0,Casual,Wrangler Men's Cowboy Color Yellow T-shirt,Áo thun nam Wrangler màu vàng kiểu cao bồi
28550,Men,Apparel,Topwear,Tshirts,Black,Summer,2012.0,Casual,Nike Men Club Pique Polo Black T-shirt,Áo polo nam Nike Club Pique màu đen
33310,Men,Apparel,Topwear,Tshirts,White,Summer,2012.0,Casual,Jack & Jones Men White & Green Polo T-shirt,Áo polo nam Jack & Jones màu trắng và xanh lá cây
10377,Men,Apparel,Topwear,Tshirts,White,Fall,2011.0,Casual,United Colors of Benetton Men Printed White Tshirts,Áo thun nam màu trắng in họa tiết hiệu United Colors of Benetton
11992,Men,Apparel,Topwear,Tshirts,Green,Fall,2011.0,Casual,Classic Polo Men Stripes Green Tshirts,Áo thun nam Polo cổ điển kẻ sọc màu xanh lá cây.
7954,Men,Apparel,Topwear,Tshirts,Blue,Fall,2011.0,Sports,Puma Men's Knit Polo Mazarine Blue Polo T-shirt,Áo Polo nam Puma dệt kim màu xanh Mazarine
10499,Women,Apparel,Topwear,Tshirts,Yellow,Fall,2011.0,Casual,Flying Machine Women Aspen Yellow Tshirts,Áo thun nữ Flying Machine màu vàng Aspen
22631,Women,Apparel,Topwear,Tshirts,Pink,Fall,2011.0,Sports,Nike Women Printed Pink T-shirt,Áo thun nữ Nike in họa tiết màu hồng
7447,Men,Apparel,Topwear,Tshirts,Orange,Summer,2011.0,Casual,Proline Men Orange Polo T-shirt,Áo Polo nam màu cam Proline
23179,Men,Apparel,Topwear,Tshirts,Yellow,Fall,2011.0,Casual,Mark Taylor Men Yellow Printed T-shirt,Áo thun nam màu vàng in họa tiết hiệu Mark Taylor
17613,Boys,Apparel,Topwear,Tshirts,Red,Fall,2011.0,Casual,Doodle Boys Catch Me Red Tshirt,Áo thun đỏ Doodle Boys Catch Me
31273,Men,Apparel,Topwear,Tshirts,Green,Summer,2012.0,Casual,Puma Men Calonge Graphic Green T-shirt,Áo thun nam Puma Calonge Graphic màu xanh lá cây
16287,Men,Apparel,Topwear,Tshirts,Blue,Fall,2011.0,Casual,Peter England Men Printed Blue TShirt,Áo thun nam in họa tiết màu xanh dương hiệu Peter England
11406,Men,Apparel,Topwear,Tshirts,Blue,Fall,2011.0,Casual,United Colors Of Benetton Men Light Winter Blue T-Shirts,Áo thun nam màu xanh nhạt mùa đông hiệu United Colors Of Benetton
53307,Men,Apparel,Topwear,Tshirts,White,Summer,2012.0,Casual,Locomotive Men White T-shirt,Áo thun trắng nam Locomotive
33952,Men,Apparel,Topwear,Tshirts,Peach,Summer,2012.0,Casual,ADIDAS Men Vesta Peach Polo T-shirt,Áo Polo nam ADIDAS Vesta màu đào
26228,Men,Apparel,Topwear,Tshirts,Blue,Summer,2012.0,Casual,Proline Men Blue Polo T-Shirt,Áo Polo nam Proline màu xanh dương
3529,Men,Apparel,Topwear,Tshirts,Navy Blue,Summer,2011.0,Casual,Myntra Men's Ear Plugs Navy Blue T-shirt,Nút bịt tai nam Myntra màu xanh hải quân
4256,Men,Apparel,Topwear,Tshirts,Grey Melange,Summer,2011.0,Casual,Inkfruit Men Grey Melange Printed T-shirt,Áo thun nam Inkfruit màu xám pha trộn in họa tiết
6572,Men,Apparel,Topwear,Tshirts,Black,Summer,2011.0,Sports,Nike Men's Challenger Logo Black T-shirt,Áo thun nam Nike Challenger Logo màu đen
10822,Men,Apparel,Topwear,Tshirts,Navy Blue,Fall,2011.0,Casual,Wrangler Men Navy Blue Polo Tshirts,Áo Polo nam Wrangler màu xanh hải quân
9984,Men,Apparel,Topwear,Tshirts,Green,Fall,2011.0,Sports,Nike Men As Value Runn Green T-Shirts,Áo thun Nike nam As Value Runn màu xanh lá cây
1814,Men,Apparel,Topwear,Tshirts,Brown,Fall,2010.0,Sports,Solognac Men Chocolate Brown  T-shirt,Áo thun nam Solognac màu nâu sô cô la
16424,Men,Apparel,Topwear,Tshirts,Blue,Fall,2011.0,Casual,Levi's Men Printed Blue  Tshirts,Áo thun nam Levi's in họa tiết màu xanh dương
34381,Men,Apparel,Topwear,Tshirts,Orange,Summer,2012.0,Casual,Myntra Men Orange Snapp Diet T-shirt,Áo thun nam Myntra màu cam Snapp Diet
37272,Men,Apparel,Topwear,Tshirts,Black,Summer,2012.0,Casual,Tantra Men Black Angry Anna T-shirt,Áo thun Tantra Men Black Angry Anna
3729,Unisex,Apparel,Topwear,Tshirts,Blue,Summer,2011.0,Sports,Mumbai Indians Kids Match Jersey,Áo thi đấu trẻ em của Mumbai Indians
9556,Men,Apparel,Topwear,Tshirts,Black,Fall,2011.0,Sports,Nike Men Asem Cricket Swoosh Black T-Shirts,Áo thun nam Nike Asem Cricket Swoosh màu đen
12644,Men,Apparel,Topwear,Tshirts,White,Fall,2011.0,Casual,Probase Men Solid White Polo T-shirts,Áo Polo nam Probase màu trắng trơn
17513,Men,Apparel,Topwear,Tshirts,Black,Fall,2011.0,Casual,Classic Polo Men Stripes Black Polo T-Shirt,Áo Polo nam cổ điển kẻ sọc màu đen
3778,Men,Apparel,Topwear,Tshirts,Green,Summer,2011.0,Casual,Status Quo Men's Green Polo T-shirt,Áo polo nam màu xanh lá cây hiệu Status Quo
3706,Men,Apparel,Topwear,Tshirts,Grey,Summer,2011.0,Casual,Classic Polo Men's Grey Red & Brown Stripe T-shirt,Áo thun nam Polo cổ điển màu xám đỏ và sọc nâu
39067,Men,Apparel,Topwear,Tshirts,Green,Summer,2012.0,Casual,Arrow Sport Men Green T-shirt,Áo thun nam màu xanh lá cây Arrow Sport
54940,Women,Apparel,Topwear,Tshirts,Burgundy,Summer,2012.0,Casual,Do u speak green Women Burgundy T-shirt,Bạn có nói tiếng xanh lá cây không? Áo thun nữ màu đỏ tía
7784,Men,Apparel,Topwear,Tshirts,Black,Fall,2011.0,Casual,Proline Men Black Polo T-shirt,Áo polo nam màu đen Proline
3520,Men,Apparel,Topwear,Tshirts,Black,Summer,2011.0,Casual,Myntra Men's Reaching The Moon Black T-shirt,Áo thun nam Myntra Reaching The Moon màu đen
12803,Women,Apparel,Topwear,Tshirts,Pink,Fall,2011.0,Casual,Nike Women Polka Dot Grafitti Pink T-shirt,Áo thun nữ Nike chấm bi graffiti màu hồng
18631,Men,Apparel,Topwear,Tshirts,Navy Blue,Fall,2011.0,Casual,Puma Men GP Speed Navy Blue Tshirts,Áo thun Puma GP Speed ​​màu xanh hải quân dành cho nam
2047,Men,Apparel,Topwear,Tshirts,Navy Blue,Fall,2010.0,Sports,ADIDAS Men's Navy Blue T-shirt,Áo thun nam ADIDAS màu xanh hải quân
4208,Boys,Apparel,Topwear,Tshirts,Red,Summer,2011.0,Casual,Disney Kids Boy's Red Geo Team Kidswear,"Bộ quần áo trẻ em Disney Kids màu đỏ dành cho bé trai, họa tiết hình học."
32470,Women,Apparel,Topwear,Tshirts,Blue,Summer,2012.0,Sports,ADIDAS Women Blue T-shirt,Áo thun nữ màu xanh dương ADIDAS
4190,Boys,Apparel,Topwear,Tshirts,Yellow,Summer,2011.0,Casual,Disney Kids Boy's Yellow Little Friends Kidswear,Quần áo trẻ em màu vàng Little Friends dành cho bé trai của Disney Kids
10690,Men,Apparel,Topwear,Tshirts,Yellow,Fall,2011.0,Casual,Doodle Boy Mummy daddy me Yellow Tshirts,Áo thun vàng Doodle Boy Mummy daddy me
2041,Men,Apparel,Topwear,Tshirts,Grey,Fall,2010.0,Sports,ADIDAS Mens Fire Grey T-shirt,Áo thun nam ADIDAS màu xám lửa
26715,Men,Apparel,Topwear,Tshirts,Blue,Summer,2012.0,Casual,Puma Men Large Logo Blue T-shirt,"Áo thun nam Puma cỡ lớn, logo màu xanh dương"
42175,Men,Apparel,Topwear,Tshirts,White,Summer,2017.0,Casual,Status Quo Men White T-shirt,Áo thun trắng nam Status Quo
6996,Men,Apparel,Topwear,Tshirts,Brown,Spring,2011.0,Casual,Classic Polo Men's State Athletic Brown T-shirt,Áo thun nam Polo cổ điển màu nâu State Athletic
37150,Men,Apparel,Topwear,Tshirts,Grey,Summer,2016.0,Casual,Campbell Men Pack of 3 T-shirt,Áo thun nam Campbell (gói 3 chiếc)
4864,Men,Apparel,Topwear,Tshirts,White,Summer,2011.0,Sports,ADIDAS Men Real Madrid White Jersey,Áo đấu Real Madrid màu trắng dành cho nam của ADIDAS
40138,Boys,Apparel,Topwear,Tshirts,Yellow,Summer,2012.0,Casual,Gini and Jony Boys Under The Sun Yellow T-shirt,Áo thun vàng Gini và Jony Boys Under The Sun
29014,Men,Apparel,Topwear,Tshirts,Grey,Summer,2012.0,Casual,ADIDAS Men  Grey Polo T-shirt,Áo Polo nam màu xám ADIDAS
22796,Men,Apparel,Topwear,Tshirts,Green,Fall,2011.0,Casual,Manchester United Men Green Tshirt,Áo thun nam màu xanh lá cây của Manchester United
9989,Men,Apparel,Topwear,Tshirts,Black,Fall,2011.0,Sports,Nike Men As Ss Cruiser Black T-Shirts,Áo thun nam Nike As Ss Cruiser màu đen
5172,Women,Apparel,Topwear,Tshirts,Orange,Summer,2011.0,Casual,Inkfruit Women's Innocence Carrot Orange T-shirt,Áo thun nữ Inkfruit Innocence màu cà rốt cam
48070,Men,Apparel,Topwear,Tshirts,Off White,Summer,2012.0,Casual,French Connection Men Off White T-shirt,Áo thun nam màu trắng ngà hiệu French Connection
16289,Men,Apparel,Topwear,Tshirts,Blue,Fall,2011.0,Casual,Peter England Men Printed Blue TShirt,Áo thun nam in họa tiết màu xanh dương hiệu Peter England
4313,Unisex,Apparel,Topwear,Tshirts,Pink,Summer,2011.0,Casual,Tantra Kid's Unisex Elephant Pink Kidswear,Áo trẻ em unisex hình voi màu hồng hiệu Tantra Kid's
18226,Men,Apparel,Topwear,Tshirts,Grey,Fall,2011.0,Casual,Manchester United Men Printed Grey Tshirt,Áo thun nam Manchester United màu xám in hình
6547,Women,Apparel,Topwear,Tshirts,Yellow,Summer,2011.0,Sports,Nike Women's Embossed Yellow T-shirt,Áo thun nữ Nike màu vàng dập nổi
7441,Men,Apparel,Topwear,Tshirts,Grey,Summer,2011.0,Casual,Proline Men Grey Striped T-shirt,Áo thun nam Proline màu xám sọc
26263,Men,Apparel,Topwear,Tshirts,Blue,Summer,2013.0,Casual,Proline Men Blue Polo T-Shirt,Áo Polo nam Proline màu xanh dương
49962,Men,Apparel,Topwear,Tshirts,White,Summer,2016.0,Casual,Hanes Men White Pack of 3 T-shirts,Áo thun nam Hanes màu trắng (gói 3 chiếc)
3207,Women,Apparel,Topwear,Tshirts,Black,Summer,2011.0,Casual,Tantra Women's Tiger Black T-shirt,Áo thun nữ Tantra Tiger màu đen
43503,Men,Apparel,Topwear,Tshirts,Green,Summer,2012.0,Casual,French Connection Men Green T-shirt,Áo thun nam màu xanh lá cây hiệu French Connection
15000,Men,Apparel,Topwear,Tshirts,White,Fall,2011.0,Sports,ADIDAS Men Solid White Tshirts,Áo thun nam ADIDAS màu trắng trơn
16320,Men,Apparel,Topwear,Tshirts,Green,Fall,2011.0,Casual,Peter England Men Printed Green TShirt,Áo thun nam Peter England màu xanh lá cây in họa tiết
2171,Men,Apparel,Topwear,Tshirts,Brown,Summer,2011.0,Casual,Probase Men Brown & White T-shirt,Áo thun nam Probase màu nâu trắng
44813,Women,Apparel,Topwear,Tshirts,Navy Blue,Summer,2012.0,Casual,Spykar Women Navy Blue T-Shirt,Áo thun nữ Spykar màu xanh hải quân
7127,Men,Apparel,Topwear,Tshirts,Orange,Fall,2011.0,Casual,Urban Yoga Men's Orange T-shirt,Áo thun nam màu cam Urban Yoga
5884,Women,Apparel,Topwear,Tshirts,Black,Summer,2011.0,Casual,Puma Women Classic Black Top,Áo thun nữ Puma cổ điển màu đen
22367,Men,Apparel,Topwear,Tshirts,Red,Fall,2011.0,Casual,Ed Hardy Men Vintage  Brick Red T-Shirt,Áo thun nam Ed Hardy màu đỏ gạch cổ điển
18847,Men,Apparel,Topwear,Tshirts,White,Fall,2011.0,Casual,Puma Men College  Athletic White  Tshirt,Áo thun thể thao màu trắng Puma dành cho nam sinh viên
2984,Men,Apparel,Topwear,Tshirts,Red,Fall,2010.0,Casual,Puma Men's Power Cat Graphic Red T-shirt,Áo thun nam Puma Power Cat Graphic màu đỏ
11997,Men,Apparel,Topwear,Tshirts,Green,Fall,2011.0,Casual,Classic Polo Men Stripes Green Tshirts,Áo thun nam Polo cổ điển kẻ sọc màu xanh lá cây.
3853,Girls,Apparel,Topwear,Tshirts,Pink,Summer,2011.0,Casual,Disney Kids Girl's Pink Daisy and Squirrel Kidswear,"Quần áo trẻ em Disney Kids dành cho bé gái, họa tiết hoa cúc và sóc màu hồng."
27392,Men,Apparel,Topwear,Tshirts,White,Summer,2016.0,Casual,2go Active Gear USA Men Pack Of 3 T-shirt,Áo thun nam 2go Active Gear USA (gói 3 chiếc)
7823,Men,Apparel,Topwear,Tshirts,Grey,Fall,2011.0,Casual,Proline Grey Polo T-shirt,Áo polo Proline màu xám
11254,Men,Apparel,Topwear,Tshirts,Navy Blue,Fall,2011.0,Casual,Puma Men Edition Navy Blue T-shirt,Áo thun Puma nam màu xanh hải quân
3263,Men,Apparel,Topwear,Tshirts,Yellow,Summer,2011.0,Casual,Guerrilla Men's Need Money Yellow T-shirt,Áo thun nam Guerrilla Need Money màu vàng
8859,Men,Apparel,Topwear,Shirts,White,Fall,2011.0,Casual,Mark Taylor Men White Striped Shirt,Áo sơ mi sọc trắng nam hiệu Mark Taylor
18889,Women,Apparel,Topwear,Shirts,Blue,Fall,2011.0,Formal,Arrow Woman Sylvia Blue Shirt,Nữ chiến binh Sylvia mặc áo sơ mi xanh.
8181,Men,Apparel,Topwear,Shirts,Purple,Summer,2011.0,Casual,Locomotive Men Check Ladislav Purple Shirts,Áo sơ mi tím kẻ caro hiệu Locomotive Men Ladislav
5960,Men,Apparel,Topwear,Shirts,Purple,Summer,2011.0,Casual,Highlander Men Solid Poplin Purple Shirts,Áo sơ mi nam Highlander màu tím trơn chất liệu poplin.
13734,Men,Apparel,Topwear,Shirts,Blue,Fall,2011.0,Casual,Belmonte Men Check Blue Shirts,Áo sơ mi nam kẻ caro xanh dương hiệu Belmonte
33246,Men,Apparel,Topwear,Shirts,Lavender,Spring,2013.0,Formal,Arrow Men Lavender Unstainable Slim Fit Shirt,"Áo sơ mi nam Arrow màu tím oải hương, dáng ôm, không ố vàng."
8851,Men,Apparel,Topwear,Shirts,Brown,Fall,2011.0,Casual,Mark Taylor Men Brown Striped Shirt,Áo sơ mi sọc nâu nam hiệu Mark Taylor
9624,Men,Apparel,Topwear,Shirts,Blue,Fall,2011.0,Casual,Indigo Nation Men Plain Light Blue Shirts,Áo sơ mi nam màu xanh nhạt trơn của Indigo Nation
46396,Men,Apparel,Topwear,Shirts,Blue,Summer,2012.0,Casual,ADIDAS Men Blue & Black Check Shirt,Áo sơ mi nam kẻ caro xanh đen ADIDAS
59834,Men,Apparel,Topwear,Shirts,Navy Blue,Summer,2012.0,Casual,United Colors of Benetton Men Navy Blue Shirt,Áo sơ mi nam màu xanh hải quân hiệu United Colors of Benetton
8148,Men,Apparel,Topwear,Shirts,Blue,Summer,2011.0,Casual,Highlander Men Blue Checked Haddon Slim Fit Shirt,Áo sơ mi nam Highlander kẻ caro xanh dương Haddon dáng ôm
29184,Men,Apparel,Topwear,Shirts,Blue,Summer,2012.0,Casual,United Colors of Benetton Men Blue Shirt,Áo sơ mi nam màu xanh dương hiệu United Colors of Benetton
9655,Men,Apparel,Topwear,Shirts,Blue,Fall,2011.0,Casual,Indigo Nation Men Bling Blue Shirts,Áo sơ mi nam Indigo Nation màu xanh dương lấp lánh
5128,Women,Apparel,Topwear,Shirts,White,Summer,2011.0,Casual,Wrangler Women Rose Bouquet White Orange Shirt,Áo sơ mi nữ Wrangler họa tiết hoa hồng màu trắng cam
51430,Men,Apparel,Topwear,Shirts,White,Summer,2012.0,Casual,Myntra Men Navy Blue & Orange Check Shirt,Áo sơ mi nam kẻ caro màu xanh hải quân và cam của Myntra
26401,Men,Apparel,Topwear,Shirts,Red,Summer,2012.0,Casual,Turtle Men Check Red Shirt,Áo sơ mi nam kẻ caro đỏ hiệu Turtle
5107,Women,Apparel,Topwear,Shirts,Yellow,Summer,2011.0,Casual,Wrangler Women Holly Checks Shirt,Áo sơ mi nữ Wrangler Holly kẻ caro
9654,Men,Apparel,Topwear,Shirts,Blue,Fall,2011.0,Casual,Indigo Nation Men Bling  Blue Shirt,Áo sơ mi nam Indigo Nation màu xanh lấp lánh
13853,Men,Apparel,Topwear,Shirts,Purple,Fall,2011.0,Casual,Indigo Nation Men Check Purple Shirts,Áo sơ mi nam kẻ caro màu tím Indigo Nation
12367,Men,Apparel,Topwear,Shirts,White,Fall,2011.0,Formal,Reid & Taylor Men White Shirt,Áo sơ mi trắng nam Reid & Taylor
15993,Men,Apparel,Topwear,Shirts,Blue,Fall,2011.0,Casual,Turtle Check Men Blue Checked ReversibleShirt,Áo sơ mi nam kẻ caro xanh dương hai mặt hiệu Turtle Check
14772,Men,Apparel,Topwear,Shirts,Green,Fall,2011.0,Formal,Arrow Men Stripes Green Slim Fit Shirt,Áo sơ mi nam Arrow kẻ sọc xanh lá cây dáng ôm
9667,Men,Apparel,Topwear,Shirts,Purple,Fall,2011.0,Casual,Indigo Nation Men Bling Red Black Shirts,Áo sơ mi nam Indigo Nation màu đỏ đen lấp lánh
31093,Boys,Apparel,Topwear,Shirts,White,Summer,2012.0,Casual,Gini and Jony Boys White Shirt,Áo sơ mi trắng Gini và Jony dành cho bé trai
11387,Men,Apparel,Topwear,Shirts,Blue,Fall,2011.0,Casual,United Colors of Benetton Men Light Winter Blue Shirts,Áo sơ mi nam màu xanh nhạt mùa đông của United Colors of Benetton
24285,Men,Apparel,Topwear,Shirts,Grey,Summer,2012.0,Casual,Quiksilver Men Grey Shirt,Áo sơ mi nam màu xám Quiksilver
17725,Men,Apparel,Topwear,Shirts,Maroon,Fall,2011.0,Casual,Reid & Taylor Men Solid Maroon Shirt,Áo sơ mi nam màu đỏ sẫm trơn hiệu Reid & Taylor
20155,Men,Apparel,Topwear,Shirts,Purple,Fall,2011.0,Casual,Wrangler Men Establish  Purple Shirt,Áo sơ mi nam Wrangler Establish màu tím
41660,Men,Apparel,Topwear,Shirts,Blue,Summer,2012.0,Formal,Mark Taylor Men Blue Striped Shirt,Áo sơ mi sọc xanh dương nam hiệu Mark Taylor
11708,Men,Apparel,Topwear,Shirts,Green,Fall,2011.0,Casual,Lee Men Check Green Shirts,Áo sơ mi nam Lee kẻ caro xanh lá cây
24858,Men,Apparel,Topwear,Shirts,White,Summer,2011.0,Formal,Mark Taylor Men White Striped Shirt,Áo sơ mi sọc trắng nam hiệu Mark Taylor
9498,Men,Apparel,Topwear,Shirts,Pink,Fall,2011.0,Formal,John Miller Men Pink white black check Pink Shirts,Áo sơ mi nam John Miller màu hồng trắng đen kẻ caro.
9246,Men,Apparel,Topwear,Shirts,Blue,Fall,2011.0,Formal,Mark Taylor Men Blue Striped Shirt,Áo sơ mi sọc xanh dương nam hiệu Mark Taylor
19831,Men,Apparel,Topwear,Shirts,Black,Fall,2011.0,Casual,U.S. Polo Assn. Men Check Black Shirt,Áo sơ mi nam kẻ caro đen hiệu U.S. Polo Assn.
12271,Men,Apparel,Topwear,Shirts,Blue,Fall,2011.0,Formal,Genesis Men Stripes Blue Shirts,Áo sơ mi nam Genesis kẻ sọc màu xanh dương
32393,Women,Apparel,Topwear,Shirts,Blue,Summer,2012.0,Formal,Arrow Woman Blue Shirt,Áo sơ mi xanh Arrow Woman
9071,Men,Apparel,Topwear,Shirts,White,Fall,2011.0,Formal,Mark Taylor Men Solid White Shirts,Áo sơ mi nam màu trắng trơn hiệu Mark Taylor
33235,Men,Apparel,Topwear,Shirts,Blue,Summer,2012.0,Formal,Arrow Men Blue Check Shirt,Áo sơ mi nam Arrow kẻ caro xanh
26113,Men,Apparel,Topwear,Shirts,Purple,Summer,2012.0,Formal,John Miller Men Check Purple Shirt,Áo sơ mi nam kẻ caro màu tím hiệu John Miller
26056,Men,Apparel,Topwear,Shirts,Black,Summer,2012.0,Formal,John Miller Men Check Black Shirt,Áo sơ mi nam kẻ caro đen John Miller
8190,Men,Apparel,Topwear,Shirts,Black,Summer,2011.0,Casual,Locomotive Men Solid Poplin Lakota Black Shirts,Áo sơ mi nam Locomotive Men Solid Poplin Lakota màu đen
29291,Men,Apparel,Topwear,Shirts,Green,Summer,2012.0,Casual,Wrangler Men Striped Green Shirt,Áo sơ mi nam kẻ sọc xanh lá cây hiệu Wrangler
29280,Men,Apparel,Topwear,Shirts,Red,Summer,2012.0,Casual,Wrangler Men Western Spirit Red Shirt,Áo sơ mi nam Wrangler Western Spirit màu đỏ
12025,Men,Apparel,Topwear,Shirts,White,Fall,2011.0,Formal,Mark Taylor Men White & Blue Striped Shirt,Áo sơ mi sọc trắng xanh dành cho nam hiệu Mark Taylor
7167,Men,Apparel,Topwear,Shirts,Purple,Fall,2011.0,Casual,Scullers Men Scul Purple White Shirt,Áo sơ mi nam Scullers màu tím trắng
58809,Men,Apparel,Topwear,Shirts,White,Fall,2012.0,Casual,Highlander Men White Striped Shirt,Áo sơ mi sọc trắng Highlander dành cho nam
43304,Women,Apparel,Topwear,Shirts,White,Summer,2012.0,Casual,United Colors of Benetton Women White Shirt,Áo sơ mi trắng nữ hiệu United Colors of Benetton
22356,Men,Apparel,Topwear,Shirts,White,Fall,2011.0,Casual,John Players Men Solid White Shirt,Áo sơ mi trắng trơn dành cho nam của John Players
26045,Men,Apparel,Topwear,Shirts,Purple,Summer,2012.0,Formal,John Miller Men Purple Shirt,Áo sơ mi tím nam John Miller
11079,Men,Apparel,Topwear,Shirts,Green,Fall,2011.0,Casual,Scullers Men Check Green Shirts,Áo sơ mi kẻ caro xanh lá cây dành cho nam của đội Scullers
51417,Men,Apparel,Topwear,Shirts,Blue,Summer,2012.0,Casual,Myntra Men Blue Shirt,Áo sơ mi nam màu xanh dương Myntra
16541,Men,Apparel,Topwear,Shirts,Black,Fall,2011.0,Casual,Basics Men Black Slim Fit Checked Shirt,Áo sơ mi nam Basics màu đen dáng ôm kẻ caro
12011,Men,Apparel,Topwear,Shirts,Purple,Fall,2011.0,Formal,Mark Taylor Men Purple Striped Shirts,Áo sơ mi nam sọc tím hiệu Mark Taylor
12017,Men,Apparel,Topwear,Shirts,Purple,Fall,2011.0,Formal,Mark Taylor Men Purple White Striped Shirts,Áo sơ mi nam sọc tím trắng hiệu Mark Taylor
59833,Men,Apparel,Topwear,Shirts,Green,Summer,2012.0,Casual,United Colors of Benetton Men Green Shirt,Áo sơ mi nam màu xanh lá cây hiệu United Colors of Benetton
37794,Men,Apparel,Topwear,Shirts,Brown,Summer,2012.0,Formal,John Players Men Stripes Brown Shirt,Áo sơ mi nam kẻ sọc màu nâu hiệu John Players
6772,Men,Apparel,Topwear,Shirts,Green,Summer,2011.0,Casual,Timberland Men Claremont Popl Green Shirt,Áo sơ mi Timberland nam Claremont Popl màu xanh lá cây
33492,Men,Apparel,Topwear,Shirts,Blue,Summer,2012.0,Casual,Doodle Kids Boy Check Blue Shirt,Áo sơ mi kẻ caro xanh dương cho bé trai Doodle Kids
33249,Men,Apparel,Topwear,Shirts,White,Summer,2012.0,Formal,Arrow Men Blue Striped Shirt,Áo sơ mi sọc xanh dương Arrow Men
17719,Men,Apparel,Topwear,Shirts,White,Fall,2011.0,Casual,Reid & Taylor Men Check White Shirt,Áo sơ mi nam kẻ caro trắng Reid & Taylor
41586,Men,Apparel,Topwear,Shirts,White,Summer,2012.0,Casual,Basics Men White Striped Shirt,Áo sơ mi nam sọc trắng cơ bản
22354,Men,Apparel,Topwear,Shirts,Grey,Fall,2011.0,Casual,John Players Men Stripes Grey Shirt,Áo sơ mi nam kẻ sọc màu xám John Players
9455,Men,Apparel,Topwear,Shirts,Red,Fall,2011.0,Formal,John Miller Men Red Striped Shirt,Áo sơ mi sọc đỏ nam John Miller
9662,Men,Apparel,Topwear,Shirts,Blue,Fall,2011.0,Casual,Indigo Nation Men Reversible Bling Blue Shirts,Áo sơ mi nam hai mặt đính đá lấp lánh Indigo Nation màu xanh dương
5987,Men,Apparel,Topwear,Shirts,Black,Summer,2011.0,Casual,Highlander Men Black Striped Slim Fit Shirt,"Áo sơ mi nam Highlander màu đen sọc, dáng ôm."
24524,Men,Apparel,Topwear,Shirts,Black,Fall,2011.0,Casual,Mother Earth Men Black Shirt,Áo sơ mi đen nam Mother Earth
9469,Men,Apparel,Topwear,Shirts,White,Fall,2011.0,Formal,John Miller Men White Shirt,Áo sơ mi trắng nam John Miller
18305,Men,Apparel,Topwear,Shirts,Pink,Summer,2011.0,Casual,Wills Lifestyle Men Striped Pink Shirt,Áo sơ mi nam sọc hồng hiệu Wills Lifestyle
6611,Men,Apparel,Topwear,Shirts,Navy Blue,Summer,2011.0,Casual,Spykar Men Stripes Navy Blue Shirt,Áo sơ mi nam Spykar kẻ sọc màu xanh hải quân
53211,Men,Apparel,Topwear,Shirts,Blue,Summer,2012.0,Formal,Mark Taylor Men Blue Shirt,Áo sơ mi nam màu xanh dương hiệu Mark Taylor
27856,Women,Apparel,Topwear,Shirts,Red,Summer,2012.0,Casual,Scullers For Her Check Red Shirt,Áo sơ mi kẻ caro đỏ hiệu Scullers For Her
41605,Men,Apparel,Topwear,Shirts,Grey,Fall,2012.0,Casual,Basics Men Grey Shirt,Áo sơ mi nam màu xám cơ bản
12357,Men,Apparel,Topwear,Shirts,Blue,Fall,2011.0,Formal,Reid & Taylor Men Check Blue Shirts,Áo sơ mi nam kẻ caro xanh dương hiệu Reid & Taylor
10794,Men,Apparel,Topwear,Shirts,Navy Blue,Fall,2011.0,Casual,Wrangler Men Warnick Square Block Navy Blue Shirts,Áo sơ mi nam Wrangler Warnick Square Block màu xanh hải quân
19201,Men,Apparel,Topwear,Shirts,Black,Fall,2011.0,Casual,United Colors of Benetton Men Check Black Shirt,Áo sơ mi nam kẻ caro đen hiệu United Colors of Benetton
59301,Men,Apparel,Topwear,Shirts,Olive,Fall,2012.0,Casual,U.S. Polo Assn. Denim Co. Men Olive Shirt,Áo sơ mi nam màu ô liu hiệu U.S. Polo Assn. Denim Co.
27153,Men,Apparel,Topwear,Shirts,Green,Summer,2012.0,Formal,Mark Taylor Men Striped Green Shirt,Áo sơ mi nam sọc xanh lá cây hiệu Mark Taylor
22576,Men,Apparel,Topwear,Shirts,Purple,Fall,2011.0,Casual,Highlander Men Purple Check Shirt,Áo sơ mi kẻ caro tím Highlander dành cho nam
23196,Men,Apparel,Topwear,Shirts,Green,Fall,2011.0,Casual,Highlander Men Green Check Shirt,Áo sơ mi kẻ caro xanh lá cây dành cho nam giới Highlander
27871,Women,Apparel,Topwear,Shirts,White,Summer,2012.0,Casual,Scullers For Her Striped White Shirt,Scullers For Her Striped White Shirt
15967,Men,Apparel,Topwear,Shirts,Red,Fall,2011.0,Casual,Turtle Check Men Red Shirt,Áo sơ mi nam kẻ caro đỏ hình rùa
26800,Men,Apparel,Topwear,Shirts,Grey,Summer,2013.0,Formal,Arrow Men Grey Shirt,Áo sơ mi nam màu xám Arrow
15693,Men,Apparel,Topwear,Shirts,Blue,Fall,2011.0,Formal,Black coffee Men Micheal Blue Slim Fit Shirt,Áo sơ mi nam màu đen cà phê Michael Blue dáng ôm
8728,Men,Apparel,Topwear,Shirts,Purple,Fall,2011.0,Casual,Indigo Nation Men Checks Purple Shirts,Áo sơ mi nam kẻ caro màu tím Indigo Nation
27892,Women,Apparel,Topwear,Shirts,Black,Summer,2012.0,Formal,Scullers For Her Black Striped Shirt,Scullers For Her Black Striped Shirt
40129,Boys,Apparel,Topwear,Shirts,Navy Blue,Summer,2012.0,Casual,Gini and Jony BoysCore Navy Blue Shirt,Áo sơ mi xanh hải quân của Gini và Jony BoysCore
26367,Women,Apparel,Topwear,Shirts,Lavender,Summer,2012.0,,Arrow Woman Lavender Shirt,Áo sơ mi hoa oải hương Arrow Woman
9262,Men,Apparel,Topwear,Shirts,Blue,Fall,2011.0,Formal,Mark Taylor Men Blue Striped Shirt,Áo sơ mi sọc xanh dương nam hiệu Mark Taylor
17169,Men,Apparel,Topwear,Shirts,Maroon,Fall,2011.0,Casual,U.S. Polo Assn. Men Checks Maroon Shirt,Áo sơ mi nam kẻ caro màu đỏ tía hiệu U.S. Polo Assn.
51423,Men,Apparel,Topwear,Shirts,Orange,Summer,2012.0,Casual,Myntra Men Orange Check Shirt,Áo sơ mi nam kẻ caro màu cam Myntra
26390,Men,Apparel,Topwear,Shirts,Purple,Summer,2012.0,Formal,Turtle Men Check Purple Shirt,Áo sơ mi nam kẻ caro màu tím hiệu Turtle
9659,Men,Apparel,Topwear,Shirts,Blue,Fall,2011.0,Casual,Indigo Nation Men Reversible Bling Blue Shirts,Áo sơ mi nam hai mặt đính đá lấp lánh Indigo Nation màu xanh dương
21118,Men,Apparel,Topwear,Shirts,Olive,Fall,2011.0,Casual,s.Oliver Men Check Olive Shirt,Áo sơ mi nam kẻ caro màu ô liu hiệu S.Oliver
27542,Men,Apparel,Topwear,Shirts,Black,Summer,2012.0,Casual,Scullers Men Check Black Shirt,Áo sơ mi nam kẻ caro đen hiệu Scullers
29277,Women,Apparel,Topwear,Shirts,Blue,Summer,2012.0,Casual,Wrangler Women Salena Blue Shirt,Áo sơ mi nữ Wrangler Salena màu xanh dương
51426,Men,Apparel,Topwear,Shirts,White,Summer,2012.0,Casual,Myntra Men Red Check Shirt,Áo sơ mi nam kẻ caro đỏ Myntra
10814,Men,Apparel,Topwear,Shirts,Purple,Fall,2011.0,Casual,Wrangler Men Easter Bright Amslar Purple Shirt,Áo sơ mi nam Wrangler màu tím Amslar sáng dành cho lễ Phục sinh
23207,Men,Apparel,Topwear,Shirts,Blue,Fall,2011.0,Casual,Highlander Men Blue Check Shirt,Áo sơ mi nam kẻ caro xanh Highlander
14785,Men,Apparel,Topwear,Shirts,Navy Blue,Fall,2013.0,Formal,Arrow Men Stripes Navy Blue Shirts,Áo sơ mi nam Arrow kẻ sọc màu xanh hải quân
29696,Men,Apparel,Topwear,Shirts,Purple,Summer,2012.0,Formal,John Miller Men Striped Purple Shirt,Áo sơ mi sọc tím dành cho nam hiệu John Miller
57110,Women,Apparel,Topwear,Shirts,Blue,Summer,2012.0,Casual,Elle Women Blue Shirt,Áo sơ mi nữ màu xanh dương hiệu Elle
26063,Men,Apparel,Topwear,Shirts,Blue,Summer,2012.0,Formal,John Miller Men Striped Blue Shirt,Áo sơ mi nam sọc xanh John Miller
12245,Men,Apparel,Topwear,Shirts,Maroon,Winter,2011.0,Formal,Genesis Maroon Formal Shirt,Áo sơ mi công sở Genesis màu đỏ tía
37785,Men,Apparel,Topwear,Shirts,Blue,Summer,2012.0,Casual,John Players Men Gingham Blue Shirt,Áo sơ mi nam kẻ caro xanh John Players
7168,Men,Apparel,Topwear,Shirts,Blue,Fall,2011.0,Casual,Scullers Men Scul Blue White Shirt,Áo sơ mi nam Scullers màu xanh trắng
9072,Men,Apparel,Topwear,Shirts,White,Fall,2011.0,Formal,Mark Taylor Men Solid White Shirts,Áo sơ mi nam màu trắng trơn hiệu Mark Taylor
20131,Women,Apparel,Topwear,Shirts,Red,Fall,2011.0,Casual,Wrangler Women Double Red Shirt,Áo sơ mi nữ Wrangler Double Red
19692,Men,Apparel,Topwear,Shirts,Black,Fall,2011.0,Casual,United Colors of Benetton Men Solid Black Shirt,Áo sơ mi nam màu đen trơn hiệu United Colors of Benetton
20024,Men,Apparel,Topwear,Shirts,Red,Fall,2011.0,Casual,United Colors of Benetton Men Check Red Shirt,Áo sơ mi nam kẻ caro đỏ hiệu United Colors of Benetton
9639,Men,Apparel,Topwear,Shirts,Blue,Fall,2011.0,Casual,Indigo Nation Men Checks Blue Shirts,Áo sơ mi nam kẻ caro xanh dương hiệu Indigo Nation
11676,Men,Apparel,Topwear,Shirts,Blue,Fall,2011.0,Casual,Lee Men Check Blue Shirts,Áo sơ mi nam kẻ caro xanh dương hiệu Lee
8788,Men,Apparel,Topwear,Shirts,White,Fall,2011.0,Formal,Indigo Nation Men Price catch Red White Shirts,Áo sơ mi nam Indigo Nation màu đỏ trắng giá cả phải chăng
17546,Men,Apparel,Topwear,Shirts,Pink,Fall,2011.0,Formal,Mark Taylor Men Pink & White Striped Shirt,Áo sơ mi sọc hồng trắng nam hiệu Mark Taylor
9236,Men,Apparel,Topwear,Shirts,Brown,Fall,2011.0,Formal,Mark Taylor Men Brown Striped Shirt,Áo sơ mi sọc nâu nam hiệu Mark Taylor
9260,Men,Apparel,Topwear,Shirts,Blue,Fall,2011.0,Formal,Mark Taylor Men Blue Striped Shirt,Áo sơ mi sọc xanh dương nam hiệu Mark Taylor
16045,Men,Apparel,Topwear,Shirts,White,Fall,2011.0,Casual,Highlander Men Check White Shirt,Áo sơ mi nam kẻ caro trắng Highlander
14053,Men,Apparel,Topwear,Shirts,Blue,Fall,2011.0,Casual,Flying Machine Men Check  Blue Shirts,Áo sơ mi nam kẻ caro xanh dương hiệu Flying Machine
22800,Men,Apparel,Topwear,Shirts,Blue,Summer,2011.0,Casual,Locomotive Men Blue Check Shirt,Áo sơ mi kẻ caro xanh dương dành cho nam giới của hãng Locomotive
18974,Men,Apparel,Topwear,Shirts,Blue,Summer,2011.0,Casual,United Colors of Benetton Men Stripes Blue Shirt,Áo sơ mi nam kẻ sọc màu xanh dương hiệu United Colors of Benetton
31640,Men,Apparel,Topwear,Shirts,Blue,Summer,2012.0,Casual,Indigo Nation Men Check Blue Shirt,Áo sơ mi nam kẻ caro xanh dương hiệu Indigo Nation
37143,Men,Apparel,Topwear,Shirts,Blue,Summer,2012.0,Casual,Wills Lifestyle Men Blue Gingham Shirt,Áo sơ mi nam kẻ caro xanh Wills Lifestyle
13867,Men,Apparel,Topwear,Shirts,Red,Fall,2011.0,Casual,Scullers Men Check Red Shirts,Áo sơ mi kẻ caro đỏ dành cho nam vận động viên chèo thuyền
30228,Men,Apparel,Topwear,Shirts,Black,Summer,2012.0,Formal,John Miller Men Striped Black Shirt,Áo sơ mi nam sọc đen John Miller
27887,Women,Apparel,Topwear,Shirts,White,Summer,2012.0,Formal,Scullers For Her White Check Shirt,Áo sơ mi kẻ caro trắng Scullers For Her
13752,Men,Apparel,Topwear,Shirts,Blue,Fall,2011.0,Formal,Belmonte Men Check Blue Shirts,Áo sơ mi nam kẻ caro xanh dương hiệu Belmonte
48361,Men,Apparel,Topwear,Shirts,Blue,Summer,2012.0,Casual,French Connection Men Blue Shirt,Áo sơ mi nam màu xanh dương hiệu French Connection
27566,Men,Apparel,Topwear,Shirts,Blue,Summer,2012.0,Casual,Scullers Men Striped Blue Shirt,Áo sơ mi sọc xanh dương dành cho nam của đội Scullers
51401,Men,Apparel,Topwear,Shirts,Blue,Summer,2012.0,Casual,Myntra Men Blue and Yellow Check Shirt,Áo sơ mi nam kẻ caro xanh vàng Myntra
57296,Men,Apparel,Topwear,Shirts,White,Summer,2012.0,Casual,French Connection Men White Checks Shirt,Áo sơ mi nam kẻ caro trắng hiệu French Connection
18749,Women,Apparel,Topwear,Shirts,Red,Fall,2011.0,Casual,Arrow Woman Hallie Red Shirt,Nữ chiến binh Hallie mặc áo đỏ
12942,Men,Apparel,Topwear,Shirts,Blue,Fall,2011.0,Casual,Basics Men Blue Slim Fit Striped Shirt,Áo sơ mi nam Basics màu xanh dương dáng ôm kẻ sọc
9590,Men,Apparel,Topwear,Shirts,White,Fall,2011.0,Formal,Indigo Nation Men cotton White Shirts,Áo sơ mi nam màu trắng bằng cotton hiệu Indigo Nation
13487,Men,Apparel,Topwear,Shirts,Blue,Fall,2011.0,Casual,Spykar Men Stripes Blue Shirts,Áo sơ mi nam Spykar kẻ sọc màu xanh dương
10807,Men,Apparel,Topwear,Shirts,Black,Fall,2011.0,Casual,Wrangler Men Stampede Printed Stripe Black Shirts,Áo sơ mi nam Wrangler Stampede in họa tiết sọc đen.
8862,Men,Apparel,Topwear,Shirts,Green,Fall,2011.0,Casual,Mark Taylor Men Green Striped Shirt,Áo sơ mi sọc xanh lá cây nam hiệu Mark Taylor
19204,Men,Apparel,Topwear,Shirts,Green,Fall,2011.0,Casual,United Colors of Benetton Men Check Green Shirt,Áo sơ mi nam kẻ caro xanh lá cây hiệu United Colors of Benetton
41661,Men,Apparel,Topwear,Shirts,Blue,Summer,2012.0,Formal,Mark Taylor Men Blue Striped Shirt,Áo sơ mi sọc xanh dương nam hiệu Mark Taylor
13743,Men,Apparel,Topwear,Shirts,Black,Fall,2011.0,Casual,Belmonte Men Check Black Shirts,Áo sơ mi nam kẻ caro đen hiệu Belmonte
27874,Women,Apparel,Topwear,Shirts,Black,Summer,2012.0,Casual,Scullers For Her Striped Black Shirt,Áo sơ mi sọc đen Scullers dành cho cô ấy
16032,Men,Apparel,Topwear,Shirts,Grey,Fall,2011.0,Casual,Highlander Men Check Grey Shirt,Áo sơ mi nam kẻ caro màu xám Highlander
19703,Men,Apparel,Topwear,Shirts,Black,Fall,2011.0,Casual,United Colors of Benetton Men Stripes Black Shirt,Áo sơ mi nam kẻ sọc đen hiệu United Colors of Benetton
10813,Men,Apparel,Topwear,Shirts,Black,Fall,2011.0,Casual,Wrangler Men Dirt Rider Check Black Shirts,Áo sơ mi nam Wrangler Dirt Rider kẻ caro đen
12471,Men,Apparel,Topwear,Shirts,White,Fall,2011.0,Casual,Basics Men White Slim Fit Shirt,Áo sơ mi nam cơ bản màu trắng dáng ôm
11697,Men,Apparel,Topwear,Shirts,Blue,Fall,2011.0,Casual,Lee Men Check Blue Shirts,Áo sơ mi nam kẻ caro xanh dương hiệu Lee
8791,Men,Apparel,Topwear,Shirts,Blue,Fall,2011.0,Formal,Indigo Nation Men Price catch Blue White Shirts,Áo sơ mi nam Indigo Nation màu xanh trắng giá cả phải chăng
15968,Men,Apparel,Topwear,Shirts,Black,Fall,2011.0,Casual,Turtle Check Men Black Shirt,Áo sơ mi nam màu đen kẻ caro hình rùa
12180,Men,Apparel,Topwear,Shirts,White,Fall,2011.0,Casual,Basics Men White Slim Fit Checked Shirt,Áo sơ mi nam Basics màu trắng dáng ôm kẻ caro
13940,Men,Apparel,Topwear,Shirts,Grey,Fall,2011.0,Casual,United Colors of Benetton Men Check Grey Shirt,Áo sơ mi nam kẻ caro màu xám hiệu United Colors of Benetton
4974,Men,Apparel,Topwear,Shirts,Yellow,Summer,2011.0,Casual,Gini and Jony Boy's Kangaroo Yellow Infant Kidswear,Quần áo trẻ em màu vàng hình kangaroo của Gini và Jony dành cho bé trai.
17571,Men,Apparel,Topwear,Shirts,Blue,Fall,2011.0,Formal,Mark Taylor Men Blue & White Striped Shirt,Áo sơ mi nam sọc xanh trắng hiệu Mark Taylor
8586,Men,Apparel,Topwear,Shirts,Red,Fall,2011.0,Casual,Scullers Men Red Shirt,Áo sơ mi đỏ nam Scullers
9634,Men,Apparel,Topwear,Shirts,White,Fall,2011.0,Formal,Indigo Nation Men Price catch Black White Shirts,"Áo sơ mi nam Indigo Nation màu đen trắng, giá cả phải chăng."
22395,Men,Apparel,Topwear,Shirts,Blue,Fall,2011.0,Casual,Mark Taylor Men Striped Blue Shirt,Áo sơ mi nam sọc xanh Mark Taylor
51400,Men,Apparel,Topwear,Shirts,Yellow,Summer,2012.0,Formal,Myntra Men Yellow Shirt,Áo sơ mi nam màu vàng Myntra
30794,Men,Apparel,Topwear,Shirts,White,Summer,2012.0,Ethnic,Fabindia Men Printed White Shirt,Áo sơ mi nam in họa tiết màu trắng Fabindia
26065,Men,Apparel,Topwear,Shirts,Black,Summer,2012.0,Formal,John Miller Men Check Black Shirt,Áo sơ mi nam kẻ caro đen John Miller
27866,Women,Apparel,Topwear,Shirts,Purple,Summer,2012.0,Casual,Scullers For Her Striped Purple Shirt,Scullers For Her Striped Purple Shirt
26958,Women,Apparel,Topwear,Shirts,Teal,Summer,2012.0,Casual,Jealous 21 Women Teal Shirt,Áo sơ mi nữ màu xanh ngọc Jealous 21
2050,Men,Apparel,Topwear,Shirts,Black,Winter,2010.0,Casual,Lee Men Essential Black Shirt,Áo sơ mi nam Lee Essential màu đen
33553,Men,Apparel,Topwear,Shirts,Green,Summer,2012.0,Casual,Wrangler Men Exeter Check Green Shirt,Áo sơ mi nam Wrangler Exeter kẻ caro màu xanh lá cây
17168,Men,Apparel,Topwear,Shirts,Mustard,Fall,2011.0,Casual,U.S. Polo Assn. Men Checks Mustard Shirt,Áo sơ mi nam kẻ caro màu mù tạt hiệu U.S. Polo Assn.
26087,Men,Apparel,Topwear,Shirts,Purple,Summer,2012.0,Formal,John Miller Men Check Purple Shirt,Áo sơ mi nam kẻ caro màu tím hiệu John Miller
27862,Women,Apparel,Topwear,Shirts,Navy Blue,Summer,2012.0,Casual,Scullers For Her Women Check Navy Blue Shirt,Áo sơ mi nữ kẻ caro màu xanh hải quân hiệu Scullers For Her.
8472,Women,Apparel,Topwear,Shirts,Blue,Fall,2011.0,Casual,Scullers For Her Women Wow Woven Navy Blue Tops,Áo dệt màu xanh hải quân tuyệt đẹp dành cho nữ của Scullers For Her.
51403,Men,Apparel,Topwear,Shirts,Navy Blue,Summer,2012.0,Casual,Myntra Men Blue and White Check Shirt,Áo sơ mi nam kẻ caro xanh trắng Myntra
8871,Men,Apparel,Topwear,Shirts,Blue,Fall,2011.0,Casual,Mark Taylor Men Blue Striped Shirt,Áo sơ mi sọc xanh dương nam hiệu Mark Taylor
20164,Men,Apparel,Topwear,Shirts,Navy Blue,Fall,2011.0,Casual,Wrangler Men Easter Navy Blue Shirt,Áo sơ mi nam Wrangler màu xanh hải quân cho lễ Phục sinh
38823,Women,Apparel,Topwear,Shirts,Navy Blue,Fall,2012.0,Casual,Latin Quarters Women Navy Blue Shirt,Áo sơ mi nữ màu xanh hải quân của Latin Quarters
14526,Men,Apparel,Topwear,Shirts,Blue,Fall,2011.0,Formal,Mark Taylor Men Aqua Blue & White Grey Striped Shirt,Áo sơ mi nam Mark Taylor màu xanh ngọc và trắng xám kẻ sọc
14786,Men,Apparel,Topwear,Shirts,Purple,Fall,2011.0,Formal,Arrow Men Solid Purple Shirts,Áo sơ mi nam Arrow màu tím trơn
15090,Men,Apparel,Topwear,Shirts,White,Fall,2011.0,Casual,Mother Earth Men Check White Shirts,Áo sơ mi trắng kẻ caro dành cho nam giới - Mẹ Trái Đất
13459,Men,Apparel,Topwear,Shirts,Blue,Summer,2011.0,Casual,United Colors of Benetton Men Check Blue Shirts,Áo sơ mi nam kẻ caro xanh dương hiệu United Colors of Benetton
9454,Men,Apparel,Topwear,Shirts,White,Fall,2011.0,Formal,John Miller Men White Check Shirt,Áo sơ mi nam kẻ caro trắng John Miller
26114,Men,Apparel,Topwear,Shirts,Purple,Summer,2012.0,Formal,John Miller Men Purple Shirt,Áo sơ mi tím nam John Miller
17193,Men,Apparel,Topwear,Shirts,Navy Blue,Winter,2016.0,Casual,U.S. Polo Assn. Men Stripes Navy Blue Shirt,Áo sơ mi nam kẻ sọc màu xanh hải quân hiệu U.S. Polo Assn.
56770,Men,Apparel,Topwear,Shirts,Grey,Summer,2012.0,Casual,Horsefly Men Grey & Blue Striped Shirt,Áo sơ mi nam Horsefly kẻ sọc xám và xanh dương
12952,Men,Apparel,Topwear,Shirts,Blue,Fall,2011.0,Casual,Basics Men Blue Slim Fit Checked Shirt,Áo sơ mi nam Basics màu xanh dương dáng ôm kẻ caro
9064,Men,Apparel,Topwear,Shirts,Blue,Fall,2011.0,Formal,Mark Taylor Men Blue Striped Shirt,Áo sơ mi sọc xanh dương nam hiệu Mark Taylor
58765,Men,Apparel,Topwear,Shirts,Beige,Summer,2012.0,Casual,Locomotive Men Beige Shirt,Áo sơ mi nam màu be hiệu Locomotive
12304,Men,Apparel,Topwear,Shirts,Red,Fall,2011.0,Formal,Genesis Men Stripes Red Shirts,Áo sơ mi nam Genesis kẻ sọc đỏ
9881,Men,Apparel,Topwear,Shirts,Black,Fall,2011.0,Casual,Indigo Nation Men Club Poplin Black Shirts,Áo sơ mi nam Indigo Nation Men Club Poplin màu đen
27148,Men,Apparel,Topwear,Shirts,Grey,Summer,2012.0,Formal,Mark Taylor Men Striped Grey Shirt,Áo sơ mi nam sọc xám hiệu Mark Taylor
13320,Men,Apparel,Topwear,Shirts,Pink,Fall,2011.0,Casual,Gini and Jony Kids Boys Stripes Pink Shirts,Áo sơ mi kẻ sọc màu hồng dành cho bé trai của Gini and Jony Kids
33239,Men,Apparel,Topwear,Shirts,Black,Summer,2012.0,Formal,Arrow Men Black Striped Slim Fit Shirt,"Áo sơ mi nam Arrow màu đen sọc, dáng ôm."
9594,Men,Apparel,Topwear,Shirts,White,Fall,2011.0,Casual,Scullers Men Scul Red White Shirts,"Đội chèo thuyền nam, áo đỏ trắng."
23037,Men,Apparel,Topwear,Shirts,Black,Fall,2011.0,Formal,Arrow Men Black Striped Shirt,Áo sơ mi sọc đen Arrow dành cho nam
27534,Men,Apparel,Topwear,Shirts,Blue,Summer,2012.0,Casual,Scullers Men Check Blue Shirt,Áo sơ mi nam kẻ caro xanh dương hiệu Scullers
29639,Men,Apparel,Topwear,Shirts,White,Summer,2012.0,Casual,Indigo Nation Men White Shirt,Áo sơ mi trắng nam Indigo Nation
12731,Men,Apparel,Topwear,Shirts,Green,Fall,2011.0,Casual,Timberland Men Check Green Shirts,Áo sơ mi nam Timberland kẻ caro xanh lá cây
6320,Men,Apparel,Topwear,Shirts,Grey,Summer,2011.0,Casual,UCB Men Small Checks Yellow Shirt,Áo sơ mi nam UCB kẻ caro nhỏ màu vàng
7704,Women,Apparel,Topwear,Tops,Red,Fall,2011.0,Casual,Jealous 21 Women's She's Got Attitude Red Top,Áo đỏ Jealous 21 Women's Got Attitude
4920,Women,Apparel,Topwear,Tops,Pink,Summer,2011.0,Casual,Gini and Jony Girl's Veeya Pink Infant Kidswear,Bộ đồ trẻ em Veeya màu hồng của Gini và Jony Girl
30946,Women,Apparel,Topwear,Tops,Blue,Summer,2012.0,Ethnic,Fabindia Women Blue Cambric Top,Áo thun nữ Fabindia màu xanh chất liệu vải cambric
4884,Women,Apparel,Topwear,Tops,Purple,Summer,2011.0,Casual,Levis Kids Girl's Darcy Purple Teens Kidswear,"Quần áo trẻ em Levi's Kids Darcy màu tím dành cho bé gái, thích hợp cho thanh thiếu niên."
48504,Women,Apparel,Topwear,Tops,Blue,Summer,2012.0,Casual,French Connection Women Blue Top,Áo nữ màu xanh dương hiệu French Connection
38848,Women,Apparel,Topwear,Tops,Grey,Summer,2012.0,Casual,Latin Quarters Women Grey Top,Áo nữ màu xám khu phố Latinh
58007,Women,Apparel,Topwear,Tops,Mustard,Fall,2012.0,Casual,Latin Quarters Women Chartreuse Yellow Top,Áo màu vàng chanh dành cho nữ của Latin Quarters
34574,Women,Apparel,Topwear,Tops,Black,Summer,2012.0,Casual,Tonga Women Printed Black Top,Áo đen in họa tiết dành cho nữ Tonga
7154,Women,Apparel,Topwear,Tops,Grey,Fall,2011.0,Casual,Scullers For Her Women's Fashion Summer Lite Ash Grey Top,Áo kiểu mùa hè nhẹ màu xám tro của Scullers For Her dành cho nữ.
42235,Women,Apparel,Topwear,Tops,Black,Summer,2012.0,Casual,Sepia Women Black Top,Áo đen nữ Sepia
5012,Women,Apparel,Topwear,Tops,Pink,Summer,2011.0,Casual,Gini and Jony Girl's Peggy Pink Kidswear,Quần áo trẻ em Peggy Pink của Gini và Jony Girl
21416,Women,Apparel,Topwear,Tops,Pink,Winter,2012.0,Casual,Roxy Women Pink Top,Áo hồng nữ Roxy
26917,Women,Apparel,Topwear,Tops,Purple,Summer,2012.0,Casual,Jealous 21 Women Printed Purple Top,Áo thun nữ in họa tiết màu tím Jealous 21
40990,Girls,Apparel,Topwear,Tops,White,Summer,2012.0,Casual,Palm Tree Girls Milan White Top,Áo trắng Palm Tree Girls Milan
41972,Girls,Apparel,Topwear,Tops,Blue,Summer,2012.0,Casual,Gini and Jony Girls Summer Up Blue Top,Áo hè màu xanh dương của Gini và Jony dành cho các cô gái.
43624,Women,Apparel,Topwear,Tops,White,Summer,2012.0,Casual,Vero Moda Women White Top,Áo trắng nữ Vero Moda
33179,Women,Apparel,Topwear,Tops,Blue,Summer,2012.0,Casual,Sepia Women Blue Top,Áo nữ màu xanh Sepia
28473,Women,Apparel,Topwear,Tops,Turquoise Blue,Summer,2012.0,Casual,Urban Yoga Women Printed Turquoise Blue Top,Áo thun nữ Urban Yoga in họa tiết màu xanh ngọc lam
45949,Women,Apparel,Topwear,Tops,White,Summer,2012.0,Casual,Tokyo Talkies Women White Top,Áo trắng nữ Tokyo Talkies
25542,Women,Apparel,Topwear,Tops,Yellow,Summer,2012.0,Casual,Wrangler Women Striper Tank Yellow Top,Áo tank top kẻ sọc màu vàng hiệu Wrangler dành cho nữ.
38343,Girls,Apparel,Topwear,Tops,White,Summer,2012.0,Casual,Mr. Men Little Miss Girls White Tops,Ông Đàn Ông Cô Bé Áo Trắng
40409,Women,Apparel,Topwear,Tops,Black,Summer,2012.0,Casual,Tonga Women Black & Cream-Coloured Striped Top,Áo sọc đen kem dành cho nữ của Tonga
18173,Girls,Apparel,Topwear,Tops,Magenta,Fall,2011.0,Casual,Doodle Kids Girls Layer Magenta Top,Áo nhiều lớp màu hồng cánh sen cho bé gái Doodle Kids
16137,Women,Apparel,Topwear,Tops,Pink,Fall,2011.0,Casual,Tokyo Talkies Women Printed Pink Top,Áo nữ in họa tiết màu hồng hiệu Tokyo Talkies
33169,Women,Apparel,Topwear,Tops,Yellow,Summer,2012.0,Casual,Sepia Women Yellow Top,Áo nữ màu vàng Sepia
5130,Women,Apparel,Topwear,Tops,Black,Summer,2011.0,Casual,Wrangler Women Woodstock Black White Top,Áo thun nữ Wrangler Woodstock màu đen trắng
13443,Women,Apparel,Topwear,Tops,White,Summer,2011.0,Casual,United Colors of Benetton Women Solid White Tops,Áo nữ màu trắng trơn hiệu United Colors of Benetton
43924,Women,Apparel,Topwear,Tops,Grey,Summer,2012.0,Casual,Femella Women Grey Top,Áo nữ màu xám
43584,Girls,Apparel,Topwear,Tops,Pink,Summer,2012.0,Casual,Gini and Jony Girls Pink Top,Áo hồng cho bé gái Gini và Jony
4901,Women,Apparel,Topwear,Tops,Pink,Summer,2011.0,Casual,Levis Kids Girl's Desiree Pink Kidswear,Quần áo trẻ em Levi's Desiree màu hồng dành cho bé gái.
50705,Women,Apparel,Topwear,Tops,Cream,Summer,2012.0,Casual,Latin Quarters Women Cream Printed Top,Áo nữ in họa tiết màu kem của Latin Quarters
10336,Women,Apparel,Topwear,Tops,Black,Fall,2011.0,Casual,United Colors of Benetton Women Stripes Black Tops,Áo nữ kẻ sọc đen hiệu United Colors of Benetton
31122,Girls,Apparel,Topwear,Tops,White,Summer,2012.0,Casual,Gini and Jony Girls Printed White Top,Áo trắng in họa tiết Gini và Jony dành cho bé gái
5136,Women,Apparel,Topwear,Tops,Pink,Summer,2011.0,Casual,Wrangler Women Yoke Tucks Checks Pink White Top,Áo nữ Wrangler cổ chữ V xếp ly màu hồng trắng
7312,Women,Apparel,Topwear,Tops,Pink,Summer,2011.0,Casual,UCB Women's Short Sleeve Polo Pink Top,Áo polo ngắn tay màu hồng dành cho nữ hiệu UCB
26359,Women,Apparel,Topwear,Tops,Black,Summer,2012.0,Casual,Arrow Women Black Top,Áo đen nữ Arrow
39216,Women,Apparel,Topwear,Tops,Black,Summer,2012.0,Casual,Femella Women Animal Print One Shoulder Black & Brown Top,"Áo Femella nữ họa tiết da báo, lệch vai, màu đen và nâu."
57107,Women,Apparel,Topwear,Tops,Olive,Summer,2012.0,Casual,Elle Women Green Essentials Top,Áo Elle Women Green Essentials
12851,Women,Apparel,Topwear,Tops,Black,Fall,2011.0,Casual,Ant Kids Crystal Button Black Tops,Áo thun trẻ em Ant Kids màu đen cài cúc pha lê
18743,Women,Apparel,Topwear,Tops,Orange,Fall,2011.0,Casual,Arrow Woman Cameron Orange Top,Áo cam của nữ diễn viên Arrow Woman Cameron
19620,Women,Apparel,Topwear,Tops,Olive,Summer,2011.0,Casual,United Colors of Benetton Women Solid Olive Top,Áo nữ màu ô liu trơn hiệu United Colors of Benetton
41377,Women,Apparel,Topwear,Tops,Yellow,Summer,2012.0,Casual,Wrangler Women Yellow Maria Top,Áo Maria màu vàng dành cho nữ hiệu Wrangler
13295,Women,Apparel,Topwear,Tops,Pink,Fall,2011.0,Casual,Gini and Jony Kids Girls Printed Pink Tops,Áo thun in họa tiết màu hồng cho bé gái hiệu Gini and Jony Kids
41762,Women,Apparel,Topwear,Tops,Multi,Summer,2012.0,Casual,Remanika Women Multi Coloured Top,Áo nhiều màu sắc Remanika dành cho nữ
45981,Women,Apparel,Topwear,Tops,Grey Melange,Summer,2012.0,Casual,Tokyo Talkies Women Grey Melange Printed Top,Áo nữ Tokyo Talkies màu xám pha in họa tiết
7362,Women,Apparel,Topwear,Tops,Blue,Summer,2011.0,Casual,UCB Women's Graphic Print Sequins Blue Top,Áo nữ UCB in họa tiết đính sequin màu xanh dương
8492,Women,Apparel,Topwear,Tops,Peach,Fall,2011.0,Casual,Forever New Women Peony Peach Top,Áo kiểu hoa mẫu đơn màu đào Forever New dành cho nữ
17850,Women,Apparel,Topwear,Tops,Grey,Fall,2011.0,Casual,Flying Machine Women Sequins Grey Top,Áo nữ Flying Machine đính sequin màu xám
26890,Women,Apparel,Topwear,Tops,Pink,Summer,2012.0,Casual,Jealous 21 Women Printed Pink Top,Áo thun nữ in họa tiết màu hồng Jealous 21
24942,Girls,Apparel,Topwear,Tops,Black,Summer,2012.0,Casual,United Colors of Benetton Kids Girls Black Top,Áo thun đen cho bé gái hiệu United Colors of Benetton
18753,Women,Apparel,Topwear,Tops,Blue,Fall,2011.0,Casual,Arrow Woman Megan Blue Top,Áo Megan Blue của Arrow Woman
39231,Women,Apparel,Topwear,Tops,Peach,Summer,2012.0,Casual,Femella Women Peach Top,Áo nữ màu đào Femella
10715,Women,Apparel,Topwear,Tops,Black,Fall,2011.0,Casual,Nike Women Training sports bra Black Tops,"Áo ngực thể thao tập luyện Nike dành cho nữ, màu đen."
2956,Women,Apparel,Topwear,Tops,Yellow,Fall,2010.0,Casual,DUSG Women Rishikesh Organic Wheat Top,Áo nữ DUSG Rishikesh làm từ lúa mì hữu cơ.
39849,Girls,Apparel,Topwear,Tops,Blue,Summer,2012.0,Casual,Gini and Jony Girls Striped Blue Top,Áo sọc xanh dương dành cho bé gái Gini và Jony
50719,Girls,Apparel,Topwear,Tops,Red,Summer,2012.0,Casual,Doodle Girls Red Printed Top,Áo in họa tiết màu đỏ của Doodle Girls
4885,Women,Apparel,Topwear,Tops,Purple,Summer,2011.0,Casual,Levis Kids Girl's Darcy Purple Kidswear,Quần áo trẻ em Levi's Kids Darcy màu tím dành cho bé gái.
7206,Women,Apparel,Topwear,Tops,White,Fall,2011.0,Casual,Jealous 21 Women's Pink Flowers Offwhite Top,Áo nữ Jealous 21 màu trắng ngà với họa tiết hoa hồng
41785,Women,Apparel,Topwear,Tops,Purple,Summer,2012.0,Casual,Remanika Women Purple Top,Áo tím Remanika dành cho nữ
40423,Women,Apparel,Topwear,Tops,White,Summer,2012.0,Casual,Tonga Women White Top,Áo trắng dành cho nữ Tonga
7208,Women,Apparel,Topwear,Tops,White,Fall,2011.0,Casual,Jealous 21 Women's Flower Printed White Top,Áo trắng in hoa của Jealous 21 dành cho nữ
58514,Women,Apparel,Topwear,Tops,Grey,Summer,2012.0,Casual,Tonga Women Grey Top,Áo xám nữ Tonga
5009,Women,Apparel,Topwear,Tops,Blue,Summer,2011.0,Casual,Gini and Jony Girl's Pacey Blue Kidswear,Quần áo trẻ em Pacey Blue của Gini và Jony Girl
9156,Women,Apparel,Topwear,Tops,Purple,Fall,2011.0,Casual,Jealous 21 Women Lavender Purple Tops,Áo nữ màu tím oải hương Jealous 21
48090,Women,Apparel,Topwear,Tops,Olive,Summer,2012.0,Casual,French Connection Women Olive Top,Áo Olive dành cho nữ của French Connection
14136,Women,Apparel,Topwear,Tops,Black,Summer,2011.0,Casual,Jealous 21 Women Stripes Black Tops,Áo nữ kẻ sọc đen Jealous 21
5108,Women,Apparel,Topwear,Tops,Blue,Summer,2011.0,Casual,Wrangler Women Yoke Tucks Check Blue Black Top,Áo thun nữ Wrangler cổ chữ V màu xanh đen kẻ sọc
7304,Women,Apparel,Topwear,Tops,Pink,Summer,2011.0,Casual,UCB Women's Short Sleeve Pink Top,Áo ngắn tay màu hồng dành cho nữ của UCB
42245,Women,Apparel,Topwear,Tops,Pink,Summer,2012.0,Casual,Sepia Women Pink Top,Áo hồng Sepia dành cho nữ
10677,Women,Apparel,Topwear,Tops,Pink,Fall,2011.0,Casual,Doodle Girl Flap doodle angel Pink Tops,"Cô gái vẽ nguệch ngoạc, thiên thần vẽ nguệch ngoạc, Áo hồng"
33540,Women,Apparel,Topwear,Tops,Red,Summer,2012.0,Casual,Wrangler Women Maddy Red Top,Áo thun nữ Wrangler Maddy màu đỏ
51458,Women,Apparel,Topwear,Tops,Black,Summer,2012.0,Casual,Tonga Women Black Top,Áo đen nữ Tonga
6897,Women,Apparel,Topwear,Tops,Cream,Summer,2011.0,Casual,Forever New Women Embellishments Cream Top,Áo nữ Forever New màu kem đính họa tiết
35445,Girls,Apparel,Topwear,Tops,Pink,Summer,2012.0,Casual,Doodle Girls Pink Top,Áo hồng Doodle Girls
58498,Women,Apparel,Topwear,Tops,White,Summer,2012.0,Casual,Tonga Women Printed White Top,Áo trắng in họa tiết dành cho nữ Tonga
33762,Women,Apparel,Topwear,Tops,Pink,Summer,2012.0,Casual,Vero Moda Women Viva Pink Top,Áo hồng Vero Moda Viva dành cho nữ
34001,Women,Apparel,Topwear,Tops,Brown,Summer,2012.0,Casual,Femella Women Brown Top,Áo nâu Femella dành cho nữ
31783,Women,Apparel,Topwear,Tops,Purple,Summer,2012.0,Casual,Lee Women Purple Paula Pansy Top,Áo nữ Lee màu tím Paula Pansy
34094,Girls,Apparel,Topwear,Tops,Lime Green,Summer,2012.0,Casual,Doodle Girls Printed Lime Green Top,Áo thun in hình Doodle Girls màu xanh lá chanh
23053,Women,Apparel,Topwear,Tops,Purple,Fall,2011.0,Casual,Arrow Woman Purple Printed Top,Áo in họa tiết màu tím của Arrow Woman
35984,Women,Apparel,Topwear,Tops,Blue,Summer,2012.0,Casual,Flying Machine Women Printed Cobalt Blue Top,Áo nữ in họa tiết Flying Machine màu xanh coban
27854,Women,Apparel,Topwear,Tops,Maroon,Summer,2012.0,Casual,Scullers For Her Women Maroon Top,Áo thun nữ màu đỏ tía hiệu Scullers For Her
24924,Women,Apparel,Topwear,Tops,Blue,Summer,2012.0,Casual,United Colors of Benetton Women Blue Top,Áo nữ màu xanh dương của United Colors of Benetton
43688,Girls,Apparel,Topwear,Tops,Pink,Summer,2012.0,Casual,Doodle Girls Pink Top,Áo hồng Doodle Girls
42218,Women,Apparel,Topwear,Tops,Blue,Summer,2012.0,Casual,Sepia Women Blue Printed Top,Áo nữ Sepia in họa tiết màu xanh dương
7313,Women,Apparel,Topwear,Tops,White,Summer,2011.0,Casual,UCB Women Sleeveless White Top,Áo trắng không tay dành cho nữ UCB
19615,Women,Apparel,Topwear,Tops,Olive,Summer,2011.0,Casual,United Colors of Benetton Women Solid Olive Top,Áo nữ màu ô liu trơn hiệu United Colors of Benetton
7203,Women,Apparel,Topwear,Tops,Blue,Fall,2011.0,Casual,Jealous 21 Women Lady With The Hat Blue Top,"Người phụ nữ ghen tuông 21 tuổi, quý bà đội mũ, áo xanh"
5759,Women,Apparel,Topwear,Tops,Black,Summer,2011.0,Casual,Jealous 21 Women Black Party Top,Áo dự tiệc màu đen Jealous 21 dành cho nữ
11755,Women,Apparel,Topwear,Tops,White,Summer,2011.0,Casual,Lee Women Solid White Shirts,Áo sơ mi nữ màu trắng trơn hiệu Lee
11439,Women,Apparel,Topwear,Tops,Navy Blue,Fall,2011.0,Casual,United Colors of Benetton Women Solid Navy Blue Top,Áo nữ màu xanh hải quân trơn hiệu United Colors of Benetton
5109,Women,Apparel,Topwear,Tops,Black,Summer,2011.0,Casual,Wrangler Women Long Polka White Red Top,Áo dài nữ Wrangler chấm bi trắng đỏ
19593,Women,Apparel,Topwear,Tops,Brown,Fall,2011.0,Casual,United Colors of Benetton Women Printed Brown Top,Áo nữ màu nâu in họa tiết của United Colors of Benetton
31792,Women,Apparel,Topwear,Tops,Orange,Summer,2012.0,Casual,Lee Women Apple Coral Top,Áo nữ Lee màu san hô táo
13335,Women,Apparel,Topwear,Tops,Pink,Fall,2011.0,Casual,Gini and Jony Kids Girls Printed Pink Tops,Áo thun in họa tiết màu hồng cho bé gái hiệu Gini and Jony Kids
3967,Women,Apparel,Topwear,Tops,Pink,Summer,2011.0,Casual,Jealous 21 Women Pink & Beige Long Top,Áo dài màu hồng và be hiệu Jealous 21 dành cho nữ.
57817,Women,Apparel,Topwear,Tops,Green,Fall,2012.0,Casual,United Colors of Benetton Women Green Top,Áo nữ màu xanh lá cây của United Colors of Benetton
26921,Women,Apparel,Topwear,Tops,Black,Summer,2012.0,Casual,Jealous 21 Women Black Top,Áo đen nữ Jealous 21
44703,Women,Apparel,Topwear,Tops,Cream,Summer,2012.0,Casual,Wills Lifestyle Women Cream Top,Áo nữ màu kem hiệu Wills Lifestyle
52164,Women,Apparel,Topwear,Tops,Purple,Summer,2012.0,Casual,Femella Women Purple Top,Áo tím dành cho nữ
4907,Women,Apparel,Topwear,Tops,Green,Summer,2011.0,Casual,Palm Tree Girl's Linnea White Green Kidswear,Quần áo trẻ em Linnea màu trắng xanh của Palm Tree Girl
44810,Women,Apparel,Topwear,Tops,Purple,Summer,2012.0,Casual,Spykar Women Purple Top,Áo nữ Spykar màu tím
9332,Women,Apparel,Topwear,Tops,White,Fall,2011.0,Casual,Puma Women Ess Striped White Tops,Áo thun nữ Puma Ess kẻ sọc trắng
48492,Women,Apparel,Topwear,Tops,Beige,Winter,2011.0,Casual,French Connection Women Beige Top,Áo nữ màu be hiệu French Connection
38331,Girls,Apparel,Topwear,Tops,White,Summer,2012.0,Casual,Hannah Montana Girls White Top,Áo trắng Hannah Montana cho bé gái
59872,Women,Apparel,Topwear,Tops,Grey,Fall,2012.0,Casual,Femella Women Grey Top,Áo nữ màu xám
5794,Women,Apparel,Topwear,Tops,Black,Summer,2011.0,Casual,Jealous 21 Women Party Black Top,Áo đen dự tiệc Jealous 21 dành cho nữ
4618,Women,Apparel,Topwear,Tops,Pink,Summer,2011.0,Casual,Jealous 21 Women Knit Design Pink Top,Áo thun dệt kim màu hồng thiết kế Jealous 21 dành cho nữ
18734,Women,Apparel,Topwear,Tops,Off White,Fall,2011.0,Casual,Arrow Woman Bow Off White Top,Áo trắng ngà có nơ hình cung tên của nữ
57111,Women,Apparel,Topwear,Tops,Blue,Summer,2012.0,Casual,Elle Women Blue Top,Áo nữ Elle màu xanh dương
59130,Men,Apparel,Topwear,Jackets,Black,Summer,2012.0,Casual,Just Natural Men Black Jacket,Áo khoác đen nam Just Natural
7686,Men,Apparel,Topwear,Jackets,Red,Fall,2011.0,Sports,Puma Men Alonso Track Red Ferrari Jacket,Áo khoác Puma Alonso Track Red Ferrari dành cho nam
6478,Men,Apparel,Topwear,Jackets,Grey,Summer,2011.0,Casual,ADIDAS Men Top Grey Jacket,Áo khoác nam ADIDAS màu xám
36208,Boys,Apparel,Topwear,Jackets,Black,Summer,2012.0,Casual,Gini Jony Boys Black Jacket,Áo khoác đen Gini Jony dành cho bé trai
17629,Men,Apparel,Topwear,Jackets,Blue,Fall,2011.0,Casual,ADIDAS Men Solid Blue Jacket,Áo khoác nam ADIDAS màu xanh trơn
8478,Women,Apparel,Topwear,Jackets,Blue,Fall,2011.0,Casual,Forever New Women Vintage Blue Jackets,Áo khoác nữ màu xanh cổ điển Forever New
19012,Women,Apparel,Topwear,Jackets,Pink,Summer,2011.0,Casual,ADIDAS Originals Women Supergirl TT Pink Jacket,Áo khoác nữ ADIDAS Originals Supergirl TT màu hồng
13835,Men,Apparel,Topwear,Jackets,Black,Summer,2012.0,Sports,Nike Men Solid Black Jackets,Áo khoác nam Nike màu đen trơn
1622,Men,Apparel,Topwear,Jackets,Navy Blue,Summer,2016.0,Casual,Reebok Navy Knit Rib Jacket,Áo khoác Reebok Navy Knit Rib Jacket
46121,Women,Apparel,Topwear,Jackets,Black,Summer,2015.0,Casual,Wildcraft Women Black Jacket,Áo khoác đen nữ Wildcraft
15014,Men,Apparel,Topwear,Jackets,Black,Fall,2011.0,Sports,ADIDAS Men Solid Black Jackets,Áo khoác nam ADIDAS màu đen trơn
14322,Men,Apparel,Topwear,Jackets,Black,Fall,2011.0,Sports,ADIDAS Men Solid Black Jackets,Áo khoác nam ADIDAS màu đen trơn
11368,Women,Apparel,Topwear,Jackets,Black,Fall,2011.0,Casual,United Colors Of Benetton Women Light Winter Black Jackets,Áo khoác mùa đông mỏng màu đen dành cho nữ của United Colors Of Benetton
53435,Men,Apparel,Topwear,Jackets,Black,Summer,2012.0,Sports,ADIDAS Men Black Jacket,Áo khoác đen nam ADIDAS
59112,Men,Apparel,Topwear,Jackets,Olive,Summer,2012.0,Casual,Just Natural Men Olive Jacket,Áo khoác màu ô liu Just Natural dành cho nam
3323,Men,Apparel,Topwear,Jackets,Blue,Summer,2011.0,Sports,KKR Mens Fangear Tee,Áo thun nam KKR Fangear
16196,Men,Apparel,Topwear,Jackets,Red,Fall,2011.0,Sports,Puma Men Heroes Red Jackets,Áo khoác đỏ Puma Heroes dành cho nam
1584,Unisex,Apparel,Topwear,Jackets,White,Summer,2011.0,Casual,Domyos Unisex Feather-light Jacket,Áo khoác siêu nhẹ Domyos Unisex
1530,Men,Apparel,Topwear,Jackets,Red,Fall,2010.0,Sports,Puma Men Ferrari Track Jacket,Áo khoác thể thao Puma Ferrari dành cho nam
9947,Men,Apparel,Topwear,Jackets,Blue,Fall,2011.0,Sports,ADIDAS Men Torment Blue Jackets,Áo khoác nam ADIDAS Torment màu xanh dương
19004,Women,Apparel,Topwear,Jackets,Red,Summer,2011.0,Casual,ADIDAS Originals Women Firebird Red Jacket,Áo khoác nữ ADIDAS Originals Firebird màu đỏ
40051,Men,Apparel,Topwear,Jackets,Navy Blue,Fall,2013.0,Sports,ADIDAS Men Navy Messi Track Jacket,Áo khoác thể thao nam Adidas Messi màu xanh navy
14960,Men,Apparel,Topwear,Jackets,Blue,Fall,2011.0,Casual,Status Quo Men Printed Blue Jackets,Áo khoác nam in họa tiết màu xanh dương hiệu Status Quo
46412,Men,Apparel,Topwear,Jackets,White,Summer,2012.0,Sports,ADIDAS Men White & Blue Jacket,Áo khoác nam ADIDAS màu trắng và xanh dương
59117,Men,Apparel,Topwear,Jackets,Black,Summer,2012.0,Casual,Just Natural Men Black & Grey Reversible Jacket,Áo khoác nam Just Natural màu đen và xám hai mặt
13240,Men,Apparel,Topwear,Jackets,White,Fall,2011.0,Casual,Palm Tree Kids Boys Solid White Jackets,Áo khoác trắng trơn cho bé trai hiệu Palm Tree
17151,Men,Apparel,Topwear,Jackets,Navy Blue,Winter,2016.0,Casual,U.S. Polo Assn. Men Solid Navy Blue Jacket,Áo khoác nam màu xanh hải quân trơn hiệu U.S. Polo Assn.
14961,Men,Apparel,Topwear,Jackets,Red,Fall,2011.0,Casual,Status Quo Men Printed Red Jackets,Áo khoác nam in họa tiết màu đỏ hiệu Status Quo
57064,Women,Apparel,Topwear,Jackets,Black,Summer,2012.0,Casual,Elle Women Black Jacket,Áo khoác đen nữ Elle
1658,Men,Apparel,Topwear,Jackets,Blue,Fall,2012.0,Sports,Nike Men Windrunner Blue Jacket,Nike Men Windrunner Blue Jacket
9771,Men,Apparel,Topwear,Jackets,Blue,Fall,2011.0,Casual,ADIDAS Men Adna Blue Jackets,Áo khoác nam ADIDAS Adna màu xanh dương
15966,Men,Apparel,Topwear,Jackets,Grey,Fall,2011.0,Casual,Turtle Solid Men Grey Jacket,Áo khoác nam màu xám Turtle Solid
20791,Men,Apparel,Topwear,Jackets,Black,Fall,2011.0,Casual,Basics Men Black Blazer Jacket,Áo khoác blazer nam màu đen cơ bản
17150,Men,Apparel,Topwear,Jackets,Red,Winter,2016.0,Casual,U.S. Polo Assn. Men Solid Red Jacket,Áo khoác nam màu đỏ trơn hiệu U.S. Polo Assn.
40922,Boys,Apparel,Topwear,Jackets,Blue,Summer,2012.0,Casual,Gini and Jony Boys Rodeo Blue Jacket,Áo khoác xanh dương kiểu Rodeo của Gini và Jony Boys
22316,Men,Apparel,Topwear,Jackets,Grey,Fall,2011.0,Casual,Wildcraft Men Solid Grey Jacket,Áo khoác nam Wildcraft màu xám trơn
12808,Men,Apparel,Topwear,Jackets,Blue,Fall,2011.0,Sports,Nike Men Zip Pocket Blue Jackets,Áo khoác nam Nike màu xanh dương có túi khóa kéo
22317,Men,Apparel,Topwear,Jackets,Khaki,Fall,2011.0,Casual,Wildcraft Men Solid Khaki Jacket,Áo khoác kaki trơn Wildcraft dành cho nam
20790,Men,Apparel,Topwear,Jackets,Blue,Fall,2011.0,Casual,Basics Men Blue Washed Jacket,Áo khoác nam Basics màu xanh bạc màu
15464,Men,Apparel,Topwear,Jackets,Black,Fall,2011.0,Casual,Puma Men Frost HD Black Jackets,Áo khoác nam Puma Frost HD màu đen
9946,Men,Apparel,Topwear,Sweaters,Black,Fall,2011.0,Sports,ADIDAS Men Frnt Str Black Sweaters,"Áo len nam Adidas màu đen, hàng công."
20218,Men,Apparel,Topwear,Sweaters,Charcoal,Fall,2011.0,Casual,Wrangler Men Rib Charcoal Sweater,Áo len nam Wrangler màu than chì có gân
14993,Men,Apparel,Topwear,Sweaters,Grey,Fall,2011.0,Casual,ADIDAS Men Stripes Grey Sweaters,Áo len nam kẻ sọc màu xám ADIDAS
23068,Men,Apparel,Topwear,Sweaters,Blue,Fall,2011.0,Casual,Arrow Men Blue Check Sweater,Áo len nam Arrow kẻ caro xanh dương
18627,Men,Apparel,Topwear,Sweaters,Red,Fall,2011.0,Casual,Puma Men Striped Full Zip Red Sweaters,"Áo len nam Puma kẻ sọc, khóa kéo toàn thân, màu đỏ."
20303,Women,Apparel,Topwear,Sweaters,Purple,Fall,2011.0,Casual,Jealous 21 Women Solid Purple Sweater,Áo len nữ màu tím trơn Jealous 21
12917,Men,Apparel,Topwear,Sweaters,White,Fall,2011.0,Casual,Spykar Men Stripe White Sweaters,Áo len nam Spykar kẻ sọc trắng
17195,Men,Apparel,Topwear,Sweaters,Green,Winter,2016.0,Casual,U.S. Polo Assn. Men Stripes Green Sweater,Áo len nam kẻ sọc màu xanh lá cây hiệu U.S. Polo Assn.
23668,Men,Apparel,Topwear,Sweaters,Black,Fall,2011.0,Casual,Spykar Men Black Sweaters,Áo len đen nam Spykar
19519,Men,Apparel,Topwear,Sweaters,Black,Fall,2011.0,Casual,United Colors of Benetton Men Stripes Black Sweater,Áo len nam kẻ sọc đen hiệu United Colors of Benetton
16005,Men,Apparel,Topwear,Sweaters,Grey,Fall,2011.0,Casual,Turtle Stripes Men Grey Sweaters,Áo len nam màu xám kẻ sọc hình rùa
20788,Men,Apparel,Topwear,Sweaters,Maroon,Fall,2011.0,Casual,Genesis Men Solid Maroon Sweater,Áo len nam Genesis màu đỏ sẫm trơn
13520,Women,Apparel,Topwear,Sweaters,Purple,Fall,2011.0,Casual,Jealous 21 Women Solid Purple Sweaters,Áo len nữ màu tím trơn Jealous 21
19530,Men,Apparel,Topwear,Sweaters,Navy Blue,Fall,2011.0,Casual,United Colors of Benetton Men Stripes Navy Blue Sweater,Áo len nam kẻ sọc màu xanh hải quân hiệu United Colors of Benetton
20223,Women,Apparel,Topwear,Sweaters,Navy Blue,Fall,2011.0,Casual,Wrangler Women Scoop Navy Blue Sleeveless Sweater,Áo len không tay cổ tròn màu xanh hải quân dành cho nữ hiệu Wrangler.
32571,Women,Apparel,Topwear,Sweaters,Grey,Summer,2012.0,Casual,ONLY Women Magenta & Grey Sweater,Áo len màu hồng cánh sen và xám dành riêng cho nữ.
13799,Men,Apparel,Topwear,Sweaters,Purple,Fall,2011.0,Casual,Proline Purple Striped Sweater,Áo len sọc tím Proline
13786,Men,Apparel,Topwear,Sweaters,Grey,Fall,2011.0,Casual,Proline Grey Sweater with Knitted Stripes,Áo len Proline màu xám với họa tiết sọc dệt kim
11094,Women,Apparel,Topwear,Sweaters,Black,Fall,2011.0,Casual,Scullers Women Stripes Black Sweaters,Áo len nữ kẻ sọc đen hiệu Scullers
14081,Men,Apparel,Topwear,Sweaters,Green,Fall,2011.0,Casual,Flying Machine Men Solid Green Sweaters,Áo len nam màu xanh lá cây trơn hiệu Flying Machine
14323,Women,Apparel,Topwear,Sweaters,White,Fall,2011.0,Casual,ADIDAS Women Stripes White Sweaters,Áo len nữ kẻ sọc trắng ADIDAS
18966,Men,Apparel,Topwear,Sweaters,Green,Summer,2011.0,Casual,United Colors of Benetton Men Printed Green Sweater,Áo len nam màu xanh lá cây in họa tiết của United Colors of Benetton
16194,Men,Apparel,Topwear,Sweaters,Grey,Fall,2011.0,Casual,Puma Men Stripped SL Grey Sweater,Áo len nam Puma kẻ sọc SL màu xám
16192,Men,Apparel,Topwear,Sweaters,Grey,Fall,2011.0,Casual,Puma Men Knitted Vest Grey Sweater,Áo vest dệt kim màu xám dành cho nam hiệu Puma.
19964,Men,Apparel,Topwear,Sweaters,Grey,Fall,2011.0,Casual,United Colors of Benetton Men Stripes Grey Sweater,Áo len nam kẻ sọc màu xám hiệu United Colors of Benetton
22627,Men,Apparel,Topwear,Sweaters,White,Fall,2011.0,Sports,Nike Men White Sweater,Áo len trắng nam Nike
14991,Men,Apparel,Topwear,Sweaters,Green,Fall,2011.0,Casual,ADIDAS Men Solid Green Sweaters,Áo len nam ADIDAS màu xanh lá cây trơn
20383,Men,Apparel,Topwear,Sweaters,White,Fall,2011.0,Casual,Spykar Men Solid White Sweater,Áo len nam Spykar màu trắng trơn
18200,Women,Apparel,Topwear,Sweaters,Red,Fall,2011.0,Casual,Jealous 21 Women Stripes Red Sweater,Áo len nữ kẻ sọc đỏ Jealous 21
19393,Men,Apparel,Topwear,Sweaters,Green,Summer,2011.0,Casual,ADIDAS Men Stripes Green Sweater,Áo len nam Adidas kẻ sọc màu xanh lá cây
15370,Women,Apparel,Topwear,Sweatshirts,Pink,Fall,2011.0,Casual,Urban Yoga Women Solid Pink Sweatshirts,Áo nỉ nữ Urban Yoga màu hồng trơn
23145,Women,Apparel,Topwear,Sweatshirts,Off White,Fall,2011.0,Casual,Quechua Women  Fleece Off-White Sweatshirt,Áo nỉ nữ Quechua màu trắng ngà
19324,Men,Apparel,Topwear,Sweatshirts,Maroon,Fall,2011.0,Casual,Myntra Men Solid Maroon Sweatshirt,Áo nỉ nam Myntra màu đỏ sẫm trơn
11402,Men,Apparel,Topwear,Sweatshirts,Black,Fall,2011.0,Casual,United Colors of Benetton Men Winter Black Sweatshirts,Áo nỉ nam mùa đông màu đen hiệu United Colors of Benetton
16442,Men,Apparel,Topwear,Sweatshirts,Black,Fall,2011.0,Casual,Levis Men Printed Black Sweatshirts,Áo nỉ nam Levi's in họa tiết màu đen
23119,Men,Apparel,Topwear,Sweatshirts,Grey,Fall,2011.0,Casual,Quechua Men Warm Fleece Grey Sweatshirt,Áo nỉ ấm áp màu xám Quechua dành cho nam
16233,Men,Apparel,Topwear,Sweatshirts,Grey,Fall,2011.0,Casual,Puma Men Ess Crew Grey Sweatshirt,Áo nỉ cổ tròn màu xám Puma dành cho nam
16557,Men,Apparel,Topwear,Sweatshirts,Navy Blue,Fall,2011.0,Casual,Basics Men Navy Printed Sweatshirt,Áo nỉ nam Basics màu xanh hải quân in họa tiết
20378,Women,Apparel,Topwear,Sweatshirts,Black,Fall,2011.0,Sports,Urban Yoga Women Printed Black Sweatshirt,Áo sweatshirt nữ in họa tiết màu đen của Urban Yoga
15625,Men,Apparel,Topwear,Sweatshirts,Grey,Summer,2012.0,Casual,Nike Men AS Squad FT LS Crew Grey Sweatshirts,"Áo nỉ dài tay cổ tròn màu xám Nike dành cho nam, thương hiệu AS Squad FT."
23139,Men,Apparel,Topwear,Sweatshirts,Olive,Fall,2011.0,Casual,Quechua Men Fleece Olive Sweatshirt,Áo nỉ nam Quechua màu ô liu
13091,Men,Apparel,Topwear,Sweatshirts,Grey,Fall,2011.0,Casual,ADIDAS Men Cr_Ess 3sfzhood Grey Sweatshirts,Áo nỉ nam ADIDAS Cr_Ess 3sfzhood màu xám
16556,Men,Apparel,Topwear,Sweatshirts,Grey,Fall,2011.0,Casual,Basics Men Grey Printed Sweatshirt,Áo nỉ nam Basics màu xám in họa tiết
20209,Women,Apparel,Topwear,Sweatshirts,Purple,Fall,2011.0,Casual,Wrangler Women Cowl Purple Sweatshirt,Áo nỉ cổ đổ màu tím dành cho nữ hiệu Wrangler
21725,Men,Apparel,Topwear,Sweatshirts,Navy Blue,Fall,2011.0,Casual,ADIDAS Men Navy Blue Sweatshirt,Áo nỉ nam ADIDAS màu xanh hải quân
19816,Men,Apparel,Topwear,Sweatshirts,Grey,Fall,2011.0,Casual,U.S. Polo Assn. Men Solid Grey Sweatshirt,Áo nỉ nam màu xám trơn hiệu U.S. Polo Assn.
24304,Men,Apparel,Topwear,Sweatshirts,Black,Fall,2011.0,Casual,ADIDAS Men Printed Black Sweatshirt,Áo nỉ nam in họa tiết màu đen hiệu ADIDAS
24288,Men,Apparel,Topwear,Sweatshirts,Grey,Summer,2012.0,Casual,Quiksilver Men Grey Sweatshirt,Áo nỉ nam Quiksilver màu xám
1603,Men,Apparel,Topwear,Sweatshirts,Navy Blue,Fall,2010.0,Casual,Reebok Men Hoops Athletic Navy Sweatshirt,Áo nỉ thể thao Reebok nam màu xanh hải quân
22591,Men,Apparel,Topwear,Sweatshirts,Grey,Fall,2011.0,Casual,Nike Men Stripes Grey Sweatshirt,Áo nỉ nam Nike kẻ sọc màu xám
14307,Men,Apparel,Topwear,Sweatshirts,White,Fall,2011.0,Casual,ADIDAS Men Printed White Sweatshirts,Áo nỉ nam Adidas màu trắng in họa tiết
20341,Men,Apparel,Topwear,Sweatshirts,Grey,Fall,2011.0,Casual,Proline Men Solid Grey Sweatshirt,Áo nỉ nam Proline màu xám trơn
14581,Men,Apparel,Topwear,Sweatshirts,Brown,Fall,2011.0,Casual,United Colors of Benetton Men Solid Brown Sweatshirts,Áo nỉ nam màu nâu trơn hiệu United Colors of Benetton
19811,Men,Apparel,Topwear,Sweatshirts,Black,Fall,2011.0,Casual,U.S. Polo Assn. Men Solid Black Sweatshirt,Áo nỉ nam màu đen trơn hiệu U.S. Polo Assn.
14984,Men,Apparel,Topwear,Sweatshirts,Black,Fall,2011.0,Sports,ADIDAS Men Real Madrid Black Sweatshirts,Áo nỉ nam Adidas Real Madrid màu đen
20194,Men,Apparel,Topwear,Sweatshirts,White,Fall,2011.0,Casual,Wrangler Men Seattle Embro White Sweatshirt,Áo nỉ trắng thêu Seattle của Wrangler dành cho nam.
14924,Men,Apparel,Topwear,Sweatshirts,Green,Fall,2011.0,Casual,Mr. Men Green Sweatshirt,Áo nỉ màu xanh lá cây hiệu Mr. Men
11530,Men,Apparel,Topwear,Sweatshirts,Green,Fall,2011.0,Casual,United Colors of Benetton Men Light Winter Green Sweatshirts,Áo nỉ nam màu xanh lá nhạt mùa đông của United Colors of Benetton
10029,Women,Apparel,Topwear,Sweatshirts,Navy Blue,Fall,2011.0,Sports,Nike Women As Script Mas Navy Blue Sweatshirts,Áo nỉ nữ Nike As Script Mas màu xanh hải quân
13317,Men,Apparel,Topwear,Sweatshirts,Grey,Fall,2011.0,Casual,Gini and Jony Kids Boys Printed Grey Sweatshirts,Áo nỉ in họa tiết màu xám dành cho bé trai hiệu Gini and Jony.
7187,Women,Apparel,Bottomwear,Jeans,Black,Fall,2011.0,Casual,Jealous 21 Women Supper Zipped Ankle Black Jeans,"Quần jeans đen ống lửng Jealous 21 dành cho nữ, khóa kéo."
27025,Women,Apparel,Bottomwear,Jeans,Pink,Summer,2012.0,Casual,Jealous 21 Women Pink Jeans,Quần jean hồng nữ Jealous 21
11282,Men,Apparel,Bottomwear,Jeans,Blue,Summer,2016.0,Casual,Wrangler Men Blue Texas Jeans,Quần jean nam Wrangler màu xanh Texas
23401,Women,Apparel,Bottomwear,Jeans,Blue,Summer,2012.0,Casual,Spykar Women Jeans,Quần jeans nữ Spykar
9187,Men,Apparel,Bottomwear,Jeans,Blue,Fall,2011.0,Casual,Spykar Men Style Essentials Spykar Basic Attire Series 0428 Blue Jeans,Bộ sưu tập thời trang nam Spykar - Những món đồ thiết yếu của Spykar - Quần jeans xanh dương 0428.
40364,Women,Apparel,Bottomwear,Jeans,Navy Blue,Summer,2012.0,Casual,Tokyo Talkies Women Navy Jeans,Quần jeans nữ màu xanh navy hiệu Tokyo Talkies
48386,Men,Apparel,Bottomwear,Jeans,Black,Summer,2012.0,Casual,French Connection Men Black Jeans,Quần jeans đen nam hiệu French Connection
57075,Women,Apparel,Bottomwear,Jeans,Blue,Summer,2012.0,Casual,Elle Blue Jeans,Quần jean xanh Elle
52235,Men,Apparel,Bottomwear,Jeans,Blue,Summer,2012.0,Casual,Pepe Jeans Men Dark Blue Jeans,Quần jeans Pepe Jeans nam màu xanh đậm
37197,Women,Apparel,Bottomwear,Jeans,Navy Blue,Summer,2012.0,Casual,United Colors of Benetton Women Navy Blue Jeans,Quần jeans nữ màu xanh hải quân hiệu United Colors of Benetton
11520,Women,Apparel,Bottomwear,Jeans,Black,Fall,2011.0,Casual,United Colors of Benetton Women Denim Black Jeans,Quần jean đen denim nữ hiệu United Colors of Benetton
18487,Men,Apparel,Bottomwear,Jeans,Blue,Fall,2011.0,Casual,Puma Men Washed Blue Jeans,Quần jeans nam Puma màu xanh nhạt
51596,Women,Apparel,Bottomwear,Jeans,Black,Summer,2012.0,Casual,Wrangler Women Black Molly Jeans,Quần jeans nữ Wrangler Molly màu đen
7179,Women,Apparel,Bottomwear,Jeans,Blue,Fall,2011.0,Casual,Jealous 21 Women Blue Jegging,Jealous 21 Women Blue Jegging
48383,Men,Apparel,Bottomwear,Jeans,Black,Summer,2012.0,Casual,French Connection Men Black Jeans,Quần jeans đen nam hiệu French Connection
51503,Women,Apparel,Bottomwear,Jeans,Blue,Summer,2012.0,Casual,Denizen Women Blue Jeans,Quần jean nữ Denizen màu xanh dương
44579,Men,Apparel,Bottomwear,Jeans,Blue,Spring,2013.0,Casual,Lee Men Blue Pent Jeans,Quần jeans ống rộng màu xanh dương Lee Men
9901,Men,Apparel,Bottomwear,Jeans,Blue,Fall,2011.0,Casual,Spykar Men Actif Low Waist Narrow Fit Blue Jeans,"Quần jeans nam Spykar Actif cạp thấp, dáng ôm, màu xanh dương."
33283,Boys,Apparel,Bottomwear,Jeans,Black,Summer,2012.0,Casual,Gini and Jony Boys Black Jeans,Quần jean đen Gini và Jony Boys
41346,Men,Apparel,Bottomwear,Jeans,Navy Blue,Summer,2016.0,Casual,Wrangler Men Navy Blue Texas Jeans,Quần jeans nam Wrangler màu xanh hải quân Texas
28822,Men,Apparel,Bottomwear,Jeans,Blue,Summer,2012.0,Casual,Denizen Men Blue Jeans,Quần jean nam Denizen màu xanh dương
23453,Men,Apparel,Bottomwear,Jeans,Black,Fall,2011.0,Casual,Deni Yo Men Black Washed Slim Fit Jeans,"Quần jeans Deni Yo nam màu đen, dáng ôm, đã qua xử lý."
23665,Men,Apparel,Bottomwear,Jeans,Blue,Fall,2011.0,Casual,Spykar Men Blue Washed Jeans,Quần jeans nam Spykar màu xanh bạc
27019,Women,Apparel,Bottomwear,Jeans,Blue,Summer,2012.0,Casual,Jealous 21 Women Washed Light Blue Jeans,Quần jeans nữ màu xanh nhạt đã qua xử lý hiệu Jealous 21
5768,Women,Apparel,Bottomwear,Jeans,Blue,Summer,2011.0,Casual,Jealous 21 Women Dark Blue Jeggning,Jealous 21 Women Dark Blue Jeggning
11353,Men,Apparel,Bottomwear,Jeans,Blue,Fall,2013.0,Casual,Lee Men Sanskrit Blue Rodeo Fit Jeans,Quần jeans Lee Men Sanskrit Blue Rodeo Fit
18185,Men,Apparel,Bottomwear,Jeans,Blue,Fall,2011.0,Casual,Deni Yo Men Washed Blue Slim Fit Jeans,Quần jeans Deni Yo Men màu xanh nhạt dáng ôm
20350,Men,Apparel,Bottomwear,Jeans,Blue,Fall,2011.0,Casual,Spykar Men Washed Blue Jeans,Quần jeans nam Spykar màu xanh nhạt đã qua xử lý
50943,Women,Apparel,Bottomwear,Jeans,Blue,Winter,2011.0,Casual,Lee Womens Blue Maxi Fit Jeans,Quần jean maxi dáng ôm màu xanh dương dành cho nữ hiệu Lee
7193,Women,Apparel,Bottomwear,Jeans,Black,Fall,2011.0,Casual,Jealous 21 Women Black Jegging,Jealous 21 Women Black Jegging
53296,Men,Apparel,Bottomwear,Jeans,Blue,Summer,2012.0,Casual,Locomotive Men Blue Jeans,Quần jean xanh nam Locomotive
27021,Women,Apparel,Bottomwear,Jeans,Blue,Summer,2012.0,Casual,Jealous 21 Women Blue Jeans,Quần jean xanh nữ Jealous 21
50953,Women,Apparel,Bottomwear,Jeans,Blue,Winter,2011.0,Casual,Lee Womens Blue Maxi Fit Jeans,Quần jean maxi dáng ôm màu xanh dương dành cho nữ hiệu Lee
51501,Women,Apparel,Bottomwear,Jeans,Blue,Summer,2012.0,Casual,Denizen Women Blue Jeans,Quần jean nữ Denizen màu xanh dương
12333,Women,Apparel,Bottomwear,Jeans,Blue,Fall,2011.0,Casual,Spykar Women Ep Jeans Blue Jeans,Quần jeans nữ Spykar Ep màu xanh dương
28821,Men,Apparel,Bottomwear,Jeans,Navy Blue,Summer,2012.0,Casual,Denizen Men Navy Blue Jeans,Quần jean nam Denizen màu xanh hải quân
57076,Women,Apparel,Bottomwear,Jeans,Blue,Summer,2012.0,Casual,Elle Women Blue Jeans,Quần jean xanh Elle dành cho nữ
44580,Men,Apparel,Bottomwear,Jeans,Black,Summer,2017.0,Casual,Lee Men Black Jet Jeans,Quần jeans nam Lee màu đen Jet
40928,Boys,Apparel,Bottomwear,Jeans,Blue,Summer,2012.0,Casual,Gini and Jony Boys Rodeo Blue Jeans,Quần jean xanh Rodeo của Gini và Jony Boys
14128,Women,Apparel,Bottomwear,Jeans,Blue,Fall,2011.0,Casual,Flying Machine Women Washed Blue Jeans,Quần jeans nữ màu xanh nhạt hiệu Flying Machine
33309,Boys,Apparel,Bottomwear,Jeans,Black,Summer,2012.0,Casual,Palm Tree Boys Solid Black Jeans,Quần jean đen trơn hiệu Palm Tree dành cho bé trai
15673,Men,Apparel,Bottomwear,Jeans,Blue,Fall,2011.0,Casual,Highlander Men High Original Blue Jeans,Quần jean nam Highlander màu xanh dương nguyên bản
11235,Women,Apparel,Bottomwear,Jeans,Blue,Fall,2011.0,Casual,Flying Machine Women Midrise Blue Jeans,Quần jeans nữ cạp trung màu xanh dương hiệu Flying Machine
31352,Men,Apparel,Bottomwear,Jeans,Navy Blue,Summer,2012.0,Casual,Locomotive Men Navy Blue Jeans,Quần jean nam màu xanh hải quân hiệu Locomotive
51356,Women,Apparel,Bottomwear,Jeans,Blue,Summer,2012.0,Casual,Spykar Women Blue Jeans,Quần jean nữ Spykar màu xanh dương
21587,Men,Apparel,Bottomwear,Jeans,Blue,Fall,2011.0,Casual,Spykar Men Washed Blue Jeans,Quần jeans nam Spykar màu xanh nhạt đã qua xử lý
31672,Men,Apparel,Bottomwear,Jeans,Blue,Summer,2012.0,Casual,Spykar Men Blue Jeans,Quần jean nam Spykar màu xanh dương
26995,Women,Apparel,Bottomwear,Jeans,Blue,Summer,2012.0,Casual,Jealous 21 Women Washed Light Blue Jeans,Quần jeans nữ màu xanh nhạt đã qua xử lý hiệu Jealous 21
41352,Women,Apparel,Bottomwear,Jeans,Black,Summer,2012.0,Casual,Wrangler Women Classics Jeans,Quần jeans nữ Wrangler Classics
42264,Men,Apparel,Bottomwear,Jeans,Blue,Summer,2012.0,Casual,John Players Men Blue Jeans,Quần jean nam màu xanh John Players
41355,Men,Apparel,Bottomwear,Jeans,,Fall,2016.0,Casual,Wrangler Men Blue Millard Jeans,Quần jeans nam Wrangler Millard màu xanh dương
36742,Women,Apparel,Bottomwear,Jeans,Blue,Summer,2012.0,Casual,Spykar Women Aza Blue Jeans,Quần jeans nữ Spykar Aza màu xanh dương
44586,Men,Apparel,Bottomwear,Jeans,Blue,Summer,2017.0,Casual,Lee Men Tino Blue Jeans,Quần jeans Lee Men Tino màu xanh dương
51351,Women,Apparel,Bottomwear,Jeans,Blue,Summer,2012.0,Casual,Spykar Women Blue Jeans,Quần jean nữ Spykar màu xanh dương
9175,Men,Apparel,Bottomwear,Jeans,Blue,Fall,2011.0,Casual,Locomotive Men Banks Blue Jeans,Quần jean xanh Locomotive Men Banks
48387,Men,Apparel,Bottomwear,Jeans,Blue,Summer,2012.0,Casual,French Connection Men Blue Jeans,Quần jeans nam màu xanh dương hiệu French Connection
12338,Women,Apparel,Bottomwear,Jeans,Blue,Fall,2011.0,Casual,Spykar Women Ep Jeans Blue Jeans,Quần jeans nữ Spykar Ep màu xanh dương
15675,Men,Apparel,Bottomwear,Jeans,Blue,Fall,2011.0,Casual,Highlander Men High Original Blue Jeans,Quần jean nam Highlander màu xanh dương nguyên bản
16921,Men,Apparel,Bottomwear,Jeans,Blue,Fall,2011.0,Casual,Spykar Men Washed Blue Jeans,Quần jeans nam Spykar màu xanh nhạt đã qua xử lý
50948,Women,Apparel,Bottomwear,Jeans,Black,Winter,2011.0,Casual,Lee Women Black Jeans,Quần jean đen nữ Lee
41010,Girls,Apparel,Bottomwear,Jeans,Navy Blue,Summer,2012.0,Casual,Gini and Jony Girls Woven Navy Blue Jeans,Quần jean dệt màu xanh hải quân dành cho bé gái Gini và Jony
22787,Men,Apparel,Bottomwear,Jeans,Blue,Fall,2011.0,Casual,Deni Yo Men Washed Blue Jeans,Quần jeans Deni Yo Men màu xanh bạc
14117,Women,Apparel,Bottomwear,Jeans,Blue,Fall,2011.0,Casual,Flying Machine Women Washed Blue Jeans,Quần jeans nữ màu xanh nhạt hiệu Flying Machine
18488,Men,Apparel,Bottomwear,Jeans,Blue,Fall,2011.0,Casual,Puma Men Stetchable Blue Jeans,Quần jean nam Puma co giãn màu xanh dương
11310,Men,Apparel,Bottomwear,Jeans,Black,Summer,2016.0,Casual,Wrangler Men Black Texas Jeans,Quần jeans nam Wrangler màu đen kiểu Texas
5771,Women,Apparel,Bottomwear,Jeans,Black,Summer,2011.0,Casual,Jealous 21 Women's Black Grey Jegging,Quần legging nữ màu đen xám hiệu Jealous 21
11335,Men,Apparel,Bottomwear,Jeans,Blue,Fall,2011.0,Casual,United Colors of Benetton Men Washed Blue Jeans,Quần jeans nam màu xanh nhạt hiệu United Colors of Benetton
12752,Men,Apparel,Bottomwear,Jeans,Blue,Fall,2011.0,Casual,Spykar Men Ep Jeans Blue Jeans,Quần jeans nam Spykar Ep màu xanh dương
11323,Men,Apparel,Bottomwear,Jeans,Blue,Fall,2011.0,Casual,United Colors of Benetton Men Washed Blue Jeans,Quần jeans nam màu xanh nhạt hiệu United Colors of Benetton
31164,Boys,Apparel,Bottomwear,Jeans,Blue,Summer,2012.0,Casual,Gini and Jony Boys Blue Jeans,Quần jean xanh của Gini và Jony Boys
48382,Men,Apparel,Bottomwear,Jeans,Blue,Summer,2012.0,Casual,French Connection Men Blue Jeans,Quần jeans nam màu xanh dương hiệu French Connection
15676,Men,Apparel,Bottomwear,Jeans,Blue,Fall,2011.0,Casual,Highlander Men High Original Blue Jeans,Quần jean nam Highlander màu xanh dương nguyên bản
46895,Men,Apparel,Bottomwear,Jeans,Blue,Summer,2012.0,Casual,Locomotive Men Blue Jeans,Quần jean xanh nam Locomotive
11308,Men,Apparel,Bottomwear,Jeans,Black,Spring,2013.0,Casual,Wrangler Men Black Jim Slim Fit Jeans,Quần jeans nam Wrangler Jim Slim Fit màu đen
11297,Men,Apparel,Bottomwear,Jeans,Blue,Fall,2011.0,Casual,Wrangler Men Blue Custom Jeans,Quần jeans nam Wrangler màu xanh dương đặt may riêng
56843,Men,Apparel,Bottomwear,Jeans,Blue,Summer,2012.0,Casual,John Players Men Blue Jeans,Quần jean nam màu xanh John Players
42595,Boys,Apparel,Bottomwear,Jeans,Grey,Summer,2012.0,Casual,United Colors of Benetton Boys Grey Slim Fit Jeans,Quần jeans dáng ôm màu xám dành cho bé trai hiệu United Colors of Benetton
50961,Women,Apparel,Bottomwear,Jeans,Black,Summer,2013.0,Casual,Lee Women Black Jeans,Quần jean đen nữ Lee
51499,Women,Apparel,Bottomwear,Jeans,Blue,Summer,2012.0,Casual,Denizen Women Blue Jeans,Quần jean nữ Denizen màu xanh dương
42258,Men,Apparel,Bottomwear,Jeans,Blue,Summer,2012.0,Casual,John Players Men Blue Jeans,Quần jean nam màu xanh John Players
4977,Men,Apparel,Bottomwear,Jeans,Blue,Summer,2011.0,Casual,Gini and Jony Boy's Kang Jeans Infant Kidswear,Quần áo trẻ em Kang Jeans của Gini và Jony Boy
41359,Men,Apparel,Bottomwear,Jeans,Blue,Summer,2016.0,Casual,Wrangler Men Blue Skanders Jeans,Quần jean nam Skanders màu xanh Wrangler
9160,Men,Apparel,Bottomwear,Jeans,Grey,Fall,2011.0,Casual,Locomotive Men Cal Grey Jeans,Quần jeans nam Locomotive Cal Grey
12828,Men,Apparel,Bottomwear,Jeans,Blue,Fall,2011.0,Casual,Spykar Men Washed Blue Jeans,Quần jeans nam Spykar màu xanh nhạt đã qua xử lý
51482,Men,Apparel,Bottomwear,Jeans,Blue,Summer,2012.0,Casual,Denizen Men Blue Jeans,Quần jean nam Denizen màu xanh dương
16800,Men,Apparel,Bottomwear,Trousers,Black,Fall,2011.0,Casual,Highlander Men Solid Black Trouser,Quần dài nam Highlander màu đen trơn
16071,Men,Apparel,Bottomwear,Trousers,Beige,Fall,2011.0,Casual,Highlander Men Solid Beige Trouser,Quần dài nam Highlander màu be trơn
27614,Men,Apparel,Bottomwear,Trousers,Beige,Summer,2012.0,Casual,Scullers Men Beige Trousers,Quần dài màu be hiệu Scullers dành cho nam.
26817,Men,Apparel,Bottomwear,Trousers,Navy Blue,Summer,2012.0,Formal,Arrow Men Navy Blue Trousers,Quần dài màu xanh hải quân Arrow dành cho nam
31570,Men,Apparel,Bottomwear,Trousers,Black,Summer,2012.0,Formal,Mark Taylor Men Striped Black Trousers,Quần tây nam sọc đen hiệu Mark Taylor
16020,Men,Apparel,Bottomwear,Trousers,Grey,Fall,2011.0,Casual,Turtle Solid Men Grey Trouser,Quần tây nam màu xám trơn hiệu Turtle
48392,Men,Apparel,Bottomwear,Trousers,Navy Blue,Summer,2012.0,Casual,French Connection Men Navy Blue Trousers,Quần dài màu xanh hải quân dành cho nam của French Connection
48391,Men,Apparel,Bottomwear,Trousers,Grey,Summer,2012.0,Casual,French Connection Men Grey Trousers,Quần tây nam màu xám hiệu French Connection
43912,Women,Apparel,Bottomwear,Trousers,Black,Summer,2012.0,Casual,Femella Women Black Trousers,Quần dài đen nữ Femella
8835,Men,Apparel,Bottomwear,Trousers,Green,Summer,2011.0,Formal,Scullers Men Scul Green Trousers,Quần dài màu xanh lá cây dành cho nam của đội Scullers.
16368,Men,Apparel,Bottomwear,Trousers,Charcoal,Fall,2011.0,Formal,Peter England Men Stripes Charcoal Trouser,Quần tây nam Peter England kẻ sọc màu than chì
39752,Boys,Apparel,Bottomwear,Trousers,Khaki,Summer,2012.0,Casual,Gini Jony Boys Khaki Trousers,Quần kaki bé trai Gini Jony
57824,Women,Apparel,Bottomwear,Trousers,Green,Fall,2012.0,Casual,United Colors of Benetton Green Trouser,Quần dài màu xanh lá cây của United Colors of Benetton
15122,Men,Apparel,Bottomwear,Trousers,Brown,Fall,2011.0,Formal,Arrow Men  Autoflex Brown Trousers,Quần dài nam Arrow Autoflex màu nâu
13288,Men,Apparel,Bottomwear,Trousers,Beige,Fall,2011.0,Casual,Gini and Jony Kids Solid Beige Trousers,Quần dài màu be trơn dành cho trẻ em hiệu Gini and Jony
26835,Men,Apparel,Bottomwear,Trousers,Brown,Summer,2012.0,Casual,Highlander Men Brown Trousers,Quần dài màu nâu dành cho nam giới Highlander
26163,Men,Apparel,Bottomwear,Trousers,Grey,Summer,2012.0,Formal,John Miller Men Dark Grey Trousers,Quần dài màu xám đậm dành cho nam của John Miller
27183,Men,Apparel,Bottomwear,Trousers,Charcoal,Summer,2012.0,Formal,Mark Taylor Men Striped Charcoal Trousers,Quần tây nam sọc than chì hiệu Mark Taylor
13855,Men,Apparel,Bottomwear,Trousers,Blue,Fall,2011.0,Formal,Indigo Nation Men Solid Blue Trousers,Quần dài nam màu xanh dương trơn hiệu Indigo Nation
26384,Men,Apparel,Bottomwear,Trousers,Black,Summer,2012.0,Formal,Turtle Men Black Trousers,Quần tây đen nam hiệu Turtle
31562,Men,Apparel,Bottomwear,Trousers,Black,Summer,2012.0,Formal,Mark Taylor Men Striped Black Trousers,Quần tây nam sọc đen hiệu Mark Taylor
54225,Men,Apparel,Bottomwear,Trousers,Khaki,Summer,2012.0,Casual,Highlander Men Khaki Chinos,Quần kaki nam Highlander
14714,Men,Apparel,Bottomwear,Trousers,Navy Blue,Fall,2011.0,Formal,Genesis Men Solid Navy Blue Trousers,Quần dài nam Genesis màu xanh hải quân trơn
31425,Men,Apparel,Bottomwear,Trousers,Grey,Summer,2012.0,Casual,Highlander Men Grey Trousers,Quần dài màu xám dành cho nam giới Highlander
31434,Men,Apparel,Bottomwear,Trousers,Grey,Summer,2012.0,Casual,Highlander Men Grey Trousers,Quần dài màu xám dành cho nam giới Highlander
16382,Men,Apparel,Bottomwear,Trousers,Charcoal,Fall,2011.0,Formal,Peter England Men Solid Grey Trouser,Quần dài nam màu xám trơn hiệu Peter England
27919,Women,Apparel,Bottomwear,Trousers,Brown,Summer,2012.0,Formal,Scullers For Her Light Brown Trousers,Quần dài màu nâu nhạt dành cho nữ của Scullers
26822,Men,Apparel,Bottomwear,Trousers,Olive,Summer,2012.0,Casual,Highlander Men Olive Trousers,Quần dài màu ô liu dành cho nam giới Highlander
27928,Women,Apparel,Bottomwear,Trousers,Beige,Summer,2012.0,Casual,Scullers For Her Beige Trouser,Quần tây màu be hiệu Scullers dành cho nữ
39795,Men,Apparel,Bottomwear,Trousers,Black,Summer,2012.0,Formal,Peter England Men Black Formal Trousers,Quần tây nam màu đen kiểu dáng trang trọng hiệu Peter England
16613,Men,Apparel,Bottomwear,Trousers,Grey,Fall,2011.0,Formal,Genesis Men Stripes Grey Trouser,Quần tây nam Genesis kẻ sọc màu xám
11324,Men,Apparel,Bottomwear,Trousers,Black,Fall,2011.0,Smart Casual,United Colors of Benetton Men Black and Brown Checked Trousers,Quần tây nam kẻ caro đen nâu hiệu United Colors of Benetton
8904,Men,Apparel,Bottomwear,Trousers,White,Fall,2011.0,Formal,Indigo Nation Men ID Solid White Trousers,Quần dài nam màu trắng trơn Indigo Nation ID
54896,Boys,Apparel,Bottomwear,Trousers,Olive,Summer,2012.0,Casual,Do u speak green Boys Olive Trousers,Bạn có nói tiếng Anh không? Quần Olive dành cho nam
15749,Men,Apparel,Bottomwear,Trousers,Navy Blue,Fall,2011.0,Casual,Highlander Men Solid Navy Blue Trousers,Quần dài nam Highlander màu xanh hải quân trơn
16614,Men,Apparel,Bottomwear,Trousers,Brown,Fall,2011.0,Formal,Genesis Men Stripes Brown Trouser,Quần dài nam Genesis kẻ sọc màu nâu
12674,Men,Apparel,Bottomwear,Trousers,Olive,Fall,2011.0,Casual,Probase Men Solid Olive Cargos,Probase Men Solid Olive Cargos
11312,Men,Apparel,Bottomwear,Trousers,Beige,Fall,2011.0,Casual,Scullers Men Rugged Chinos Beige Trousers,"Quần chinos nam Scullers màu be, chất liệu bền chắc."
23072,Men,Apparel,Bottomwear,Trousers,Navy Blue,Winter,2014.0,Formal,Arrow Men Navy Blue Solid Trousers,Quần dài nam Arrow màu xanh hải quân trơn
39792,Men,Apparel,Bottomwear,Trousers,Brown,Summer,2012.0,Formal,Peter England Men Brown Trousers,Quần dài màu nâu dành cho nam của Peter England
15687,Men,Apparel,Bottomwear,Trousers,Beige,Fall,2011.0,Casual,Highlander Men Classic Chinos Beige Trousers,Quần Chinos cổ điển màu be dành cho nam hiệu Highlander.
27922,Women,Apparel,Bottomwear,Trousers,Olive,Summer,2012.0,Casual,Scullers Women Olive Trousers,Quần dài màu ô liu hiệu Scullers dành cho nữ.
29777,Men,Apparel,Bottomwear,Trousers,Black,Summer,2012.0,Casual,Basics Men Black Trousers,Quần tây đen cơ bản dành cho nam
16060,Men,Apparel,Bottomwear,Trousers,Beige,Fall,2011.0,Casual,Highlander Men Solid Beige Trouser,Quần dài nam Highlander màu be trơn
39797,Men,Apparel,Bottomwear,Trousers,Black,Summer,2012.0,Formal,Peter England Men Black Formal Trousers,Quần tây nam màu đen kiểu dáng trang trọng hiệu Peter England
42251,Men,Apparel,Bottomwear,Trousers,Grey,Summer,2012.0,Casual,John Players Men Grey Trousers,Quần dài màu xám dành cho nam của John Players
16380,Men,Apparel,Bottomwear,Trousers,Brown,Fall,2011.0,Formal,Peter England Men Stripes Dark Brown Trouser,Quần dài nam Peter England kẻ sọc màu nâu đậm
14699,Men,Apparel,Bottomwear,Trousers,Black,Fall,2011.0,Casual,Basics Men Black Trousers,Quần tây đen cơ bản dành cho nam
27916,Women,Apparel,Bottomwear,Trousers,Grey,Summer,2012.0,Formal,Scullers For Her Grey Trousers,Scullers For Her Grey Trousers
12285,Men,Apparel,Bottomwear,Trousers,Black,Fall,2011.0,Formal,Genesis Men Solid Black Trousers,Quần dài nam Genesis màu đen trơn
21598,Men,Apparel,Bottomwear,Trousers,Black,Fall,2011.0,Formal,Arrow Men Solid Black Trousers,Quần dài nam màu đen trơn hiệu Arrow
44289,Men,Apparel,Bottomwear,Trousers,Beige,Summer,2012.0,Formal,Indian Terrain Men Beige Trousers,Quần dài màu be hiệu Indian Terrain dành cho nam.
31564,Men,Apparel,Bottomwear,Trousers,Charcoal,Summer,2012.0,Formal,Mark Taylor Men Striped Charcoal Trousers,Quần tây nam sọc than chì hiệu Mark Taylor
31439,Men,Apparel,Bottomwear,Trousers,Olive,Summer,2012.0,Casual,HIghlander Men Olive Trousers,Quần dài màu ô liu dành cho nam giới vùng cao
30921,Women,Apparel,Bottomwear,Trousers,Blue,Summer,2012.0,Ethnic,Fabindia Women Blue Harem Pants,Quần Harem màu xanh dương dành cho nữ của Fabindia
43522,Women,Apparel,Bottomwear,Trousers,Navy Blue,Summer,2012.0,Formal,French Connection Women Navy Trouser,Quần dài nữ màu xanh hải quân hiệu French Connection
31474,Men,Apparel,Bottomwear,Trousers,Brown,Fall,2012.0,Casual,Black Coffee  Brown Formal Trousers,"Cà phê đen, quần tây màu nâu, trang trọng"
18198,Men,Apparel,Bottomwear,Trousers,Blue,Fall,2011.0,Casual,Highlander Men Solid Blue Trouser,Quần dài nam Highlander màu xanh dương trơn
8846,Men,Apparel,Bottomwear,Trousers,Cream,Summer,2011.0,Casual,Scullers Men Scul Cream Trousers,Quần dài Scullers Men Scul Cream
11264,Men,Apparel,Bottomwear,Trousers,Grey,Fall,2011.0,Casual,Indigo Nation Men TR Yarn Dyed Grey Trousers,Quần dài nam Indigo Nation TR màu xám nhuộm sợi.
30637,Women,Apparel,Bottomwear,Shorts,Red,Summer,2012.0,Sports,Nike Women Printed Tempo Red Shorts,Quần short nữ Nike Tempo in họa tiết màu đỏ.
13303,Men,Apparel,Bottomwear,Shorts,Beige,Fall,2011.0,Casual,Gini and Jony Kids Boys Solid Beige Shorts,Quần short màu be trơn dành cho bé trai hiệu Gini and Jony Kids.
46390,Men,Apparel,Bottomwear,Shorts,Blue,Summer,2012.0,Casual,ADIDAS Men Blue Cargo Shorts,Quần đùi cargo nam màu xanh dương hiệu ADIDAS
25039,Men,Apparel,Bottomwear,Shorts,Black,Summer,2011.0,Sports,Nike Men T90 Black Shorts,Quần short nam Nike T90 màu đen
32588,Women,Apparel,Bottomwear,Shorts,Brown,Summer,2012.0,Casual,Only Women Brown Shorts,Quần short màu nâu dành riêng cho nữ
39080,Men,Apparel,Bottomwear,Shorts,Brown,Summer,2012.0,Casual,Arrow Sport Men Brown Cargo Shorts,Quần đùi cargo nam màu nâu hiệu Arrow Sport
33146,Boys,Apparel,Bottomwear,Shorts,Blue,Summer,2012.0,Casual,Gini and Jony Boys Blue Shorts,Quần short xanh dương của Gini và Jony dành cho bé trai
39758,Boys,Apparel,Bottomwear,Shorts,Brown,Summer,2012.0,Casual,Gini Jony Boys Brown Shorts,Quần short màu nâu Gini Jony dành cho bé trai
32587,Women,Apparel,Bottomwear,Shorts,Black,Summer,2012.0,Casual,Only  Women Black Shorts,Quần short đen dành riêng cho nữ
38502,Girls,Apparel,Bottomwear,Shorts,Navy Blue,Summer,2012.0,Casual,Gini and Jony Girls Woven Navy Blue Shorts,Quần short dệt màu xanh hải quân dành cho bé gái Gini và Jony
32590,Women,Apparel,Bottomwear,Shorts,Brown,Summer,2012.0,Casual,ONLY Women Brown Shorts,Quần short màu nâu dành riêng cho nữ.
4952,Men,Apparel,Bottomwear,Shorts,Black,Summer,2011.0,Casual,Gini and Jony Boy's Kimon Black Bermuda Infant Kidswear,Bộ đồ trẻ em sơ sinh Kimon Black Bermuda của Gini và Jony Boy.
30596,Men,Apparel,Bottomwear,Shorts,Blue,Summer,2012.0,Sports,Nike Men Woven Blue Shorts,Quần short nam Nike màu xanh dệt kim
37581,Girls,Apparel,Bottomwear,Shorts,Green,Summer,2012.0,Casual,Madagascar 3 Girls Light Green Shorts,Quần short màu xanh lá nhạt cho bé gái trong phim Madagascar 3
34249,Men,Apparel,Bottomwear,Shorts,Black,Winter,2013.0,Casual,Proline Black Lounge Shorts S11-BK/SGML,Quần short mặc nhà màu đen Proline S11-BK/SGML
9685,Men,Apparel,Bottomwear,Shorts,White,Fall,2011.0,Casual,ADIDAS Men Cress 3s3 4 Pan White Capris,Quần lửng nam Adidas Cress 3s3 4 Pan màu trắng
26985,Women,Apparel,Bottomwear,Shorts,Pink,Summer,2012.0,Casual,Jealous 21 Women Pink Shorts,Quần short hồng Jealous 21 dành cho nữ
5002,Women,Apparel,Bottomwear,Shorts,Pink,Summer,2011.0,Casual,Gini and Jony Girl's Jolene Pink Kidswear,Bộ đồ trẻ em Jolene màu hồng của Gini và Jony Girl
33145,Boys,Apparel,Bottomwear,Shorts,Blue,Summer,2012.0,Casual,Gini and Jony Boys Blue Shorts,Quần short xanh dương của Gini và Jony dành cho bé trai
28503,Men,Apparel,Bottomwear,Shorts,Grey,Summer,2012.0,Sports,Nike Men Tempo 2 in 1 Grey Shorts,Quần short nam Nike Tempo 2 trong 1 màu xám
48460,Men,Apparel,Bottomwear,Shorts,Green,Summer,2012.0,Casual,French Connection Men Green & White Check Cargo Shorts,Quần short cargo nam kẻ caro xanh trắng hiệu French Connection
40082,Men,Apparel,Bottomwear,Shorts,Navy Blue,Winter,2014.0,Casual,ADIDAS Men Navy Blue Short,Quần short nam ADIDAS màu xanh hải quân
4797,Men,Apparel,Bottomwear,Shorts,Grey,Summer,2011.0,Sports,ADIDAS Men's Ess Dark Iron Brown Short,Quần short nam ADIDAS Ess màu nâu sắt đậm
19420,Men,Apparel,Bottomwear,Shorts,Blue,Summer,2012.0,Casual,Quiksilver Men Ocean Walk Reversible Blue Shorts,"Quần short nam Quiksilver Ocean Walk màu xanh dương, có thể đảo mặt."
5454,Men,Apparel,Bottomwear,Shorts,Black,Summer,2011.0,Sports,Nike Men's Basic Woven Med Black Short,Quần short nam Nike Basic Woven màu đen cỡ trung bình
15341,Women,Apparel,Bottomwear,Shorts,Pink,Fall,2011.0,Sports,Nike Women Solid Pink Shorts,Quần short nữ Nike màu hồng trơn
30599,Men,Apparel,Bottomwear,Shorts,Red,Summer,2012.0,Sports,Nike Men Hustle Reversible Red Shorts,"Quần short nam Nike Hustle màu đỏ, có thể đảo mặt."
42122,Men,Apparel,Bottomwear,Shorts,Navy Blue,Summer,2012.0,Casual,ADIDAS Men Navy Blue Shorts,Quần short nam màu xanh hải quân ADIDAS
31116,Boys,Apparel,Bottomwear,Shorts,Grey,Summer,2012.0,Casual,Gini and Jony Boys Grey Shorts,Quần short màu xám dành cho bé trai của Gini và Jony
15335,Men,Apparel,Bottomwear,Shorts,Navy Blue,Summer,2012.0,Sports,Nike Men Solid Navy Blue Shorts,Quần short nam Nike màu xanh hải quân trơn
43044,Men,Apparel,Bottomwear,Shorts,Charcoal,Summer,2012.0,Casual,Nike Men Charcoal Grey Shorts,Quần short nam Nike màu xám than
15609,Men,Apparel,Bottomwear,Shorts,Grey,Summer,2012.0,Sports,Nike Men Trainng Grey Shorts,Quần short tập luyện màu xám Nike dành cho nam
5788,Women,Apparel,Bottomwear,Shorts,White,Summer,2011.0,Casual,Jealous 21 Women's Checkered Pink White Short,Quần short kẻ caro hồng trắng hiệu Jealous 21 dành cho nữ
52520,Men,Apparel,Bottomwear,Shorts,Cream,Summer,2012.0,Casual,Pepe Jeans Men Cream Cargo Shorts,Quần short cargo màu kem hiệu Pepe Jeans dành cho nam.
16803,Girls,Apparel,Bottomwear,Shorts,Beige,Fall,2011.0,Casual,ANT Kids Girls Solid Beige Short,Quần short màu be trơn dành cho bé gái ANT Kids
53737,Men,Apparel,Bottomwear,Shorts,Olive,Summer,2012.0,Casual,ADIDAS Men Olive Shorts,Quần short nam ADIDAS màu ô liu
46387,Men,Apparel,Bottomwear,Shorts,Black,Summer,2012.0,Casual,ADIDAS Men Black Shorts,Quần short nam màu đen ADIDAS
38569,Men,Apparel,Bottomwear,Shorts,Navy Blue,Spring,2013.0,Casual,Nike Men Navy Blue Shorts,Quần short nam Nike màu xanh hải quân
32446,Men,Apparel,Bottomwear,Shorts,Black,Summer,2012.0,Sports,ADIDAS Men Black 3/4 Length Pants,Quần lửng 3/4 màu đen dành cho nam hiệu ADIDAS
32589,Women,Apparel,Bottomwear,Shorts,Black,Summer,2012.0,Casual,Only  Women Black Shorts,Quần short đen dành riêng cho nữ
40085,Men,Apparel,Bottomwear,Shorts,White,Winter,2014.0,Casual,ADIDAS Men White Chelsea Shorts,Quần short Chelsea màu trắng dành cho nam của ADIDAS
1982,Women,Apparel,Bottomwear,Shorts,Purple,Fall,2010.0,Casual,Puma Women's Island Shorts Purple,Quần short nữ Puma Island màu tím
9348,Men,Apparel,Bottomwear,Shorts,Navy Blue,Fall,2011.0,Casual,Puma Men Bermudas Navy Blue Shorts,Quần đùi Bermuda nam Puma màu xanh hải quân
7895,Men,Apparel,Bottomwear,Shorts,Olive,Fall,2011.0,Casual,Proline Men Olive Green Checked Shorts,Quần short nam Proline màu xanh ô liu kẻ caro
37580,Girls,Apparel,Bottomwear,Shorts,Pink,Winter,2012.0,Casual,Madagascar 3 Girls Pink Shorts,Quần short hồng cho bé gái trong phim Madagascar 3
39756,Boys,Apparel,Bottomwear,Shorts,White,Summer,2012.0,Casual,Gini Jony Boys White Shorts,Quần short trắng Gini Jony dành cho bé trai
51377,Men,Apparel,Bottomwear,Shorts,Khaki,Summer,2012.0,Casual,Myntra Men Khaki Shorts,Quần short kaki nam Myntra
14939,Men,Apparel,Bottomwear,Shorts,Beige,Fall,2011.0,Casual,Status Quo Men Solid Beige Shorts,Quần short nam màu be trơn hiệu Status Quo
52529,Men,Apparel,Bottomwear,Shorts,Grey,Summer,2012.0,Casual,Pepe Jeans Men Grey 3/4 Length Pants,Quần lửng 3/4 màu xám hiệu Pepe Jeans dành cho nam.
28627,Men,Apparel,Bottomwear,Shorts,Black,Summer,2012.0,Sports,Nike Men Longer Knit Black Shorts,Quần short nam Nike dài màu đen dệt kim
34250,Men,Apparel,Bottomwear,Shorts,Charcoal,Summer,2013.0,Sports,Proline Charcoal Grey Shorts,Quần short Proline màu xám than
53776,Men,Apparel,Bottomwear,Shorts,Green,Summer,2012.0,Casual,Puma Men Green Shorts,Quần short nam Puma màu xanh lá cây
27628,Men,Apparel,Bottomwear,Shorts,Navy Blue,Summer,2012.0,Casual,Scullers Men Check Navy Blue Shorts,Quần short nam kẻ caro màu xanh hải quân hiệu Scullers.
24264,Men,Apparel,Bottomwear,Shorts,Green,Summer,2012.0,Casual,Quiksilver Men Ocean Walk Reversible Green Shorts,"Quần short nam Quiksilver Ocean Walk màu xanh lá cây, có thể đảo mặt."
9950,Men,Apparel,Bottomwear,Shorts,Black,Fall,2011.0,Sports,ADIDAS Men M Rsp Black Shorts,Quần short nam Adidas màu đen size M (giá bán lẻ đề xuất)
38575,Men,Apparel,Bottomwear,Track Pants,Black,Summer,2012.0,Sports,Nike Men Breakline Black Track Pants,Quần thể thao Nike Breakline màu đen dành cho nam
18869,Women,Apparel,Bottomwear,Track Pants,Black,Fall,2011.0,Casual,Puma Women Black Core Track Pants,Quần thể thao nữ Puma màu đen Core
29020,Men,Apparel,Bottomwear,Track Pants,Grey,Summer,2013.0,Sports,ADIDAS Men Grey Track Pants,Quần thể thao nam màu xám ADIDAS
14392,Men,Apparel,Bottomwear,Track Pants,Black,Fall,2011.0,Casual,Puma Ess Sweat Pants Track Pant,Quần thể thao Puma Ess
7887,Men,Apparel,Bottomwear,Track Pants,Blue,Fall,2011.0,Casual,Proline Men Blue Track Pants,Quần thể thao nam Proline màu xanh dương
4774,Women,Apparel,Bottomwear,Track Pants,Pink,Summer,2011.0,Sports,ADIDAS Women 3S Pink Track Pants,Quần thể thao nữ ADIDAS 3S màu hồng
5027,Men,Apparel,Bottomwear,Track Pants,Black,Summer,2011.0,Sports,ADIDAS Men's Long Black Capris,Quần lửng dài màu đen dành cho nam của ADIDAS
1604,Women,Apparel,Bottomwear,Track Pants,Blue,Fall,2010.0,Sports,Reebok Track Pants Women Blue,Quần thể thao Reebok nữ màu xanh dương
44917,Men,Apparel,Bottomwear,Track Pants,Blue,Summer,2012.0,Casual,Puma Men Blue Track Pants,Quần thể thao nam Puma màu xanh dương
30605,Men,Apparel,Bottomwear,Track Pants,Grey,Summer,2012.0,Casual,Nike Men Classic Jersey Grey Track Pants,Quần thể thao Nike Classic Jersey màu xám dành cho nam
34203,Men,Apparel,Bottomwear,Track Pants,Charcoal,Winter,2013.0,Casual,Proline Men Charcoal Grey Track Pants,Quần thể thao nam Proline màu xám than
2118,Men,Apparel,Bottomwear,Track Pants,Black,Fall,2010.0,Sports,ADIDAS Men's Foamy Striped Track Pants,Quần thể thao nam Adidas Foamy kẻ sọc
43081,Women,Apparel,Bottomwear,Track Pants,Navy Blue,Summer,2012.0,Casual,Nike Women Navy Blue Track Pant,Quần thể thao nữ Nike màu xanh hải quân
25033,Men,Apparel,Bottomwear,Track Pants,Grey,Summer,2011.0,Sports,Nike Men Grey Track Pant,Quần thể thao nam Nike màu xám
7126,Women,Apparel,Bottomwear,Track Pants,Grey,Fall,2011.0,Casual,Urban Yoga Women Bottom Grey Track Pant,Quần thể thao nữ Urban Yoga màu xám
17993,Women,Apparel,Bottomwear,Track Pants,Grey,Fall,2009.0,Sports,Puma Women Essential Skinny Grey Track Pant,Quần thể thao nữ Puma Essential Skinny màu xám
30616,Women,Apparel,Bottomwear,Track Pants,Black,Summer,2012.0,Sports,Nike Women Black Track Pants,Quần thể thao nữ màu đen Nike
44630,Men,Apparel,Bottomwear,Track Pants,Charcoal,Summer,2012.0,Sports,Nike Men Charcoal Track Pants,Quần thể thao Nike màu than chì dành cho nam
2114,Women,Apparel,Bottomwear,Track Pants,Black,Fall,2010.0,Sports,ADIDAS Women Essential Black Candy Pants,Quần nữ Adidas Essential màu đen Candy
8763,Women,Apparel,Bottomwear,Track Pants,Grey,Fall,2011.0,Sports,Puma Women's Jersey Grey Track Pant,Quần thể thao nữ Puma màu xám Jersey
26260,Men,Apparel,Bottomwear,Track Pants,Grey,Summer,2012.0,Sports,Proline Men Grey Track Pants,Quần thể thao nam màu xám Proline
2255,Men,Apparel,Bottomwear,Track Pants,Brown,Fall,2010.0,Sports,ADIDAS Men Brown Track Pant,Quần thể thao nam màu nâu ADIDAS
10751,Men,Apparel,Bottomwear,Track Pants,Grey,Fall,2011.0,Sports,Nike Men Breakline Grey Track Pants,Quần thể thao Nike Breakline màu xám dành cho nam
23870,Men,Apparel,Bottomwear,Track Pants,Black,Fall,2011.0,Casual,ADIDAS Men Black  Track Pant,Quần thể thao nam màu đen ADIDAS
11125,Women,Apparel,Bottomwear,Track Pants,Black,Fall,2011.0,Sports,Urban Yoga Women Solid Black Track Pants,Quần thể thao nữ Urban Yoga màu đen trơn
43083,Women,Apparel,Bottomwear,Track Pants,Black,Summer,2012.0,Casual,Nike Women Black  Track Pants,Quần thể thao nữ màu đen Nike
26259,Men,Apparel,Bottomwear,Track Pants,Navy Blue,Summer,2012.0,Sports,Proline Men Navy Track Pants,Quần thể thao nam Proline màu xanh hải quân
28501,Men,Apparel,Bottomwear,Track Pants,Navy Blue,Summer,2012.0,Sports,Urban Yoga Men Navy Blue Track Pants,Quần thể thao nam màu xanh hải quân Urban Yoga
15622,Men,Apparel,Bottomwear,Track Pants,Black,Summer,2012.0,Casual,Nike Men AD Breakline OH Black Track Pants,Quần thể thao Nike nam AD Breakline OH màu đen
15611,Men,Apparel,Bottomwear,Track Pants,Navy Blue,Fall,2011.0,Casual,Nike Men Casual Navy Blue Track Pants,Quần thể thao nam Nike màu xanh navy thường ngày
9076,Women,Apparel,Bottomwear,Track Pants,Blue,Fall,2011.0,Sports,ADIDAS Women Wo Basic Yo Pant Blue Trackpant,Quần thể thao nữ ADIDAS Basic Yo màu xanh dương
40108,Men,Apparel,Bottomwear,Track Pants,Black,Summer,2012.0,Casual,ADIDAS Men Black Pants,Quần đen nam ADIDAS
7486,Women,Apparel,Bottomwear,Track Pants,Navy Blue,Summer,2011.0,Sports,Nike Women's Be Bold Navy Blue Track Pant,Quần thể thao Nike Be Bold màu xanh hải quân dành cho nữ
44913,Men,Apparel,Bottomwear,Track Pants,White,Summer,2012.0,Casual,Puma Men White Track Pants,Quần thể thao nam Puma màu trắng
7133,Men,Apparel,Bottomwear,Track Pants,Grey,Fall,2011.0,Casual,Urban Yoga Men Bottom Grey Yoga Pants,Quần tập yoga nam màu xám Urban Yoga
53748,Women,Apparel,Bottomwear,Track Pants,Grey,Fall,2012.0,Casual,ADIDAS Women Grey Track Pants,Quần thể thao nữ màu xám ADIDAS
2110,Women,Apparel,Bottomwear,Track Pants,Tan,Fall,2010.0,Sports,ADIDAS Women Very Berry Lycra Track Pants,Quần thể thao nữ Adidas Very Berry Lycra
6519,Men,Apparel,Bottomwear,Track Pants,Blue,Summer,2011.0,Sports,Nike Men Soccer Liga Black Track Pant,Quần thể thao nam Nike Soccer Liga màu đen
12537,Men,Apparel,Bottomwear,Track Pants,Grey,Fall,2011.0,Casual,Puma Men Solid Grey Track Pants,Quần thể thao nam Puma màu xám trơn
7889,Men,Apparel,Bottomwear,Track Pants,Grey,Fall,2011.0,Casual,Proline Men Grey Track Pants,Quần thể thao nam màu xám Proline
42350,Women,Apparel,Bottomwear,Leggings,Black,Summer,2012.0,Casual,Flying Machine Women Black Leggings,Quần legging đen nữ Flying Machine
44686,Women,Apparel,Bottomwear,Leggings,Magenta,Summer,2012.0,Casual,Wills Lifestyle Women Magenta Leggings,Quần legging màu hồng cánh sen dành cho nữ của Wills Lifestyle
50026,Women,Apparel,Bottomwear,Leggings,Maroon,Winter,2015.0,Casual,Hanes Women Maroon ComfortSoft Waistband Cotton Stretch Full Leggings,"Quần legging dài nữ Hanes màu đỏ tía, chất liệu cotton co giãn, cạp chun mềm mại."
33959,Women,Apparel,Bottomwear,Leggings,Grey,Summer,2012.0,Casual,Femella Women Grey Leggings,Quần legging màu xám Femella dành cho nữ
25889,Women,Apparel,Bottomwear,Leggings,Cream,Summer,2012.0,Casual,Femella Women Cream Leggings,Quần legging màu kem Femella dành cho nữ
39124,Women,Apparel,Bottomwear,Leggings,Beige,Fall,2012.0,Casual,Aneri Women Beige Leggings,Quần legging màu be Aneri dành cho nữ
54057,Women,Apparel,Bottomwear,Leggings,Sea Green,Summer,2012.0,Casual,Myntra Women Sea Green Leggings,Quần legging màu xanh ngọc bích dành cho nữ của Myntra
51612,Women,Apparel,Bottomwear,Leggings,Grey,Summer,2012.0,Casual,Kraus Jeans Women Grey leggings,Quần legging màu xám Kraus Jeans dành cho nữ
33274,Girls,Apparel,Bottomwear,Leggings,Black,Summer,2012.0,Casual,Gini and Jony Girls Black Leggings,Quần legging đen dành cho bé gái Gini và Jony
50019,Women,Apparel,Bottomwear,Leggings,Grey Melange,Winter,2015.0,Casual,Hanes Women Grey Comfortsoft Waistband Cotton - Stretch Lace Capri Leggings,"Quần legging lửng Hanes nữ màu xám, chất liệu cotton mềm mại, cạp chun co giãn, có ren."
41315,Women,Apparel,Bottomwear,Leggings,Navy Blue,Summer,2012.0,Ethnic,Aurelia Women Navy Blue Leggings,Quần legging màu xanh hải quân Aurelia dành cho nữ
25902,Women,Apparel,Bottomwear,Leggings,Grey,Summer,2012.0,Casual,Femella Women Grey Skinny Leggings,Quần legging skinny màu xám Femella dành cho nữ
22458,Women,Apparel,Bottomwear,Leggings,Pink,Fall,2011.0,Casual,Myntra Women Pink Leggings,Quần legging màu hồng dành cho nữ của Myntra
41320,Women,Apparel,Bottomwear,Leggings,Rust,Summer,2012.0,Casual,Aurelia Women Rust Leggings,Quần legging màu gỉ sét Aurelia dành cho nữ
25915,Women,Apparel,Bottomwear,Leggings,Grey,Summer,2012.0,Casual,Femella Women Grey Leggings,Quần legging màu xám Femella dành cho nữ
23046,Women,Apparel,Bottomwear,Leggings,Black,Fall,2011.0,Casual,Arrow Woman Black Printed Jeggings,Quần legging in họa tiết màu đen Arrow Woman
17619,Girls,Apparel,Bottomwear,Leggings,White,Fall,2011.0,Casual,Doodle Girls Lace Bow White Leggings,Quần legging trắng thắt nơ ren Doodle Girls
28878,Women,Apparel,Bottomwear,Leggings,Lavender,Summer,2012.0,Casual,BIBA OUTLET Women Lavender Leggings,Quần legging nữ màu tím oải hương BIBA OUTLET
39326,Girls,Apparel,Bottomwear,Leggings,Black,Summer,2012.0,Casual,Gini and Jony Girls Black Leggings,Quần legging đen dành cho bé gái Gini và Jony
12159,Women,Apparel,Bottomwear,Leggings,Red,Fall,2011.0,Ethnic,Aurelia Women Solid Red Leggings,Quần legging nữ Aurelia màu đỏ trơn
11099,Women,Apparel,Bottomwear,Leggings,Black,Fall,2011.0,Ethnic,Scullers Women Solid Black Leggings,Quần legging nữ màu đen trơn hiệu Scullers
22466,Women,Apparel,Bottomwear,Leggings,Cream,Fall,2011.0,Casual,Myntra Women Cream Patiala Salwar,Quần Patiala Salwar màu kem dành cho nữ của Myntra
38933,Girls,Apparel,Bottomwear,Leggings,Pink,Summer,2012.0,Casual,Gini and Jony Girls Pink Leggings,Quần legging màu hồng dành cho bé gái Gini và Jony
57922,Women,Apparel,Bottomwear,Leggings,Purple,Summer,2010.0,Casual,Femella Women Purple Leggings,Quần legging màu tím Femella dành cho nữ
57925,Women,Apparel,Bottomwear,Leggings,Charcoal,Fall,2012.0,Casual,Femella Women Charcoal Leggings,Quần legging màu than chì Femella dành cho nữ
43589,Girls,Apparel,Bottomwear,Capris,Pink,Summer,2012.0,Casual,Gini and Jony Girls Fixed Weast Pink Capris,Quần lửng màu hồng cạp chun cho bé gái Gini và Jony
57099,Women,Apparel,Bottomwear,Capris,Purple,Summer,2012.0,Casual,Elle Women Purple Capris,Quần lửng màu tím Elle dành cho nữ
27014,Women,Apparel,Bottomwear,Capris,Blue,Summer,2012.0,Casual,Jealous 21 Women Washed Blue Capris,"21 Phụ Nữ Ghen Tị, Quần Capri Xanh Giặt"
43077,Women,Apparel,Bottomwear,Capris,Grey,Summer,2012.0,Sports,Nike Womens Grey Capris,Quần lửng nữ Nike màu xám
57205,Women,Apparel,Bottomwear,Capris,White,Fall,2012.0,Casual,Kraus Jeans Women White Capris,Quần lửng Kraus Jeans dành cho nữ màu trắng
57096,Women,Apparel,Bottomwear,Capris,Blue,Summer,2012.0,Casual,Elle Women Blue Chambray Capris,Quần lửng vải chambray xanh dương hiệu Elle dành cho nữ
46733,Girls,Apparel,Bottomwear,Capris,Navy Blue,Summer,2012.0,Casual,Gini and Jony Girls Navy Blue Capris,Quần lửng màu xanh hải quân dành cho bé gái Gini và Jony
28461,Women,Apparel,Bottomwear,Capris,Black,Summer,2012.0,Casual,Urban Yoga Women Black Capris,Quần lửng đen Urban Yoga dành cho nữ
41975,Girls,Apparel,Bottomwear,Capris,White,Summer,2012.0,Casual,Gini and Jony Girls White Pedal Pusher,Gini và Jony Girls White Pedal Pusher
15484,Women,Apparel,Bottomwear,Capris,Black,Fall,2011.0,Casual,Puma Women TP  Black Capris,Quần lửng nữ Puma TP màu đen
6860,Women,Apparel,Bottomwear,Skirts,Black,Summer,2011.0,Casual,Forever New Women's Short Black Skirt,Chân váy ngắn màu đen dành cho nữ của Forever New
12839,Women,Apparel,Bottomwear,Skirts,Black,Fall,2011.0,Casual,Ant Kids Pleated Black Skirts,Váy xếp ly màu đen Ant Kids
30925,Women,Apparel,Bottomwear,Skirts,Black,Summer,2012.0,Ethnic,Fabindia Women Printed Black Ghera Skirt,Váy Ghera in họa tiết màu đen dành cho nữ của Fabindia
27199,Women,Apparel,Bottomwear,Skirts,Grey,Summer,2012.0,Casual,Doodle Kids Girl Printed Grey Skirt,Váy in họa tiết màu xám cho bé gái Doodle Kids
40433,Women,Apparel,Bottomwear,Skirts,Multi,Summer,2012.0,Casual,Tonga Women Multi Colored Skirt,Váy nhiều màu của phụ nữ Tonga
41003,Girls,Apparel,Bottomwear,Skirts,Blue,Summer,2012.0,Casual,Gini and Jony Girls Woven Blue Skirt,Váy dệt màu xanh dương dành cho bé gái Gini và Jony
10654,Women,Apparel,Bottomwear,Skirts,Blue,Fall,2011.0,Casual,Doodle Girl Denim skirt with belt Blue Skirts,"Váy denim Doodle Girl có thắt lưng, váy màu xanh dương."
47658,Women,Apparel,Bottomwear,Skirts,Purple,Summer,2012.0,Casual,Femella Women Purple & Black Skirt,Váy Femella màu tím và đen dành cho nữ
34148,Girls,Apparel,Bottomwear,Skirts,Blue,Summer,2012.0,Casual,Gini and Jony Girls Washed Blue Skirt,Váy xanh nhạt dành cho bé gái Gini và Jony
57089,Women,Apparel,Bottomwear,Skirts,Navy Blue,Summer,2012.0,Casual,Elle Women Blue Skirt,Váy xanh Elle dành cho nữ
8493,Women,Apparel,Bottomwear,Skirts,Black,Fall,2011.0,Casual,Forever New Women Black Skirts,Váy đen Forever New dành cho nữ
30923,Women,Apparel,Bottomwear,Skirts,Mustard,Summer,2012.0,Ethnic,Fabindia Women Printed Mustard Skirt,Váy in họa tiết màu mù tạt dành cho nữ của Fabindia
34493,Women,Apparel,Bottomwear,Skirts,Grey,Summer,2012.0,Formal,Van Heusen Woman Grey Skirt,Váy xám nữ Van Heusen
46813,Girls,Apparel,Bottomwear,Skirts,Pink,Summer,2012.0,Casual,Gini and Jony Girls Pink Skirt,Váy hồng của Gini và Jony dành cho bé gái
30929,Women,Apparel,Bottomwear,Skirts,Grey,Summer,2012.0,Ethnic,Fabindia Women Grey Skirt,Váy xám nữ Fabindia
44646,Women,Apparel,Bottomwear,Skirts,Black,Summer,2012.0,Formal,Arrow Woman Black Skirt,Váy đen của Arrow Woman
18710,Women,Apparel,Bottomwear,Skirts,Tan,Fall,2011.0,Casual,Arrow Woman Printed Tan Skirt,Váy màu be in họa tiết Arrow Woman
5586,Girls,Apparel,Bottomwear,Skirts,Brown,Summer,2011.0,Casual,Ant Kids Girl's Tiger Print Kidswear,Quần áo trẻ em in hình hổ dành cho bé gái hiệu Ant Kids
4930,Women,Apparel,Bottomwear,Skirts,Blue,Summer,2011.0,Casual,Gini and Jony Girl's Vanida Blue Dungree Infant Kidswear,Quần yếm trẻ em màu xanh Vanida của Gini và Jony dành cho bé gái.
40432,Women,Apparel,Bottomwear,Skirts,Black,Summer,2012.0,Formal,Tonga Women Black Skirt,Váy đen dành cho phụ nữ Tonga
57996,Women,Apparel,Dress,Dresses,Black,Fall,2012.0,Casual,Latin Quarters Women Black Dress,Váy đen dành cho nữ khu phố Latinh
31128,Girls,Apparel,Dress,Dresses,Blue,Summer,2012.0,Casual,Gini and Jony Girls Printed Teal Dress,Váy in họa tiết màu xanh ngọc cho bé gái Gini và Jony
31126,Girls,Apparel,Dress,Dresses,White,Summer,2012.0,Casual,Gini and Jony Girls White Dress,Váy trắng của Gini và Jony dành cho bé gái
57991,Women,Apparel,Dress,Dresses,Blue,Fall,2012.0,Casual,Latin Quarters Women Blue Dress,Váy xanh dành cho nữ khu phố Latinh
44643,Women,Apparel,Dress,Dresses,Black,Summer,2012.0,Casual,Arrow Woman Black Dress,Váy đen Arrow Woman
25907,Women,Apparel,Dress,Dresses,Purple,Summer,2012.0,Casual,Femella Women Purple Dress,Đầm tím Femella dành cho nữ
34565,Women,Apparel,Dress,Dresses,Black,Summer,2012.0,Casual,Tonga Women Printed Black Dress,Váy đen in họa tiết dành cho phụ nữ Tonga
43513,Women,Apparel,Dress,Dresses,Orange,Summer,2012.0,Casual,French Connection Women Orange Dress,Đầm cam dành cho nữ hiệu French Connection
43586,Girls,Apparel,Dress,Dresses,Blue,Summer,2012.0,Casual,Gini and Jony Girls Blue Saloppette,Gini và Jony Girls Blue Saloppette
33969,Women,Apparel,Dress,Dresses,Black,Spring,2012.0,Party,Femella Women Black Dress,Đầm đen Femella dành cho nữ
38828,Women,Apparel,Dress,Dresses,Teal,Summer,2012.0,Casual,Latin Quarters Women Teal Dress,Váy màu xanh ngọc dành cho nữ khu phố Latinh
59996,Women,Apparel,Dress,Dresses,Purple,Summer,2014.0,Casual,Avirate Black & Purple Dress,Váy Avirate màu đen và tím
43646,Women,Apparel,Dress,Dresses,Blue,Summer,2012.0,Casual,ONLY Women Blue Dress,Váy xanh dành riêng cho nữ
43510,Women,Apparel,Dress,Dresses,Maroon,Fall,2012.0,Casual,French Connection Women Maroon Knitted Dress,Đầm dệt kim màu đỏ tía dành cho nữ của French Connection
24929,Girls,Apparel,Dress,Dresses,Navy Blue,Summer,2012.0,Casual,United Colors of Benetton Kids Girls Navy Blue Dress,Đầm màu xanh hải quân cho bé gái của United Colors of Benetton
57053,Women,Apparel,Dress,Dresses,Pink,Summer,2012.0,Casual,Elle Pink Vintage Dress,Váy vintage màu hồng Elle
27196,Girls,Apparel,Dress,Dresses,Yellow,Summer,2012.0,Casual,Doodle Girls Yellow Dress,Váy vàng của Doodle Girls
59973,Women,Apparel,Dress,Dresses,Navy Blue,Fall,2012.0,Casual,Avirate Women Navy Blue Dress,Đầm màu xanh hải quân Avirate dành cho nữ
43637,Women,Apparel,Dress,Dresses,Pink,Summer,2012.0,Casual,Vero Moda Women Pink Dress,Đầm hồng Vero Moda dành cho nữ
39716,Women,Apparel,Dress,Dresses,Blue,Summer,2012.0,Casual,Arrow Woman Women Blue Dress,Váy xanh dương dành cho nữ của Arrow Woman
34598,Women,Apparel,Dress,Dresses,Black,Summer,2012.0,Casual,Tonga Women Printed Black Dress,Váy đen in họa tiết dành cho phụ nữ Tonga
58493,Women,Apparel,Dress,Dresses,Grey,Fall,2012.0,Casual,Tonga Women Grey Dress,Váy xám dành cho phụ nữ Tonga
47675,Women,Apparel,Dress,Dresses,Black,Summer,2012.0,Casual,Femella Women Black Animal Printed Dress,Đầm in họa tiết động vật màu đen Femella dành cho nữ
58425,Women,Apparel,Dress,Dresses,Grey,Summer,2012.0,Casual,AND by Anita Dongre Women Grey Dress,Đầm xám nữ của Anita Dongre
18168,Girls,Apparel,Dress,Dresses,Pink,Fall,2011.0,Casual,Doodle Kids Girls Party Frock Pink Dress,Váy dự tiệc màu hồng cho bé gái Doodle Kids
33970,Women,Apparel,Dress,Dresses,Navy Blue,Summer,2012.0,Casual,Femella Women Navy Blue Dress,Đầm màu xanh hải quân Femella dành cho nữ
43919,Women,Apparel,Dress,Dresses,Navy Blue,Summer,2012.0,Casual,Femella Women Navy Blue Printed Dress,Đầm in họa tiết màu xanh hải quân Femella dành cho nữ
25908,Women,Apparel,Dress,Dresses,Red,Summer,2012.0,Casual,Femella Women Red Dress,Váy đỏ dành cho nữ
49631,Women,Apparel,Dress,Dresses,Cream,Summer,2012.0,Casual,Mineral Cream Dress,Váy kem khoáng chất
6874,Women,Apparel,Dress,Dresses,Pink,Summer,2011.0,Casual,Forever New Women Pink Sleeveless Dress,Đầm hồng không tay Forever New dành cho nữ
41302,Girls,Apparel,Dress,Dresses,Pink,Summer,2012.0,Casual,Gini and Jony Girls Blue Saloppette,Gini và Jony Girls Blue Saloppette
38844,Women,Apparel,Dress,Dresses,Black,Summer,2012.0,Casual,Latin Quarters Women Black & White Printed Dress,Đầm in họa tiết đen trắng dành cho nữ của Latin Quarters
59981,Women,Apparel,Dress,Dresses,Black,Fall,2012.0,Party,Avirate  Black & Purple Women Dress,Đầm Avirate màu đen và tím dành cho nữ
57998,Women,Apparel,Dress,Dresses,Blue,Fall,2012.0,Casual,Latin Quarters Women Blue Dress,Váy xanh dành cho nữ khu phố Latinh
33503,Women,Apparel,Dress,Dresses,White,Summer,2012.0,Casual,Doodle Kids Girl Printed White Dress,Đầm trắng in họa tiết Doodle Kids dành cho bé gái
43672,Women,Apparel,Dress,Dresses,Peach,Summer,2012.0,Casual,ONLY Women Peach Dress,Đầm màu đào dành riêng cho nữ
38839,Women,Apparel,Dress,Dresses,Olive,Summer,2012.0,Casual,Latin Quarters Women Black Printed Dress,Đầm in họa tiết đen dành cho nữ khu phố Latin
27197,Women,Apparel,Dress,Dresses,Pink,Summer,2012.0,Casual,Doodle Kids Girl Pink Dress,Váy hồng cho bé gái Doodle Kids
43694,Girls,Apparel,Dress,Dresses,Navy Blue,Summer,2012.0,Casual,Doodle Girls Navy Blue Dress,Váy màu xanh hải quân của Doodle Girls
47676,Women,Apparel,Dress,Dresses,Black,Summer,2012.0,Casual,Femella Women Black Animal Print Dress,Đầm in họa tiết động vật màu đen Femella dành cho nữ
41570,Women,Apparel,Dress,Dresses,Pink,Summer,2012.0,Casual,AND Women Pink Dress,Váy hồng dành cho nữ
25966,Women,Apparel,Dress,Dresses,Brown,Summer,2012.0,Casual,Femella Women Brown Dress,Đầm nâu Femella dành cho nữ
26974,Women,Apparel,Dress,Dresses,Pink,Summer,2012.0,Casual,Jealous 21 Women Pink Printed Dress,Đầm in họa tiết màu hồng Jealous 21 dành cho nữ
57989,Women,Apparel,Dress,Dresses,Blue,Fall,2012.0,Casual,Latin Quarters Women Blue Dress,Váy xanh dành cho nữ khu phố Latinh
38841,Women,Apparel,Dress,Dresses,Brown,Summer,2012.0,Casual,Latin Quarters Women Brown Check Dress,"Đầm kẻ caro nâu dành cho nữ, khu Latin Quarters"
52131,Girls,Apparel,Dress,Dresses,Blue,Summer,2012.0,Casual,Doodle Girls Blue Printed Dress,Váy in họa tiết màu xanh dương của Doodle Girls
13310,Women,Apparel,Dress,Dresses,White,Fall,2011.0,Casual,Gini and Jony Kids Girls Solid White Dresses,Váy trắng trơn cho bé gái Gini and Jony Kids
52162,Women,Apparel,Dress,Dresses,Black,Summer,2012.0,Casual,Femella Women Black Striped Tank Dress,Đầm tank top kẻ sọc đen Femella dành cho nữ
8479,Women,Apparel,Dress,Dresses,Cream,Fall,2011.0,Casual,Forever New Women Blossom Silk Cream Dress,Đầm lụa màu kem Blossom của Forever New dành cho nữ.
59967,Women,Apparel,Dress,Dresses,Black,Fall,2012.0,Party,Avirate Women Black Dress,Váy đen Avirate dành cho nữ
4936,Women,Apparel,Dress,Dresses,Black,Summer,2011.0,Casual,Gini and Jony Girl's Veata White Black Pink Infants Kidswear,Bộ quần áo trẻ em Veata màu trắng đen hồng của Gini và Jony dành cho bé gái.
58494,Women,Apparel,Dress,Dresses,Purple,Fall,2012.0,Casual,Tonga Women Purple Dress,Váy tím dành cho phụ nữ Tonga
34473,Women,Apparel,Dress,Dresses,Navy Blue,Summer,2012.0,Casual,Van Heusen Woman Navy Blue Dress,Váy xanh hải quân của phụ nữ Van Heusen
32576,Women,Apparel,Dress,Dresses,Orange,Summer,2012.0,Casual,ONLY Women Orange Party Dress,Đầm dự tiệc màu cam dành riêng cho nữ.
40412,Women,Apparel,Dress,Dresses,Pink,Summer,2012.0,Casual,Tonga Women Plum Dress,Váy mận của phụ nữ Tonga
38832,Women,Apparel,Dress,Dresses,White,Summer,2012.0,Casual,Latin Quarters Women White & Pink Printed Dress,Đầm in họa tiết trắng hồng dành cho nữ của Latin Quarters
8480,Women,Apparel,Dress,Dresses,Cream,Fall,2011.0,Casual,Forever New Women Magnolia Cream Dress,Đầm Magnolia màu kem của Forever New dành cho nữ
46277,Women,Apparel,Dress,Dresses,Red,Summer,2012.0,Casual,109F Red & White A-Line Dress,Đầm chữ A màu đỏ trắng 109F
33997,Women,Apparel,Dress,Dresses,Purple,Summer,2012.0,Casual,Femella Women Purple & Black Dress,Đầm tím và đen Femella dành cho nữ
48085,Women,Apparel,Dress,Dresses,Purple,Summer,2012.0,Casual,French Connection Women Purple Dress,Đầm tím dành cho nữ của French Connection
48470,Women,Apparel,Dress,Dresses,Teal,Summer,2012.0,Casual,French Connection Teal Dress,Váy màu xanh ngọc của French Connection
8483,Women,Apparel,Dress,Dresses,Blue,Fall,2011.0,Casual,Forever New Women Creme de Menthe Blue Dresses,Đầm Forever New Women Creme de Menthe màu xanh dương
43509,Women,Apparel,Dress,Dresses,Grey Melange,Summer,2012.0,Casual,French Connection Women Grey Melange Dress,Đầm xám melange dành cho nữ của French Connection
59965,Women,Apparel,Dress,Dresses,Black,Fall,2012.0,Casual,Avirate Black Dress,Váy đen Avirate
48525,Women,Apparel,Dress,Dresses,White,Summer,2012.0,Casual,French Connection Women White & Blue  Striped Dress,Đầm kẻ sọc trắng xanh dương dành cho nữ của French Connection
48478,Women,Apparel,Dress,Dresses,Beige,Winter,2011.0,Casual,French Connection Women Beige Dress,Đầm màu be dành cho nữ của French Connection
48482,Women,Apparel,Dress,Dresses,Red,Winter,2011.0,Casual,French Connection Women Red Dress,Đầm đỏ nữ hiệu French Connection
18897,Women,Apparel,Dress,Dresses,Green,Fall,2011.0,Casual,Arrow Woman Solid Green Dress,Váy xanh trơn của Arrow Woman
59978,Women,Apparel,Dress,Dresses,Brown,Fall,2012.0,Casual,Avirate Brown & Grey Check Dress,Váy kẻ caro nâu xám Avirate
41141,Women,Apparel,Dress,Dresses,Blue,Fall,2012.0,Casual,Allen Solly Woman Blue Dress,Váy xanh Allen Solly dành cho nữ
57994,Women,Apparel,Dress,Dresses,Brown,Fall,2012.0,Casual,Latin Quarters Women Brown Printed Dress,"Đầm in họa tiết màu nâu dành cho nữ, khu phố Latin"
58506,Women,Apparel,Dress,Dresses,Blue,Fall,2012.0,Casual,Tonga Women Printed Blue Dress,Váy in họa tiết màu xanh dương dành cho phụ nữ Tonga
58499,Women,Apparel,Dress,Dresses,White,Fall,2012.0,Casual,Tonga White Floral Design Dress,Váy Tonga màu trắng họa tiết hoa
59976,Women,Apparel,Dress,Dresses,Black,Fall,2012.0,Party,Avirate Black Dress,Váy đen Avirate
57050,Women,Apparel,Dress,Dresses,White,Summer,2012.0,Casual,Elle Color Clash Purple Dress,Váy tím phối màu Elle
57051,Women,Apparel,Dress,Dresses,Multi,Summer,2012.0,Casual,Elle Women Multi Coloured Dress,Váy nhiều màu của Elle dành cho nữ
38997,Girls,Apparel,Dress,Dresses,Blue,Summer,2012.0,Casual,Gini and Jony Girls Digital Blue Dress,Váy xanh kỹ thuật số dành cho bé gái Gini và Jony
27223,Women,Apparel,Dress,Dresses,Blue,Summer,2012.0,Casual,Doodle Kids Girl Printed Blue Dress,Váy in họa tiết màu xanh dương cho bé gái Doodle Kids
47656,Women,Apparel,Dress,Dresses,Black,Summer,2012.0,Casual,Femella Women Black Printed Dress,Đầm in họa tiết đen Femella dành cho nữ
50721,Girls,Apparel,Dress,Dresses,Pink,Summer,2012.0,Casual,Doodle Girls Pink Printed Dress,Váy in họa tiết màu hồng của Doodle Girls
26928,Women,Apparel,Dress,Dresses,Black,Summer,2012.0,Casual,Jealous 21 Women Black Dress,Váy đen Jealous 21 dành cho nữ
38830,Women,Apparel,Dress,Dresses,Navy Blue,Summer,2012.0,Casual,Latin Quarters Women Navy Blue Printed Dress,Đầm in họa tiết màu xanh hải quân dành cho nữ của Latin Quarters
48463,Women,Apparel,Dress,Dresses,Teal,Summer,2012.0,Casual,French Connection Teal & Brown Printed Dress,Đầm in họa tiết màu xanh ngọc và nâu của French Connection
43676,Women,Apparel,Dress,Dresses,Green,Summer,2012.0,Casual,French Connection Women Mint Green Dress,Đầm màu xanh bạc hà dành cho nữ của French Connection
58505,Women,Apparel,Dress,Dresses,Off White,Fall,2012.0,Casual,Tonga Women Printed Brown Dress,Váy in họa tiết màu nâu dành cho phụ nữ Tonga
18167,Girls,Apparel,Dress,Dresses,Magenta,Fall,2011.0,Casual,Doodle Kids Girls Party Frock Purple Dress,Váy đầm dự tiệc màu tím cho bé gái của Doodle Kids
52123,Girls,Apparel,Dress,Dresses,Pink,Summer,2012.0,Casual,Doodle Girls Pink Printed Dress,Váy in họa tiết màu hồng của Doodle Girls
43627,Women,Apparel,Dress,Dresses,Green,Summer,2012.0,Casual,Vero Moda Green Printed Shift Dress,Đầm suông in họa tiết màu xanh lá cây của Vero Moda
27224,Women,Apparel,Dress,Dresses,White,Summer,2012.0,Casual,Doodle Kids Girl Printed White Dress,Đầm trắng in họa tiết Doodle Kids dành cho bé gái
48476,Women,Apparel,Dress,Dresses,Blue,Winter,2011.0,Casual,French Connection Women Blue Dress,Đầm xanh dương dành cho nữ hiệu French Connection
34064,Girls,Apparel,Dress,Dresses,Blue,Summer,2012.0,Casual,Gini and Jony Girls Printed Teal Dress,Váy in họa tiết màu xanh ngọc cho bé gái Gini và Jony
52125,Girls,Apparel,Dress,Dresses,Pink,Summer,2012.0,Casual,Doodle Girls Pink Printed Dress,Váy in họa tiết màu hồng của Doodle Girls
14197,Women,Apparel,Dress,Dresses,Black,Fall,2011.0,Casual,AND Women Solid Black Dresses,VÀ Váy đen trơn dành cho nữ
59909,Women,Apparel,Dress,Dresses,Blue,Fall,2012.0,Casual,Femella Women Blue Dress,Váy xanh Femella dành cho nữ
58520,Women,Apparel,Dress,Dresses,Black,Fall,2012.0,Casual,Tonga Women Black Dress,Váy đen dành cho phụ nữ Tonga
34588,Women,Apparel,Dress,Dresses,Cream,Summer,2012.0,Casual,Tonga Women Cream Dress,Váy màu kem dành cho phụ nữ Tonga
4932,Women,Apparel,Dress,Dresses,Blue,Summer,2011.0,Casual,Gini and Jony Girl's Valerie Blue White Infant Kidswear,Bộ đồ trẻ em Valerie màu xanh trắng của Gini và Jony Girl.
4933,Women,Apparel,Dress,Dresses,Peach,Summer,2011.0,Casual,Gini and Jony Girl's Valerie Peach White Kidswear,Bộ đồ trẻ em Valerie Peach White của Gini và Jony Girl
38836,Women,Apparel,Dress,Dresses,Blue,Summer,2012.0,Casual,Latin Quarters Women Blue Dress,Váy xanh dành cho nữ khu phố Latinh
38838,Women,Apparel,Dress,Dresses,Pink,Fall,2012.0,Casual,Latin Quarters Women Pink & Black Printed Dress,Đầm in họa tiết hồng và đen của Latin Quarters dành cho nữ
15789,Men,Apparel,Innerwear,Briefs,Grey,Summer,2016.0,Casual,Facit Men Grey Comfort Briefs,Quần lót nam Facit màu xám thoải mái
28043,Men,Apparel,Innerwear,Briefs,Grey Melange,Summer,2016.0,Casual,Jockey ELANCE Men Grey Melange Brief 1008,Quần lót Jockey ELANCE nam màu xám pha 1008
53537,Women,Apparel,Innerwear,Briefs,Multi,Winter,2015.0,Casual,Amante Women Pack of 3 Assorted Briefs PFCP12,Bộ 3 quần lót nữ Amante PFCP12 (nhiều màu sắc khác nhau)
27976,Men,Apparel,Innerwear,Briefs,Charcoal,Winter,2016.0,Casual,Jockey Men Charcoal Zone Stretch Briefs,Quần lót nam Jockey Charcoal Zone Stretch Briefs
28896,Women,Apparel,Innerwear,Briefs,Maroon,Summer,2017.0,Casual,Enamor Women Maroon Mid-Rise Bikini Brief,Quần bikini cạp trung màu đỏ tía Enamor dành cho nữ
45633,Men,Apparel,Innerwear,Briefs,Navy Blue,Summer,2016.0,Casual,Park Avenue Men Navy Blue Swank Brief,Quần lót nam Park Avenue màu xanh hải quân hiệu Swank
28048,Men,Apparel,Innerwear,Briefs,White,Summer,2016.0,Casual,Jockey ELANCE Men White Hi-Cut Brief 1008,"Quần lót nam Jockey ELANCE màu trắng, kiểu dáng cạp cao, mã sản phẩm 1008."
53469,Women,Apparel,Innerwear,Briefs,Mauve,Winter,2015.0,Casual,Amante Women Mauve Briefs BCNE11,Tóm tắt Amante nữ màu hoa cà BCNE11
53527,Women,Apparel,Innerwear,Briefs,Maroon,Summer,2018.0,Casual,Amante Women Maroon Lace Briefs PCFR21,"Quần lót ren màu đỏ tía Amante dành cho nữ, mã PCFR21"
25388,Men,Apparel,Innerwear,Briefs,White,Summer,2016.0,Casual,Levis Men Pack of 3 Briefs,"Quần lót Levi's nam, bộ 3 chiếc."
18391,Men,Apparel,Innerwear,Briefs,White,Summer,2016.0,Casual,Undercolors of Benetton Men Pack of 2 White V-Briefs,"Quần lót nam Undercolors Benetton, bộ 2 chiếc, màu trắng, kiểu dáng V-Briefs."
50523,Men,Apparel,Innerwear,Briefs,Black,Winter,2016.0,Casual,Chromozome Men Black Pack of 2 Briefs,"Quần lót nam Chromozome màu đen, bộ 2 chiếc."
57409,Women,Apparel,Innerwear,Briefs,Off White,Winter,2015.0,Casual,Amante Women Off-White Lace Bikini Briefs PGSM02,Quần bikini ren màu trắng ngà Amante dành cho nữ PGSM02
27983,Men,Apparel,Innerwear,Briefs,Grey,Summer,2016.0,Casual,Jockey ZONE Men Zone Grey Brief US14,"Quần lót nam Jockey ZONE Zone màu xám, size US14."
19486,Men,Apparel,Innerwear,Briefs,Blue,Summer,2016.0,Casual,Levis Men Jazz Stripes Blue Brief,Quần lót Levi's nam kẻ sọc Jazz màu xanh dương
54608,Men,Apparel,Innerwear,Briefs,Blue,Summer,2016.0,Casual,Jockey ELANCE Men Blue Briefs 1009,Quần lót nam Jockey ELANCE màu xanh dương 1009
32717,Men,Apparel,Innerwear,Briefs,Black,Summer,2016.0,,Facit Men Black Brief,Quần lót nam Facit màu đen
25346,Men,Apparel,Innerwear,Briefs,Black,Summer,2016.0,Casual,Levis Men Black  Brief,Quần lót nam Levi's màu đen
28895,Women,Apparel,Innerwear,Briefs,Pink,Summer,2017.0,Casual,Enamor Women Pink Mid-Rise Bikini Brief,Quần bikini cạp trung màu hồng hiệu Enamor dành cho nữ
50916,Men,Apparel,Innerwear,Briefs,White,Summer,2016.0,Casual,Parx Men White Briefs,Quần lót nam Parx màu trắng
50990,Women,Apparel,Innerwear,Briefs,Red,Summer,2017.0,Casual,Enamor Women Red Briefs,Quần lót nữ Enamor màu đỏ
59685,Women,Apparel,Innerwear,Briefs,Grey,Summer,2012.0,Casual,Avirate Grey Boyshort Brief,Quần lót Avirate Grey Boyshort
31415,Men,Apparel,Innerwear,Briefs,Navy Blue,Summer,2016.0,Casual,Spykar Men Navy Blue Trevor Brief,Quần lót nam Spykar Trevor màu xanh hải quân
47262,Men,Apparel,Innerwear,Briefs,White,Summer,2016.0,Casual,FCUK Underwear Men White & Black Brief,Quần lót nam FCUK màu trắng và đen
28053,Men,Apparel,Innerwear,Briefs,Navy Blue,Summer,2016.0,Casual,Jockey ELANCE Men Navy Blue Pack of 2 Briefs 1009,"Quần lót nam Jockey ELANCE màu xanh hải quân, bộ 2 chiếc, mã sản phẩm 1009"
50480,Men,Apparel,Innerwear,Briefs,Grey Melange,Winter,2016.0,Casual,Chromozome Men Grey Briefs,Quần lót nam Chromozome màu xám
50626,Men,Apparel,Innerwear,Briefs,Grey,Winter,2016.0,Casual,Chromozome Men Grey Briefs,Quần lót nam Chromozome màu xám
45639,Men,Apparel,Innerwear,Briefs,White,Summer,2016.0,Casual,Park Avenue Men White Y Front Brief,Quần lót nam Park Avenue màu trắng kiểu Y-front
59677,Women,Apparel,Innerwear,Briefs,Brown,Summer,2014.0,Casual,Avirate Black & White  Brief,Quần lót đen trắng Avirate
15814,Men,Apparel,Innerwear,Briefs,Black,Summer,2016.0,Casual,Facit Men Stringz Black Briefs,Facit Nam Stringz Quần Sịp Màu Đen
50995,Women,Apparel,Innerwear,Bra,Pink,Summer,2017.0,Casual,Enamor Trendies Pink Striped Full-Coverage Bra EB37,"Áo ngực Enamor Trendies sọc hồng, che phủ toàn diện EB37"
56278,Women,Apparel,Innerwear,Bra,Skin,Summer,2017.0,Casual,Biara Skin Coloured Everyday Support Bra MW 1002,"Áo ngực Biara màu da, hỗ trợ hàng ngày, cỡ MW 1002"
30510,Women,Apparel,Innerwear,Bra,White,Summer,2014.0,Casual,Lovable Women Spice White Bra,Áo ngực trắng Spice đáng yêu dành cho phụ nữ
56284,Women,Apparel,Innerwear,Bra,White,Summer,2017.0,Casual,Biara White Everyday Support Bra,Áo ngực Biara White Everyday Support Bra
56277,Women,Apparel,Innerwear,Bra,Maroon,Summer,2017.0,Casual,Biara Maroon Everyday Support Bra MW 1002,"Áo ngực Biara màu đỏ tía, hỗ trợ hàng ngày, cỡ MW 1002"
53475,Women,Apparel,Innerwear,Bra,Pink,Summer,2017.0,Casual,Amante Pink Full-Coverage Bra BCSB01,"Áo ngực Amante màu hồng, che phủ toàn diện BCSB01"
30468,Women,Apparel,Innerwear,Bra,Black,Summer,2014.0,Casual,Lovable Women All Day Long Black Bra,Áo ngực đen dành cho phụ nữ đáng yêu suốt cả ngày
27456,Women,Apparel,Innerwear,Bra,White,Winter,2015.0,Casual,Jockey Women White Full-Coverage Bra 1616,Áo ngực nữ Jockey màu trắng che phủ toàn diện 1616
59692,Women,Apparel,Innerwear,Bra,Black,Summer,2014.0,Casual,Avirate Black Bra,Áo ngực đen Avirate
30498,Women,Apparel,Innerwear,Bra,Brown,Summer,2012.0,Casual,Lovable Women Fiona Brown Bra,Áo ngực Fiona Brown dành cho phụ nữ đáng yêu
21663,Women,Apparel,Innerwear,Bra,White,Summer,2014.0,Casual,Enamor Women White Smooth Bra,Áo ngực trơn màu trắng Enamor dành cho nữ
30515,Women,Apparel,Innerwear,Bra,Blue,Summer,2017.0,Casual,Lovable Women Spice Blue Bra,Áo ngực màu xanh dương quyến rũ dành cho nữ
54318,Women,Apparel,Innerwear,Bra,Red,Summer,2017.0,Casual,Garfield Women Pink & Red Bra,Áo ngực nữ Garfield màu hồng và đỏ
50966,Women,Apparel,Innerwear,Bra,Navy Blue,Summer,2017.0,Casual,Enamor Navy Blue Smooth Bra,Áo ngực trơn màu xanh hải quân Enamor
53508,Women,Apparel,Innerwear,Bra,White,Winter,2015.0,Casual,Amante White Full-Coverage Bra BFOM12,Áo ngực Amante màu trắng che phủ toàn diện BFOM12
51021,Women,Apparel,Innerwear,Bra,Maroon,Summer,2017.0,Casual,Enamor Wine Coloured Smooth Bra,Áo ngực trơn màu rượu vang Enamor
57361,Women,Apparel,Innerwear,Bra,Pink,Winter,2015.0,Casual,Amante Pink Printed Full-Coverage Bra BGTC01,"Áo ngực Amante màu hồng in họa tiết, che phủ toàn diện BGTC01"
30529,Women,Apparel,Innerwear,Bra,Skin,Spring,2013.0,Casual,Lovable Cotton Essensuals Skin Coloured Bra,Áo ngực màu da đáng yêu của Cotton Essensuals
51011,Women,Apparel,Innerwear,Bra,Lavender,Summer,2017.0,Casual,Enamor Lavender Reveal Bra,Áo ngực Enamor Lavender Reveal
17466,Women,Apparel,Innerwear,Bra,White,Summer,2017.0,Casual,Beyouty Women Zena BR 01 White Bra,Áo ngực Beyouty Women Zena BR 01 màu trắng
53478,Women,Apparel,Innerwear,Bra,Off White,Summer,2017.0,Casual,Amante Off-White Full-Coverage Bra BCSB02,Áo ngực che phủ toàn diện Amante màu trắng ngà BCSB02
56286,Women,Apparel,Innerwear,Bra,Skin,Summer,2017.0,Casual,Biara Women Skin  Bra,Áo ngực da Biara dành cho nữ
21611,Women,Apparel,Innerwear,Bra,Pink,Summer,2014.0,Casual,Enamor Women Smooth Pink Bra,Áo ngực nữ Enamor màu hồng trơn
27129,Women,Apparel,Innerwear,Bra,White,Summer,2017.0,Casual,Miss-T White Bra,Áo ngực trắng Miss-T
51832,Women,Apparel,Innerwear,Bra,Beige,Summer,2016.0,Casual,Bwitch Beige Full-Coverage Bra BW335,Áo ngực che phủ toàn diện màu be Bwitch BW335
59725,Women,Apparel,Innerwear,Bra,White,Summer,2012.0,Casual,Avirate White Bra,Áo ngực trắng Avirate
51000,Women,Apparel,Innerwear,Bra,Maroon,Summer,2018.0,Casual,Enamor Maroon Bra FB06,Áo ngực Enamor màu đỏ tía FB06
53480,Women,Apparel,Innerwear,Bra,Mushroom Brown,Summer,2017.0,Casual,Amante Mushroom Brown Full-Coverage Bra BCSB02,"Áo ngực Amante màu nâu nấm, che phủ toàn diện BCSB02"
50519,Men,Apparel,Innerwear,Innerwear Vests,Charcoal,Summer,2016.0,Casual,Chromozome Men Charcoal Melange Innerwear Vest,Áo lót nam Chromozome màu than chì pha trộn
25371,Men,Apparel,Innerwear,Innerwear Vests,Maroon,Summer,2016.0,Casual,Levis Men Maroon Innerwear Vest,Áo vest nam Levis màu nâu sẫm
37533,Boys,Apparel,Innerwear,Innerwear Vests,Yellow,Summer,2012.0,Casual,Madagascar3 Boys Yellow Innerwear Vest,Áo lót màu vàng cho bé trai trong phim Madagascar 3
15825,Men,Apparel,Innerwear,Innerwear Vests,Red,Summer,2016.0,Casual,Facit Men Sportz Red Innerwear Vest,Áo lót nam Facit Men Sportz màu đỏ
15750,Men,Apparel,Innerwear,Innerwear Vests,Navy Blue,Summer,2016.0,Casual,Facit Men Fitness Ves Navy Blue Innerwear Vests,Áo lót thể thao nam Facit màu xanh hải quân.
37587,Girls,Apparel,Innerwear,Innerwear Vests,Green,Summer,2012.0,Casual,Madagascar3 Girls Green Innerwear Vest,Áo khoác trong màu xanh lá cây cho bé gái Madagascar3
13572,Men,Apparel,Innerwear,Innerwear Vests,Red,Summer,2016.0,Casual,Hanes Men Racer Back Red Innerwear Vests,Áo lót nam Hanes kiểu lưng chữ Y màu đỏ.
49976,Men,Apparel,Innerwear,Innerwear Vests,Red,Summer,2016.0,Casual,Hanes Men Red Innerwear Vest,Áo lót nam Hanes màu đỏ
17878,Men,Apparel,Innerwear,Innerwear Vests,Maroon,Summer,2016.0,Casual,Levis Men Comfort Style Maroon Innerwear Vest,Áo lót nam Levi's Comfort Style màu đỏ tía
28487,Men,Apparel,Innerwear,Innerwear Vests,Grey,Summer,2016.0,Casual,Urban Yoga Men Printed Grey Innerwear T-shirt,"Áo thun nam Urban Yoga in họa tiết màu xám, thích hợp mặc trong."
50499,Men,Apparel,Innerwear,Innerwear Vests,Grey Melange,Summer,2016.0,Casual,Chromozome Men Grey Melange Innerwear Vest,Áo lót nam Chromozome màu xám pha trộn
13574,Men,Apparel,Innerwear,Innerwear Vests,White,Summer,2016.0,Casual,Hanes Men Rib Chest White Innerwear Vests,Áo lót nam Hanes màu trắng có gân ngực.
15756,Men,Apparel,Innerwear,Innerwear Vests,White,Summer,2016.0,Casual,Facit Men Regular White Innerwear Vest,Áo lót nam Facit màu trắng thường ngày
18383,Men,Apparel,Innerwear,Innerwear Vests,White,Summer,2016.0,Casual,Undercolors of Benetton Men Racer White Innerwear Vest,Áo lót nam Benetton Racer màu trắng (không tay)
27948,Men,Apparel,Innerwear,Trunk,Charcoal,Summer,2016.0,Casual,Jockey CSM Men Comfort Stretch Charcoal Trunks CS04,Quần đùi nam Jockey CSM Comfort Stretch màu than chì CS04
25362,Men,Apparel,Innerwear,Trunk,Black,Summer,2016.0,Casual,Levis Men Black & Grey Trunks,Quần đùi Levi's nam màu đen và xám
27960,Men,Apparel,Innerwear,Trunk,Black,Summer,2018.0,Casual,Jockey SPORT PERFORMANCE Men Black Trunks SP08,Quần đùi nam Jockey SPORT PERFORMANCE màu đen SP08
50676,Men,Apparel,Innerwear,Trunk,Grey Melange,Summer,2016.0,Casual,Chromozome Men Grey Melange Trunks,Quần đùi nam Chromozome màu xám pha trộn
50673,Men,Apparel,Innerwear,Trunk,Black,Summer,2016.0,Casual,Chromozome Men Black Trunks,Quần đùi đen Chromozome dành cho nam
32106,Men,Apparel,Innerwear,Trunk,Grey,Summer,2016.0,Casual,Playboy Men Crocker Grey Trunks,Quần đùi nam Playboy Crocker màu xám
18695,Men,Apparel,Innerwear,Trunk,White,Summer,2016.0,Casual,Hanes Men White Modern Duo Dry Cotton Stretch Trunks,"Quần đùi nam Hanes màu trắng, chất liệu cotton co giãn, thoáng khí, chống nước."
17862,Men,Apparel,Innerwear,Trunk,Navy Blue,Summer,2016.0,Casual,Levis Men Boxer Navy Blue Trunks,Quần đùi nam Levi's màu xanh hải quân
52438,Women,Apparel,Loungewear and Nightwear,Nightdress,Pink,Winter,2015.0,Casual,Red Rose Pink & White Nightdress,Váy ngủ hoa hồng đỏ hồng và trắng
52371,Women,Apparel,Loungewear and Nightwear,Nightdress,Blue,Winter,2015.0,Casual,Red Rose Women Blue Nightdress,"Váy ngủ màu xanh dương dành cho nữ, hoa hồng đỏ."
59716,Women,Apparel,Loungewear and Nightwear,Nightdress,Black,Summer,2012.0,Casual,Avirate Black Babydoll Nightdress,Váy ngủ babydoll đen Avirate
52429,Women,Apparel,Loungewear and Nightwear,Nightdress,White,Winter,2015.0,Casual,Red Rose Women White Nightdress,"Áo ngủ trắng dành cho nữ, hoa hồng đỏ"
45082,Women,Apparel,Loungewear and Nightwear,Nightdress,Pink,Summer,2016.0,Casual,Bwitch Pink Nightdress,Váy ngủ màu hồng phù thủy
52424,Women,Apparel,Loungewear and Nightwear,Nightdress,Cream,Winter,2015.0,Casual,Red Rose Women Cream Nightdress,Váy ngủ màu kem hoa hồng đỏ dành cho nữ
52373,Women,Apparel,Loungewear and Nightwear,Nightdress,Pink,Summer,2017.0,Casual,Red Rose Women Pink Nightdress,Váy ngủ màu hồng hoa hồng đỏ dành cho nữ
52404,Women,Apparel,Loungewear and Nightwear,Nightdress,Blue,Winter,2015.0,Casual,Red Rose Women Blue Nightdress,"Váy ngủ màu xanh dương dành cho nữ, hoa hồng đỏ."
52411,Women,Apparel,Loungewear and Nightwear,Nightdress,Maroon,Winter,2015.0,Casual,Red Rose Maroon Nightdress,Váy ngủ hoa hồng đỏ màu đỏ sẫm
55787,Women,Apparel,Loungewear and Nightwear,Nightdress,Pink,Summer,2017.0,Casual,SDL by Sweet Dreams Women Pink Nightdress,Đầm ngủ màu hồng dành cho nữ của SDL by Sweet Dreams
55797,Women,Apparel,Loungewear and Nightwear,Nightdress,Green,Summer,2017.0,Casual,SDL by Sweet Dreams Women Pista Green Nightdress,Đầm ngủ nữ SDL màu xanh lá cây nhạt (Pista Green)
59748,Women,Apparel,Loungewear and Nightwear,Nightdress,Cream,Summer,2017.0,Casual,Avirate Cream Nightdress,Váy ngủ màu kem Avirate
52374,Women,Apparel,Loungewear and Nightwear,Nightdress,Blue,Winter,2015.0,Casual,Red Rose Women Blue Nightdress,"Váy ngủ màu xanh dương dành cho nữ, hoa hồng đỏ."
39242,Women,Apparel,Loungewear and Nightwear,Nightdress,Pink,Summer,2017.0,Casual,Femella Women Pink Nightdress,Váy ngủ màu hồng Femella dành cho nữ
52372,Women,Apparel,Loungewear and Nightwear,Nightdress,Green,Winter,2015.0,Casual,Red Rose Women Green Nightdress,"Áo ngủ màu xanh lá cây dành cho nữ, hoa hồng đỏ."
52405,Women,Apparel,Loungewear and Nightwear,Nightdress,Black,Winter,2015.0,Casual,Red Rose Women Black Nightdress,Váy ngủ đen dành cho nữ của Red Rose
52446,Women,Apparel,Loungewear and Nightwear,Nightdress,Red,Winter,2015.0,Casual,Red Rose Red & Black Nightdress,Váy ngủ hoa hồng đỏ và đen
52340,Women,Apparel,Loungewear and Nightwear,Nightdress,Blue,Winter,2015.0,Casual,Red Rose Women Blue Nightdress,"Váy ngủ màu xanh dương dành cho nữ, hoa hồng đỏ."
56236,Men,Apparel,Loungewear and Nightwear,Night suits,Black,Summer,2016.0,Casual,SDL by Sweet Dreams Men Black Pyjama Set,Bộ đồ ngủ nam màu đen SDL by Sweet Dreams
43462,Women,Apparel,Loungewear and Nightwear,Night suits,White,Summer,2017.0,Casual,SDL by Sweet Dreams Women White Night suits,Bộ đồ ngủ trắng SDL by Sweet Dreams dành cho nữ
36255,Men,Apparel,Loungewear and Nightwear,Night suits,Grey,Summer,2016.0,Casual,SDL by Sweet Dreams Men Grey & Red Pyjama Set,Bộ đồ ngủ nam màu xám và đỏ SDL by Sweet Dreams
56263,Men,Apparel,Loungewear and Nightwear,Night suits,Mustard,Summer,2016.0,Casual,SDL by Sweet Dreams Men Mustard Pyjama Set,Bộ đồ ngủ màu mù tạt dành cho nam giới của SDL by Sweet Dreams
36287,Women,Apparel,Loungewear and Nightwear,Night suits,Blue,Summer,2017.0,Casual,SDL by Sweet Dreams Women Blue Night suits,Bộ đồ ngủ màu xanh dương dành cho nữ của SDL by Sweet Dreams
56261,Men,Apparel,Loungewear and Nightwear,Night suits,Navy Blue,Summer,2016.0,Casual,SDL by Sweet Dreams Men Navy Blue Pyjama Set,Bộ đồ ngủ nam màu xanh hải quân SDL by Sweet Dreams
36272,Women,Apparel,Loungewear and Nightwear,Night suits,Pink,Summer,2017.0,Casual,SDL by Sweet Dreams Women Pink Night suits,Bộ đồ ngủ màu hồng dành cho nữ của SDL by Sweet Dreams
36261,Men,Apparel,Loungewear and Nightwear,Night suits,Navy Blue,Summer,2016.0,Casual,SDL by Sweet Dreams Men Navy Blue Pyjama Set,Bộ đồ ngủ nam màu xanh hải quân SDL by Sweet Dreams
56232,Men,Apparel,Loungewear and Nightwear,Night suits,Blue,Summer,2016.0,Casual,SDL by Sweet Dreams Men Blue & Grey Pyjama Set,Bộ đồ ngủ nam màu xanh dương và xám SDL by Sweet Dreams
52017,Women,Apparel,Loungewear and Nightwear,Night suits,Black,Summer,2017.0,Casual,Inaya Women Black Pyjama Set,Bộ đồ ngủ đen Inaya dành cho nữ
36270,Women,Apparel,Loungewear and Nightwear,Night suits,Grey,Summer,2017.0,Casual,SDL by Sweet Dreams Women Grey Night suits,Bộ đồ ngủ màu xám dành cho nữ của SDL by Sweet Dreams
43469,Women,Apparel,Loungewear and Nightwear,Night suits,Brown,Summer,2017.0,Casual,SDL by Sweet Dreams Women Printed Brown Night suits,"Bộ đồ ngủ nữ SDL màu nâu in họa tiết, chất liệu vải thô."
36249,Men,Apparel,Loungewear and Nightwear,Night suits,White,Summer,2016.0,Casual,SDL by Sweet Dreams Men White & Grey Pyjama Set,Bộ đồ ngủ nam màu trắng và xám SDL by Sweet Dreams
43465,Women,Apparel,Loungewear and Nightwear,Night suits,Pink,Summer,2017.0,Casual,SDL by Sweet Dreams Women Pink Pyjama Set,Bộ đồ ngủ màu hồng dành cho nữ của SDL by Sweet Dreams
46308,Women,Accessories,Watches,Watches,White,Winter,2016.0,Casual,Fossil Women White Dial Watch AM4183,Đồng hồ nữ Fossil mặt trắng AM4183
51556,Men,Accessories,Watches,Watches,Black,Winter,2016.0,Casual,Fastrack Men Black Dial Watch,Đồng hồ Fastrack nam mặt đen
45174,Men,Accessories,Watches,Watches,Black,Winter,2016.0,Casual,CASIO ENTICER Men Black Dial Analogue Watch A582,"Đồng hồ nam CASIO ENTICER mặt đen, kim chỉ giờ, mã A582"
40549,Women,Accessories,Watches,Watches,Black,Winter,2016.0,Casual,Titan Women Black Watch,Đồng hồ nữ Titan màu đen
25651,Men,Accessories,Watches,Watches,Black,Summer,2017.0,Casual,Fastrack Men Black Dial Watch N9336SL03,Đồng hồ Fastrack nam mặt đen N9336SL03
40517,Men,Accessories,Watches,Watches,Cream,Winter,2016.0,Casual,Titan Men Cream Dial Watch,Đồng hồ nam Titan mặt số màu kem
56674,Men,Accessories,Watches,Watches,White,Winter,2016.0,Casual,Maxima Men White Dial Chronograph Watch,Đồng hồ bấm giờ Maxima nam mặt trắng
11135,Men,Accessories,Watches,Watches,Black,Winter,2016.0,Casual,Puma Men Visor Multifunction Silver white Black Watches,Đồng hồ Puma nam đa chức năng màu bạc trắng đen
29918,Men,Accessories,Watches,Watches,Grey,Winter,2016.0,Casual,Police Men Grey Dial Watch PL12698JSU,Đồng hồ nam cảnh sát mặt xám PL12698JSU
33929,Women,Accessories,Watches,Watches,Silver,Winter,2016.0,Casual,Citizen Women White Dial Watch,Đồng hồ Citizen nữ mặt trắng
50406,Women,Accessories,Watches,Watches,Black,Winter,2016.0,Casual,Miss Sixty Black Dial Watch,Đồng hồ mặt số đen Miss Sixty
10109,Women,Accessories,Watches,Watches,Steel,Winter,2016.0,Casual,Fastrack Women Denim Analogue Steel Watch,"Đồng hồ Fastrack nữ bằng thép không gỉ, kiểu dáng denim."
25338,Women,Accessories,Watches,Watches,Red,Winter,2016.0,Casual,CASIO Sheen Women Red Dial Chronograph Watch SX029 SHE-5017L-4ADF,Đồng hồ nữ CASIO Sheen mặt đỏ chronograph SX029 SHE-5017L-4ADF
56682,Men,Accessories,Watches,Watches,White,Winter,2016.0,Casual,Maxima Men White Chronograph Watch,Đồng hồ bấm giờ Maxima nam màu trắng
37295,Men,Accessories,Watches,Watches,Black,Winter,2016.0,Casual,Casio Enticer Men Black Analogue Watches (A501) MTD-1065B-1A2VDF,"Đồng hồ Casio Enticer nam màu đen, mặt số kim (A501) MTD-1065B-1A2VDF"
51644,Men,Accessories,Watches,Watches,White,Winter,2016.0,Casual,Fossil Men White Dial Chronograph Watch FS4716,Đồng hồ bấm giờ Fossil nam mặt trắng FS4716
32374,Women,Accessories,Watches,Watches,White,Winter,2016.0,Casual,Q&Q Women White Dial Watch,Đồng hồ nữ Q&Q mặt trắng
54659,Women,Accessories,Watches,Watches,Black,Winter,2016.0,Casual,Fastrack Women Red Dial Watch,Đồng hồ nữ Fastrack mặt đỏ
51638,Unisex,Accessories,Watches,Watches,Gold,Winter,2016.0,Casual,Fossil Unisex Gold-Toned Dial Chronograph Watch FS4724,Đồng hồ bấm giờ Fossil Unisex mặt số mạ vàng FS4724
23289,Women,Accessories,Watches,Watches,Black,Winter,2016.0,Casual,Maxima Ssteele Women Black Watch,Đồng hồ nữ Maxima Steele màu đen
19762,Men,Accessories,Watches,Watches,Black,Winter,2016.0,Casual,Ice Men Carbon Black Watch,Đồng hồ nam Ice Carbon Black
10705,Women,Accessories,Watches,Watches,Silver,Winter,2016.0,Casual,Esprit Women Twist Black Houston Silver Watches,Đồng hồ Esprit nữ Twist Black Houston Silver
36798,Men,Accessories,Watches,Watches,Silver,Winter,2016.0,Casual,Maxima Men Silver Dial Ssteele Watch,Đồng hồ Maxima nam mặt số bạc bằng thép không gỉ
51570,Men,Accessories,Watches,Watches,Silver,Winter,2016.0,Casual,Fastrack Men Silver Watch,Đồng hồ nam Fastrack màu bạc
11484,Men,Accessories,Watches,Watches,Black,Winter,2016.0,Casual,Puma Men Ocean Black Watch,Đồng hồ Puma Ocean Black dành cho nam
53586,Men,Accessories,Watches,Watches,Silver,Winter,2016.0,Casual,Q&Q Men Sliver Dial Watch,Đồng hồ nam Q&Q mặt bạc
39028,Men,Accessories,Watches,Watches,Black,Winter,2016.0,Casual,CASIO ENTICER Men Black Dial Watch A642,Đồng hồ nam CASIO ENTICER mặt đen A642
48028,Men,Accessories,Watches,Watches,Black,Winter,2016.0,Casual,Nautica Men Black Dial Chronograph Watch,Đồng hồ bấm giờ Nautica nam mặt đen
53609,Men,Accessories,Watches,Watches,Black,Winter,2016.0,Casual,Q&Q Men Black Digital Watch M051J007Y,Đồng hồ kỹ thuật số nam Q&Q màu đen M051J007Y
51660,Men,Accessories,Watches,Watches,Black,Winter,2016.0,Casual,Fossil Men Black Dial Watch AM4384,Đồng hồ Fossil nam mặt đen AM4384
51635,Women,Accessories,Watches,Watches,White,Winter,2016.0,Casual,Fossil Women White Dial Chronograph Watch CH2824,"Đồng hồ nữ Fossil mặt trắng, chronograph CH2824"
51566,Women,Accessories,Watches,Watches,White,Summer,2017.0,Casual,Fastrack Women White Dial Watch NB6027sm01,Đồng hồ nữ Fastrack mặt trắng NB6027sm01
29919,Men,Accessories,Watches,Watches,Black,Winter,2016.0,Casual,Police Men Black Dial Chronograph Watch PL12699JS-02,Đồng hồ bấm giờ mặt đen dành cho cảnh sát PL12699JS-02
45146,Men,Accessories,Watches,Watches,Gold,Winter,2016.0,Formal,CASIO ENTICER Men Chronograph Watch A482,Đồng hồ bấm giờ nam CASIO ENTICER A482
45872,Men,Accessories,Watches,Watches,Grey,Winter,2016.0,Casual,Maxima Men Dark Grey Dial Watch,Đồng hồ Maxima nam mặt số màu xám đậm
52670,Men,Accessories,Watches,Watches,Silver,Winter,2016.0,Casual,Morellato Men Silver Dial Watch,Đồng hồ nam Morellato mặt số bạc
25661,Women,Accessories,Watches,Watches,Black,Winter,2016.0,Casual,Fastrack Women Black Dial Watch NA2394SL02,Đồng hồ nữ Fastrack mặt đen NA2394SL02
51510,Men,Accessories,Watches,Watches,White,Winter,2016.0,Casual,Fastrack Men White Dial Watch,Đồng hồ Fastrack nam mặt trắng
37298,Men,Accessories,Watches,Watches,Blue,Winter,2016.0,Casual,CASIO Enticer Men Black Dial Analogue Watch A517,"Đồng hồ nam CASIO Entier mặt đen, kim chỉ giờ A517"
23521,Men,Accessories,Watches,Watches,Black,Winter,2016.0,Casual,ADIDAS Men Black Dial Watch,Đồng hồ nam ADIDAS mặt đen
51562,Men,Accessories,Watches,Watches,Black,Winter,2016.0,Casual,Fastrack Men Black Dial Watch 3062pp02b,Đồng hồ Fastrack nam mặt đen 3062pp02b
45011,Men,Accessories,Watches,Watches,Steel,Winter,2016.0,Casual,Maxima Men Digital Multifunction Watch,Đồng hồ kỹ thuật số đa chức năng Maxima dành cho nam
31844,Women,Accessories,Watches,Watches,Grey,Winter,2016.0,Casual,Titan Women Grey Dial Watch,Đồng hồ nữ Titan mặt số màu xám
51657,Men,Accessories,Watches,Watches,Blue,Winter,2016.0,Casual,Fossil Men Blue Chronograph Watch CH2694,Đồng hồ bấm giờ Fossil nam màu xanh dương CH2694
29411,Men,Accessories,Watches,Watches,White,Winter,2016.0,Casual,Giordano Men White Dial Watch,Đồng hồ nam Giordano mặt trắng
10701,Women,Accessories,Watches,Watches,Steel,Winter,2016.0,Casual,Esprit Women Silver Houston Steel Watches,Đồng hồ Esprit nữ màu bạc Houston bằng thép không gỉ
31821,Men,Accessories,Watches,Watches,Steel,Winter,2016.0,Casual,Titan Men Silver Dial Watch,Đồng hồ nam Titan mặt số bạc
46500,Men,Accessories,Watches,Watches,Steel,Winter,2016.0,Casual,Timex Men Silver Dial Watch,Đồng hồ nam Timex mặt số bạc
59227,Women,Accessories,Watches,Watches,Black,Winter,2016.0,Casual,Titan Women Black Watch,Đồng hồ nữ Titan màu đen
17460,Men,Accessories,Watches,Watches,Black,Winter,2016.0,Casual,CASIO G-Shock Men Black Analogue-Digital Watch GA-110GB-1ADR G339,"Đồng hồ nam CASIO G-Shock màu đen, hiển thị kim và số, model GA-110GB-1ADR G339"
46530,Women,Accessories,Watches,Watches,White,Winter,2016.0,Casual,Timex Women Silver-Toned Dial Watch T2N148,Đồng hồ nữ Timex mặt số màu bạc T2N148
21481,Men,Accessories,Watches,Watches,White,Winter,2016.0,Casual,Ice Men XXL White Watch,Đồng hồ Ice Men XXL màu trắng
29432,Men,Accessories,Watches,Watches,Black,Winter,2016.0,Casual,Giordano Men Black Dial Watch,Đồng hồ nam Giordano mặt đen
25609,Women,Accessories,Watches,Watches,Black,Winter,2016.0,Casual,Fastrack Women Black & Grey Dial Watch N2161SL06,Đồng hồ nữ Fastrack mặt đen xám N2161SL06
33876,Men,Accessories,Watches,Watches,Black,Winter,2016.0,Casual,Citizen Men Black Dial Chronograph Watch,Đồng hồ bấm giờ Citizen nam mặt đen
29446,Men,Accessories,Watches,Watches,Black,Winter,2016.0,Casual,Giordano Men Black Dial Watch,Đồng hồ nam Giordano mặt đen
26343,Women,Accessories,Watches,Watches,White,Winter,2016.0,Casual,DKNY Women White Dial Watch NY8305,Đồng hồ nữ DKNY mặt trắng NY8305
54679,Women,Accessories,Watches,Watches,Charcoal,Winter,2016.0,Casual,Fastrack Women White Dial Watch,Đồng hồ nữ Fastrack mặt trắng
43179,Men,Accessories,Watches,Watches,White,Winter,2016.0,Casual,Fastrack Men White Dial Watch,Đồng hồ Fastrack nam mặt trắng
25333,Women,Accessories,Watches,Watches,Black,Winter,2016.0,Casual,CASIO Sheen Women Analogue Watche SH110,Đồng hồ nữ CASIO Sheen Analog SH110
10698,Women,Accessories,Watches,Watches,Red,Winter,2016.0,Casual,Esprit Women Houston Red Ice Red Watch,Đồng hồ Esprit nữ Houston màu đỏ băng giá
29509,Women,Accessories,Watches,Watches,Blue,Winter,2016.0,Casual,Giordano Women Blue Dial Watch,Đồng hồ nữ Giordano mặt số xanh dương
30096,Men,Accessories,Watches,Watches,Black,Winter,2016.0,Casual,Ed Hardy Men Black Dial Watch,Đồng hồ nam Ed Hardy mặt đen
45003,Men,Accessories,Watches,Watches,Black,Winter,2016.0,Casual,Maxima Men Scuba Digital Watch,"Đồng hồ kỹ thuật số Maxima dành cho nam, kiểu dáng lặn biển."
56681,Men,Accessories,Watches,Watches,Black,Winter,2016.0,Casual,Maxima Men Black Dial Chronograph Watch,Đồng hồ bấm giờ Maxima nam mặt đen
45264,Men,Accessories,Watches,Watches,Olive,Winter,2016.0,Casual,CASIO G-Shock Olive Digital Watch G245,Đồng hồ kỹ thuật số CASIO G-Shock Olive G245
32299,Men,Accessories,Watches,Watches,White,Winter,2016.0,Casual,Q&Q Men White Dial Watch,Đồng hồ nam Q&Q mặt trắng
32336,Men,Accessories,Watches,Watches,White,Winter,2016.0,Casual,Q&Q Dynamiq Men White Dial Watch Q276J404Y,Đồng hồ nam Q&Q Dynamiq mặt trắng Q276J404Y
37322,Women,Accessories,Watches,Watches,Pink,Winter,2016.0,Casual,CASIO Sheen Women Mother Of Pearl Dial Watch SX019 SHE-4022D-4ADR,Đồng hồ nữ CASIO Sheen mặt số khảm xà cừ SX019 SHE-4022D-4ADR
51641,Men,Accessories,Watches,Watches,Black,Winter,2016.0,Casual,Fossil Men Black Dial Chronograph Watch FS4723,Đồng hồ bấm giờ Fossil nam mặt đen FS4723
37315,Men,Accessories,Watches,Watches,White,Winter,2016.0,Casual,CASIO Edifice Men White Dial Chronograph Watch EX006,"Đồng hồ nam CASIO Edifice mặt trắng, chức năng bấm giờ, mã EX006"
45885,Men,Accessories,Watches,Watches,Black,Winter,2016.0,Casual,Maxima Men Black Dial Watch,Đồng hồ Maxima nam mặt đen
45035,Men,Accessories,Watches,Watches,Grey,Winter,2016.0,Casual,Maxima Men Grey Dial Watch,Đồng hồ Maxima nam mặt số màu xám
40559,Men,Accessories,Watches,Watches,White,Winter,2016.0,Casual,Titan Men White Dial Watch,Đồng hồ nam Titan mặt trắng
10105,Women,Accessories,Watches,Watches,Steel,Winter,2016.0,Casual,Fastrack Women Analogue Leather Steel Watches,"Đồng hồ nữ Fastrack mặt số kim, dây da và thép."
29920,Men,Accessories,Watches,Watches,Black,Winter,2016.0,Casual,Police Men Black Dial Chronograph Watch PL12699JSB,Đồng hồ bấm giờ mặt đen dành cho cảnh sát PL12699JSB
53585,Men,Accessories,Watches,Watches,Blue,Winter,2016.0,Casual,Q&Q Men Blue Dial Watch,Đồng hồ nam Q&Q mặt số màu xanh dương
51537,Women,Accessories,Watches,Watches,Silver,Winter,2016.0,Casual,Fastrack Women Silver-Toned Dial Watch 9827pp06,Đồng hồ nữ Fastrack mặt số màu bạc 9827pp06
17455,Men,Accessories,Watches,Watches,Black,Winter,2016.0,Casual,Casio Enticer Men Silver Analogue Watches (A168) MTP-1192A-1ADF,"Đồng hồ Casio Enticer nam màu bạc, mặt số kim (A168) MTP-1192A-1ADF"
37472,Men,Accessories,Watches,Watches,Grey,Winter,2016.0,Casual,Esprit Men Grey Dial Watch,Đồng hồ Esprit mặt số xám dành cho nam
49327,Women,Accessories,Watches,Watches,White,Winter,2016.0,Casual,DKNY Women White Dial Watch NY4634,Đồng hồ nữ DKNY mặt trắng NY4634
22942,Women,Accessories,Watches,Watches,White,Winter,2016.0,Casual,Fastrack Women White Casual Watch,Đồng hồ nữ Fastrack màu trắng kiểu dáng thường ngày
11179,Men,Accessories,Watches,Watches,Brown,Winter,2016.0,Casual,Carrera Men Leather strap dial and golden frame Brown Watches,"Đồng hồ Carrera nam dây da, mặt số và viền vàng, màu nâu."
23287,Men,Accessories,Watches,Watches,White,Winter,2016.0,Casual,Maxima Men Ssteele White Dial Watch,Đồng hồ Maxima nam bằng thép không gỉ mặt trắng
49516,Men,Accessories,Watches,Watches,Silver,Winter,2016.0,Casual,Police Men Sliver-Toned Dial Watch PL12897JS-04M,Đồng hồ nam cảnh sát mặt số màu bạc PL12897JS-04M
25645,Men,Accessories,Watches,Watches,Black,Winter,2016.0,Casual,Fastrack Men Black Casual Watch,"Đồng hồ nam Fastrack màu đen, kiểu dáng thường ngày."
45189,Women,Accessories,Watches,Watches,Black,Winter,2016.0,Casual,CASIO ENTICER Women Black Dial Analogue Watch A638,"Đồng hồ nữ CASIO ENTICER mặt đen, kim chỉ giờ A638"
10585,Men,Accessories,Watches,Watches,Black,Winter,2016.0,Casual,Carrera Men Rubber strap dial Black Watches,"Đồng hồ Carrera nam dây đeo cao su, mặt số màu đen."
28430,Women,Accessories,Watches,Watches,Beige,Winter,2016.0,Formal,DKNY Women Beige Chronograph Watch NY8330,"Đồng hồ nữ DKNY màu be, kiểu chronograph, mã NY8330."
45113,Men,Accessories,Watches,Watches,Black,Winter,2016.0,Casual,Casio Enticer Men Silver Analogue Watch MTP-1233D-1ADF(A188),"Đồng hồ Casio Enticer nam màu bạc, mặt số MTP-1233D-1ADF (A188)"
40547,Women,Accessories,Watches,Watches,Silver,Winter,2016.0,Casual,Titan Women Silver Watch,Đồng hồ nữ Titan màu bạc
31826,Men,Accessories,Watches,Watches,Silver,Winter,2016.0,Casual,Titan Men White Dial Watch,Đồng hồ nam Titan mặt trắng
45259,Men,Accessories,Watches,Watches,Black,Winter,2016.0,Casual,Casio EDIFICE Men Chronograph Watch ED61 EF-305D-1AVDF,Đồng hồ bấm giờ nam Casio EDIFICE ED61 EF-305D-1AVDF
51627,Women,Accessories,Watches,Watches,White,Winter,2016.0,Casual,FOSSIL Women White Dial Watch ES3013,Đồng hồ nữ FOSSIL mặt trắng ES3013
40502,Men,Accessories,Watches,Watches,Cream,Winter,2016.0,Casual,Titan Men Cream-Coloured Dial Watch NB1072YL06,Đồng hồ nam Titan mặt số màu kem NB1072YL06
40560,Men,Accessories,Watches,Watches,Black,Summer,2017.0,Casual,Titan Men Black Dial Watch NB9154YM05A,Đồng hồ nam Titan mặt đen NB9154YM05A
29907,Men,Accessories,Watches,Watches,Black,Winter,2016.0,Casual,Police Men Black Dial Genuine Leather Watch,Đồng hồ nam cảnh sát mặt đen dây da thật
45263,Men,Accessories,Watches,Watches,Black,Winter,2016.0,Casual,CASIO G-SHOCK Men Black Dial Chronograph Watch G241,Đồng hồ bấm giờ nam CASIO G-SHOCK mặt đen G241
41035,Men,Accessories,Watches,Watches,White,Winter,2016.0,Casual,Nautica Men White Dial Watch,Đồng hồ Nautica nam mặt trắng
19261,Women,Accessories,Watches,Watches,Silver,Winter,2016.0,Casual,Guess Women Logo Glam Silver Watch,Đồng hồ Guess nữ logo Glam màu bạc
29977,Women,Accessories,Watches,Watches,White,Summer,2017.0,Casual,Aspen Women White Dial Watch AP1102,Đồng hồ nữ Aspen mặt trắng AP1102
54677,Women,Accessories,Watches,Watches,Black,Winter,2016.0,Casual,Fastrack Women Black Dial Watch NB9735NL02,Đồng hồ nữ Fastrack mặt đen NB9735NL02
30013,Men,Accessories,Watches,Watches,Black,Winter,2016.0,Casual,Kenneth Cole Men Black Dial Chronograph Watch,Đồng hồ bấm giờ mặt đen Kenneth Cole dành cho nam
45127,Men,Accessories,Watches,Watches,Blue,Winter,2016.0,Casual,Casio Enticer Men Silver Analogue Watch MTP-1214A-2AVDF(A343),"Đồng hồ Casio Enticer nam màu bạc, mặt số MTP-1214A-2AVDF (A343)"
36769,Men,Accessories,Watches,Watches,White,Winter,2016.0,Casual,Maxima Men White Dial Watch,Đồng hồ Maxima nam mặt trắng
59222,Women,Accessories,Watches,Watches,Maroon,Winter,2016.0,Casual,Titan Women Maroon Watch,Đồng hồ Titan dành cho nữ màu đỏ tía
43204,Men,Accessories,Watches,Watches,Black,Winter,2016.0,Casual,Fastrack Men Black Dial Watch,Đồng hồ Fastrack nam mặt đen
38030,Women,Accessories,Watches,Watches,Pink,Winter,2016.0,Casual,Q&Q Women Pink Watch,Đồng hồ nữ Q&Q màu hồng
49901,Unisex,Accessories,Watches,Watches,Blue,Winter,2016.0,Casual,Q&Q Kids Unisex Blue Analog Watch,Đồng hồ kim Q&Q Kids Unisex màu xanh dương
45151,Men,Accessories,Watches,Watches,White,Winter,2016.0,Casual,Casio Enticer Men Black Analogue Watch MTP-1302L-7BVDF(A490),"Đồng hồ Casio Enticer nam màu đen, mặt số kim, MTP-1302L-7BVDF (A490)"
45192,Men,Accessories,Watches,Watches,Gold,Winter,2016.0,Formal,CASIO ENTICER Men Gold-Toned Dial Analogue Watch A644,Đồng hồ nam CASIO ENTICER mặt số mạ vàng A644
10702,Women,Accessories,Watches,Watches,Steel,Winter,2016.0,Casual,Esprit Women Lissomy Glam Silver Black Steel Watches,Đồng hồ Esprit nữ Lissomy Glam màu bạc đen thép không gỉ
40515,Men,Accessories,Watches,Watches,Cream,Winter,2016.0,Casual,Titan Men Cream Dial Watch,Đồng hồ nam Titan mặt số màu kem
37307,Men,Accessories,Watches,Watches,Black,Winter,2016.0,Casual,Casio Youth Series Men Digital Watch W-213-1AVDF(D065),Đồng hồ kỹ thuật số nam Casio Youth Series W-213-1AVDF(D065)
53601,Men,Accessories,Watches,Watches,Black,Winter,2016.0,Casual,Q&Q Men Black Digital Watch M075J002Y,Đồng hồ kỹ thuật số nam Q&Q màu đen M075J002Y
43189,Women,Accessories,Watches,Watches,Steel,Winter,2016.0,Casual,Fastrack Women Steel Dial Watch,Đồng hồ nữ Fastrack mặt thép
56324,Women,Accessories,Watches,Watches,White,Winter,2016.0,Casual,Fastrack Women White Dial Watch,Đồng hồ nữ Fastrack mặt trắng
11001,Men,Accessories,Watches,Watches,Black,Winter,2016.0,Sports,Puma Men Top Fluctuation Red Black Watches,"Đồng hồ Puma nam màu đỏ đen, kiểu dáng năng động."
24487,Men,Accessories,Watches,Watches,Black,Winter,2016.0,Casual,Esprit Men Casual Black Watch,"Đồng hồ nam Esprit màu đen, kiểu dáng thường ngày."
59236,Men,Accessories,Watches,Watches,Silver,Winter,2016.0,Casual,Titan Men Silver Watch,Đồng hồ nam Titan màu bạc
28413,Men,Accessories,Eyewear,Sunglasses,Metallic,Winter,2016.0,Casual,Idee Men Metallic Sunglasses,Kính râm Idee Men Metallic
51716,Women,Accessories,Eyewear,Sunglasses,Brown,Winter,2016.0,Casual,Allen Solly Women Wayfarer Sunglasses AS 236 C2,Kính râm nữ Allen Solly Wayfarer AS 236 C2
38210,Men,Accessories,Eyewear,Sunglasses,Black,Winter,2016.0,Casual,Polaroid Men Sunglasses,Kính râm nam Polaroid
16890,Unisex,Accessories,Eyewear,Sunglasses,Black,Winter,2016.0,Casual,Police Unisex Casual Black Sunglasses,Kính râm đen kiểu dáng thường ngày unisex của cảnh sát
38222,Unisex,Accessories,Eyewear,Sunglasses,Brown,Winter,2016.0,Casual,Polaroid Unisex Sunglasses,Kính râm Polaroid Unisex
28190,Men,Accessories,Eyewear,Sunglasses,Gold,Winter,2016.0,Casual,Ray-Ban Men Aviator Sunglasses,Kính râm Ray-Ban kiểu phi công dành cho nam
16879,Unisex,Accessories,Eyewear,Sunglasses,Black,Winter,2016.0,Casual,Police Unisex Casual Black Sunglasses,Kính râm đen kiểu dáng thường ngày unisex của cảnh sát
28406,Men,Accessories,Eyewear,Sunglasses,Brown,Winter,2016.0,Casual,Idee Men Brown Sunglasses,Kính râm nam Idee màu nâu
50201,Women,Accessories,Eyewear,Sunglasses,Black,Winter,2016.0,Casual,Stoln Women Black Sunglasses,Kính râm nữ màu đen Stoln
8683,Men,Accessories,Eyewear,Sunglasses,Green,Winter,2016.0,Casual,Fastrack Men Sunglasses M050GR3,Kính râm nam Fastrack M050GR3
16888,Men,Accessories,Eyewear,Sunglasses,Black,Winter,2016.0,Casual,Police Men Casual Black Sunglasses,Kính râm đen kiểu thường ngày dành cho cảnh sát
49673,Men,Accessories,Eyewear,Sunglasses,Steel,Winter,2016.0,Casual,United Colors of Benetton Men Sunglass,Kính râm nam United Colors of Benetton
16951,Men,Accessories,Eyewear,Sunglasses,Black,Winter,2016.0,Casual,Image Men Classic Eyewear Black Sunglasses,Kính râm nam cổ điển Image màu đen
39994,Men,Accessories,Eyewear,Sunglasses,Metallic,Winter,2016.0,Casual,Park Avenue Men Metallic Frame Sunglasses,Kính râm gọng kim loại Park Avenue dành cho nam
29140,Women,Accessories,Eyewear,Sunglasses,Purple,Winter,2016.0,Casual,Vogue Women Purple Sunglasses,Kính râm màu tím Vogue dành cho nữ
16090,Men,Accessories,Eyewear,Sunglasses,Brown,Winter,2016.0,Casual,M tv Men My Fab Eyewear Brown Sunglasses,Kính râm nam MTV My Fab Eyewear màu nâu
51707,Men,Accessories,Eyewear,Sunglasses,Grey,Winter,2016.0,Casual,Van Heusen Men Grey Sunglasses,Kính râm nam Van Heusen màu xám
28421,Men,Accessories,Eyewear,Sunglasses,Black,Winter,2016.0,Casual,Idee Men Black Sunglasses,Kính râm nam Idee màu đen
16948,Men,Accessories,Eyewear,Sunglasses,Brown,Winter,2016.0,Casual,Image Men Classic Eyewear Brown Sunglasses,Kính râm nam cổ điển Image màu nâu
8704,Women,Accessories,Eyewear,Sunglasses,Red,Winter,2016.0,Casual,Fastrack Women Hip Hop Sunglasses,Kính râm phong cách Hip Hop dành cho nữ Fastrack
38216,Women,Accessories,Eyewear,Sunglasses,Black,Winter,2016.0,Casual,Polaroid Women Sunglasses,Kính râm nữ Polaroid
38208,Women,Accessories,Eyewear,Sunglasses,Grey,Winter,2016.0,Casual,Polaroid Women Sunglasses,Kính râm nữ Polaroid
38204,Women,Accessories,Eyewear,Sunglasses,Grey,Winter,2016.0,Casual,Polaroid Women Sunglasses,Kính râm nữ Polaroid
8667,Men,Accessories,Eyewear,Sunglasses,Brown,Winter,2016.0,Casual,Fastrack Men Gradient Bikers Sunglasses P148BR2,Kính râm nam Fastrack Gradient Bikers P148BR2
8671,Unisex,Accessories,Eyewear,Sunglasses,Green,Winter,2016.0,Casual,Fastrack Unisex Sunglasses FTML012GPGP2,Kính râm unisex Fastrack FTML012GPGP2
8665,Unisex,Accessories,Eyewear,Sunglasses,Brown,Winter,2016.0,Casual,Fastrack Unisex Army collection Brown Sunglasses,Kính râm Fastrack Unisex thuộc bộ sưu tập Army màu nâu
21320,Men,Accessories,Eyewear,Sunglasses,Brown,Winter,2016.0,Casual,Louis Philippe Men Sunglasses LP045-C4,Kính râm nam Louis Philippe LP045-C4
21281,Women,Accessories,Eyewear,Sunglasses,Brown,Winter,2016.0,Casual,Allen Solly Women Sunglasses AS166-C3,Kính râm nữ Allen Solly AS166-C3
38195,Men,Accessories,Eyewear,Sunglasses,Grey,Winter,2016.0,Casual,Polaroid Men Sunglasses,Kính râm nam Polaroid
16898,Men,Accessories,Eyewear,Sunglasses,Blue,Winter,2016.0,Casual,Police Men Casual Blue Sunglasses,Kính râm màu xanh dương thường ngày dành cho cảnh sát
21304,Women,Accessories,Eyewear,Sunglasses,Brown,Winter,2016.0,Casual,Celine Dion Women Brown Frame Sunglasses,Kính râm gọng nâu Celine Dion dành cho nữ
23725,Men,Accessories,Eyewear,Sunglasses,Steel,Winter,2016.0,Casual,Ray-Ban Men High Street Steel Sunglasses,Kính râm Ray-Ban High Street gọng thép dành cho nam
28279,Women,Accessories,Eyewear,Sunglasses,Brown,Winter,2016.0,Casual,Fastrack Women Brown Sunglasses,Kính râm nữ Fastrack màu nâu
21314,Women,Accessories,Eyewear,Sunglasses,Purple,Winter,2016.0,Casual,Celine Dion Women Purple Frame Sunglasses,Kính râm gọng tím Celine Dion dành cho nữ
17324,Women,Accessories,Eyewear,Sunglasses,Brown,Winter,2016.0,Casual,Pepe Jeans Women Casual Sunglasses,Kính râm nữ Pepe Jeans kiểu dáng thường ngày
49676,Men,Accessories,Eyewear,Sunglasses,Brown,Winter,2016.0,Casual,United Colors of Benetton Men Sunglass,Kính râm nam United Colors of Benetton
49661,Women,Accessories,Eyewear,Sunglasses,Black,Winter,2016.0,Casual,United Colors of Benetton Women Sunglass,Kính râm nữ hiệu United Colors of Benetton
29882,Men,Accessories,Eyewear,Sunglasses,Brown,Winter,2016.0,Casual,Mayhem Men Aviator Sunglasses 1019-201,Kính râm phi công Mayhem dành cho nam 1019-201
17319,Women,Accessories,Eyewear,Sunglasses,Black,Winter,2016.0,Casual,Pepe Jeans Women Casual Sunglasses,Kính râm nữ Pepe Jeans kiểu dáng thường ngày
49167,Men,Accessories,Eyewear,Sunglasses,Black,Winter,2016.0,Casual,United Colors of Benetton Men Black Sunglasses,Kính râm đen nam hiệu United Colors of Benetton
38236,Unisex,Accessories,Eyewear,Sunglasses,Black,Winter,2016.0,Casual,Polaroid Unisex Sunglasses,Kính râm Polaroid Unisex
48218,Women,Accessories,Eyewear,Sunglasses,Black,Winter,2016.0,Casual,United Colors of Benetton Women Black Sunglasses,Kính râm đen dành cho nữ hiệu United Colors of Benetton
23736,Women,Accessories,Eyewear,Sunglasses,Red,Winter,2016.0,Casual,Ray-Ban Women Jackie Sunglasses,Kính râm Ray-Ban Jackie dành cho nữ
16946,Women,Accessories,Eyewear,Sunglasses,Maroon,Winter,2016.0,Casual,Image Women Classic Eyewear Maroon Sunglasses,Kính râm nữ cổ điển màu đỏ tía Image
23761,Men,Accessories,Eyewear,Sunglasses,Brown,Winter,2016.0,Casual,Oakley Men Brown Sunglasses,Kính râm Oakley màu nâu dành cho nam
16859,Unisex,Accessories,Eyewear,Sunglasses,Brown,Winter,2016.0,Casual,Idee Unisex Funky Eyewear Brown Sunglasses,Kính râm Idee Unisex Funky màu nâu
51728,Women,Accessories,Eyewear,Sunglasses,Black,Winter,2016.0,Casual,Allen Solly Women Oversized Sunglasses AH220-C1,Kính râm nữ cỡ lớn Allen Solly AH220-C1
28337,Men,Accessories,Eyewear,Sunglasses,Steel,Winter,2016.0,Casual,Idee Men Steel Sunglasses,Kính râm gọng thép Idea dành cho nam
38165,Women,Accessories,Eyewear,Sunglasses,Black,Winter,2016.0,Casual,Miami Blues Women Sunglasses,Kính râm nữ Miami Blues
38185,Women,Accessories,Eyewear,Sunglasses,Gold,Winter,2016.0,Casual,Miami Blues Women Sunglasses,Kính râm nữ Miami Blues
23759,Men,Accessories,Eyewear,Sunglasses,Brown,Winter,2016.0,Casual,Oakley Men Brown Sunglasses,Kính râm Oakley màu nâu dành cho nam
28411,Men,Accessories,Eyewear,Sunglasses,Copper,Winter,2016.0,Casual,Idee Men Copper Sunglasses,Kính râm Idee Men Copper
30565,Unisex,Accessories,Eyewear,Sunglasses,Black,Winter,2016.0,Casual,Opium Unisex Black Sunglass,Kính râm đen unisex Opium
8672,Men,Accessories,Eyewear,Sunglasses,Black,Winter,2016.0,Casual,Fastrack Men Fastrack Black sunglass with golden rim Black Sunglasses,Kính râm Fastrack nam màu đen gọng vàng. Kính râm màu đen.
51702,Unisex,Accessories,Eyewear,Sunglasses,Grey,Winter,2016.0,Casual,Van Heusen Unisex Sunglasses VH220-C3,Kính mát Unisex Van Heusen VH220-C3
38235,Unisex,Accessories,Eyewear,Sunglasses,Brown,Winter,2016.0,Casual,Polaroid Unisex Sunglasses,Kính râm Polaroid Unisex
30266,Men,Accessories,Eyewear,Sunglasses,Black,Summer,2017.0,Casual,Speedo Men Sheet Sunglasses,Kính râm Speedo dành cho nam
49671,Men,Accessories,Eyewear,Sunglasses,Navy Blue,Winter,2016.0,Casual,United Colors of Benetton Men Sunglass,Kính râm nam United Colors of Benetton
51662,Men,Accessories,Eyewear,Sunglasses,Brown,Winter,2016.0,Casual,Louis Philippe Men Oversized Sunglasses LP214-C3,Kính râm nam cỡ lớn Louis Philippe LP214-C3
51706,Men,Accessories,Eyewear,Sunglasses,Black,Winter,2016.0,Casual,Van Heusen Men Black Sunglasses,Kính râm nam Van Heusen đen
28370,Men,Accessories,Eyewear,Sunglasses,Metallic,Winter,2016.0,Casual,Idee Men Metallic Sunglasses,Kính râm Idee Men Metallic
8674,Men,Accessories,Eyewear,Sunglasses,Brown,Winter,2016.0,Casual,Fastrack Titan Men Sunglasses FTML016NYGP2,Kính râm nam Fastrack Titan FTML016NYGP2
48200,Men,Accessories,Eyewear,Sunglasses,Black,Winter,2016.0,Casual,United Colors of Benetton Men Black Sunglasses,Kính râm đen nam hiệu United Colors of Benetton
28289,Men,Accessories,Eyewear,Sunglasses,Grey,Winter,2016.0,Casual,Fastrack Men Grey Sunglasses,Kính râm nam Fastrack màu xám
8616,Unisex,Accessories,Eyewear,Sunglasses,Brown,Winter,2016.0,Casual,Fastrack Unisex Sunglasses M035BR6,Kính râm unisex Fastrack M035BR6
30678,Men,Accessories,Eyewear,Sunglasses,Grey,Winter,2016.0,Casual,Park Avenue Men Navy Sunglasses,Kính râm màu xanh hải quân dành cho nam giới của Park Avenue
16853,Men,Accessories,Eyewear,Sunglasses,Green,Winter,2016.0,Casual,Idee Men Funky Eyewear Green Sunglasses,Kính râm nam Idee Funky màu xanh lá cây
14908,Women,Accessories,Eyewear,Sunglasses,Blue,Winter,2016.0,Casual,United Colors of Benetton Women Funky Blue Sunglasses,Kính râm nữ màu xanh dương cá tính của United Colors of Benetton
16846,Men,Accessories,Eyewear,Sunglasses,Brown,Winter,2016.0,Casual,Idee Men Funky Eyewear Brown Sunglasses,Kính râm Idee Men Funky màu nâu
16891,Men,Accessories,Eyewear,Sunglasses,Black,Winter,2016.0,Casual,Police Men Casual Black Sunglasses,Kính râm đen kiểu thường ngày dành cho cảnh sát
48216,Men,Accessories,Eyewear,Sunglasses,Brown,Winter,2016.0,Casual,United Colors of Benetton Men Brown Sunglasses,Kính râm nam màu nâu hiệu United Colors of Benetton
28285,Men,Accessories,Eyewear,Sunglasses,Black,Winter,2016.0,Casual,Fastrack Men Black Sunglasses,Kính râm nam Fastrack màu đen
28308,Men,Accessories,Eyewear,Sunglasses,Purple,Winter,2016.0,Casual,Fastrack Men Sunglasses P119BR2,Kính râm nam Fastrack P119BR2
49670,Men,Accessories,Eyewear,Sunglasses,White,Winter,2016.0,Casual,United Colors of Benetton Men Sunglass,Kính râm nam United Colors of Benetton
16862,Women,Accessories,Eyewear,Sunglasses,Grey,Winter,2016.0,Casual,Idee Women Funky Eyewear Blue Sunglasses,Kính râm nữ Idee Funky Eyewear màu xanh dương
29957,Men,Accessories,Eyewear,Sunglasses,Copper,Winter,2016.0,Casual,Cat Men Metal Sunglasses,Kính râm kim loại hình mèo dành cho nam
28208,Men,Accessories,Eyewear,Sunglasses,Metallic,Winter,2016.0,Casual,Ray-Ban Men Active Lifestyle Metallic Sunglasses,"Kính râm Ray-Ban nam phong cách năng động, ánh kim loại."
8643,Unisex,Accessories,Eyewear,Sunglasses,Green,Winter,2016.0,Casual,Fastrack Unisex Bikers Green Sunglasses,Kính râm Fastrack Unisex màu xanh lá cây dành cho người đi xe máy
51730,Women,Accessories,Eyewear,Sunglasses,Purple,Winter,2016.0,Casual,Allen Solly Women Purple Sunglass,Kính râm nữ Allen Solly màu tím
8696,Women,Accessories,Eyewear,Sunglasses,Red,Winter,2016.0,Casual,Fastrack Women Hip Hop Red Sunglasses,Kính râm nữ Fastrack phong cách Hip Hop màu đỏ
20854,Women,Accessories,Bags,Handbags,Maroon,Winter,2015.0,Casual,Spice Art Women Casual Cherry Maroon Handbag,Túi xách nữ Spice Art màu đỏ anh đào thường ngày.
9094,Women,Accessories,Bags,Handbags,Silver,Winter,2015.0,Casual,Murcia Women Silver Purse,Ví bạc nữ Murcia
44278,Women,Accessories,Bags,Handbags,Black,Summer,2012.0,Casual,Murcia Women Black Handpainted Print Handbag,Túi xách nữ Murcia màu đen in họa tiết vẽ tay
17129,Women,Accessories,Bags,Handbags,Black,Winter,2015.0,Casual,Lino Perros Women Classic Black  Handbag,Túi xách nữ cổ điển màu đen Lino Perros
57846,Unisex,Accessories,Bags,Handbags,Beige,Summer,2012.0,Casual,Lino Perros Unisex Beige Sling Bag,Túi đeo chéo unisex màu be Lino Perros
20460,Women,Accessories,Bags,Handbags,White,Winter,2015.0,Casual,Baggit Women Babe Opart White Handbag,Túi xách nữ Baggit Babe Opart màu trắng
21956,Women,Accessories,Bags,Handbags,Brown,Winter,2015.0,Casual,Murcia Women Casual Brown Handbag,"Túi xách nữ Murcia màu nâu, kiểu dáng thường ngày."
33393,Women,Accessories,Bags,Handbags,Brown,Summer,2012.0,Casual,Baggit Women Faltu Taj Brown Handbag,Túi xách nữ Baggit Faltu Taj màu nâu
57261,Women,Accessories,Bags,Handbags,Brown,Summer,2012.0,Casual,Murcia Women Brown Handbag,Túi xách nữ Murcia màu nâu
15660,Unisex,Accessories,Bags,Handbags,Black,Fall,2011.0,Casual,Belkin Unisex Dash Laptop 16,Túi xách Belkin Unisex Dash Laptop 16
52622,Women,Accessories,Bags,Handbags,Purple,Summer,2012.0,Casual,Mod-acc Women Purple Handbag,Túi xách nữ Mod-acc màu tím
16761,Women,Accessories,Bags,Handbags,Olive,Winter,2015.0,Casual,Spice Art Women Leatherette  Olive Handbags,Túi xách nữ Spice Art bằng da giả màu ô liu
25261,Women,Accessories,Bags,Handbags,Beige,Summer,2012.0,Casual,Lino Perros Women Canvas Beige Handbag,Túi xách nữ Lino Perros bằng vải canvas màu be
47351,Women,Accessories,Bags,Handbags,Black,Summer,2012.0,Casual,Baggit Women Black Bag,Túi xách nữ Baggit màu đen
29741,Women,Accessories,Bags,Handbags,Green,Summer,2012.0,Casual,Kiara Women Leatherette Green Handbag,Túi xách nữ Kiara bằng da giả màu xanh lá cây
38444,Women,Accessories,Bags,Handbags,Brown,Summer,2012.0,Casual,Baggit Women Green Handbag,Túi xách nữ Baggit màu xanh lá cây
42933,Unisex,Accessories,Bags,Handbags,Blue,Summer,2012.0,Casual,French Connection Unisex Blue Bag,Túi xách unisex màu xanh dương hiệu French Connection
47391,Women,Accessories,Bags,Handbags,Beige,Fall,2012.0,Casual,Baggit Women Beige Handbag,Túi xách nữ Baggit màu be
51926,Women,Accessories,Bags,Handbags,Red,Summer,2016.0,Casual,Nyk Women Red Julius Handbag,Túi xách nữ Nyk Julius màu đỏ
53888,Women,Accessories,Bags,Handbags,Yellow,Summer,2012.0,Casual,Kiara Women Yellow Handbag,Túi xách nữ màu vàng Kiara
29729,Women,Accessories,Bags,Handbags,Green,Summer,2012.0,Casual,Kiara Women Leatherette Green Handbag,Túi xách nữ Kiara bằng da giả màu xanh lá cây
20399,Women,Accessories,Bags,Handbags,Brown,Winter,2015.0,Casual,Baggit Women Possible Taj Brown Handbag,Túi xách nữ Baggit Possible Taj màu nâu
37000,Women,Accessories,Bags,Handbags,Red,Summer,2012.0,Casual,Lino Perros Women Red Sling Bag,Túi đeo chéo nữ màu đỏ Lino Perros
2661,Women,Accessories,Bags,Handbags,Pink,Winter,2015.0,Casual,Murcia Women Jute Sling Pink Bag,Túi đeo chéo nữ Murcia bằng vải bố màu hồng
1598,Women,Accessories,Bags,Handbags,Blue,Summer,2011.0,Travel,Geonaute Women Blue Outdoor Bag,Túi du lịch ngoài trời Geonaute dành cho nữ màu xanh dương
20830,Unisex,Accessories,Bags,Handbags,Navy Blue,Summer,2011.0,Sports,Nike Unisex Solid Navy Blue Bag,Túi Nike Unisex màu xanh navy trơn
46972,Women,Accessories,Bags,Handbags,Purple,Summer,2012.0,Casual,Bulchee Women Purple Handbag,Túi xách nữ Bulchee màu tím
8240,Women,Accessories,Bags,Handbags,Mustard,Winter,2016.0,Casual,Fastrack Women Mustard Sling Bag,Túi đeo chéo Fastrack màu mù tạt dành cho nữ
25150,Women,Accessories,Bags,Handbags,Black,Winter,2015.0,Casual,Lino Perros Women Leatherette Black Handbag,Túi xách nữ Lino Perros bằng da giả màu đen
10202,Women,Accessories,Bags,Handbags,Green,Winter,2015.0,Casual,Murcia Women Asjke Green Green Handbags,Túi xách nữ Murcia Asjke màu xanh lá cây.
3404,Women,Accessories,Bags,Handbags,Red,Winter,2015.0,Casual,Murcia Women Red Hobo Handbag,Túi xách nữ Murcia màu đỏ kiểu Hobo
43571,Women,Accessories,Bags,Handbags,Purple,Summer,2012.0,Casual,Puma Purple Kenobi II Tote Bag,Túi xách Puma Purple Kenobi II
14812,Women,Accessories,Bags,Handbags,Black,Summer,2011.0,Casual,United Colors of Benetton Women Solid Black Handbags,Túi xách nữ màu đen trơn hiệu United Colors of Benetton
53687,Women,Accessories,Bags,Handbags,Pink,Summer,2012.0,Casual,Kiara Women Pink & Yellow Handbag,Túi xách nữ Kiara màu hồng và vàng
21484,Women,Accessories,Bags,Handbags,Grey,Winter,2015.0,Casual,Kiara Women Grey Shiny Handbag,Túi xách nữ Kiara màu xám bóng
47354,Women,Accessories,Bags,Handbags,Olive,Fall,2012.0,Casual,Baggit Women Olive Green Handbag,Túi xách nữ Baggit màu xanh ô liu
47361,Women,Accessories,Bags,Handbags,Black,Summer,2012.0,Casual,Baggit Women Black Voodoo Gang Handbag,Túi xách nữ Baggit Voodoo Gang màu đen
2673,Women,Accessories,Bags,Handbags,Black,Winter,2015.0,Casual,Murcia Women Sleek Black Leatherette Hand Bag,Túi xách nữ Murcia màu đen giả da thanh lịch
20487,Women,Accessories,Bags,Handbags,Black,Winter,2015.0,Casual,Baggit Women Golmaal Taj Black Handbag,Túi xách nữ Baggit Golmaal Taj màu đen
49546,Women,Accessories,Bags,Handbags,Maroon,Summer,2012.0,Casual,Rocia Women Maroon Handbag,Túi xách nữ Rocia màu đỏ tía
34772,Women,Accessories,Bags,Handbags,Blue,Summer,2015.0,Casual,Be For Bag Women Zoli Blue Bag,Túi xách nữ Be For Bag Zoli màu xanh dương
43334,Women,Accessories,Bags,Handbags,Maroon,Spring,2013.0,Casual,Murcia Women Maroon Handbag,Túi xách nữ Murcia màu đỏ tía
47139,Women,Accessories,Bags,Handbags,Pink,Summer,2015.0,Casual,Be For Bag Women Combo pack Tote Bags,Bộ túi tote Be For Bag dành cho nữ.
58267,Women,Accessories,Bags,Handbags,Bronze,Fall,2012.0,Casual,Baggit Women Bronze Handbag,Túi xách nữ Baggit màu đồng
27070,Women,Accessories,Bags,Handbags,Brown,Summer,2012.0,Casual,Yelloe Women Shoppers Fun Brown Handbag,Túi xách nữ Yelloe màu nâu vui nhộn
58268,Women,Accessories,Bags,Handbags,Olive,Fall,2012.0,Casual,Baggit Women Olive Handbag,Túi xách nữ Baggit màu ô liu
26436,Women,Accessories,Bags,Handbags,Brown,Winter,2015.0,Casual,Spice Art Women Leatherette Brown Handbag,Túi xách nữ Spice Art bằng da giả màu nâu.
25184,Women,Accessories,Bags,Handbags,Brown,Winter,2015.0,Casual,Lino Perros Women Leatherette Dark Brown Handbag,Túi xách nữ Lino Perros bằng da giả màu nâu đậm
3402,Women,Accessories,Bags,Handbags,Yellow,Winter,2015.0,Casual,Murcia Women Yellow Hobo Handbag,Túi xách nữ Murcia màu vàng kiểu Hobo
36995,Women,Accessories,Bags,Handbags,Red,Summer,2012.0,Casual,Lino Perros Women Red Handbag,Túi xách nữ màu đỏ Lino Perros
27061,Women,Accessories,Bags,Handbags,Pink,Summer,2015.0,Casual,Yelloe Pink Laptop Pocket Handbag,Túi xách tay màu vàng hồng có ngăn đựng laptop
25276,Women,Accessories,Bags,Handbags,Red,Summer,2012.0,Casual,Lino Perros Women Leatherite Red Handbag,Túi xách nữ Lino Perros bằng da giả màu đỏ
20459,Women,Accessories,Bags,Handbags,Purple,Winter,2016.0,Casual,Baggit Women Libra Jhuti Purple Handbag,Túi xách nữ Baggit Libra Jhuti màu tím
27038,Women,Accessories,Bags,Handbags,Beige,Summer,2012.0,Casual,Yelloe Beige Easy To Handle Handbag,Túi xách Yellowe màu be dễ sử dụng
34885,Women,Accessories,Bags,Handbags,Multi,Summer,2012.0,Casual,Envirosax Women Multi Coloured Bag,Túi xách nữ nhiều màu Envirosax
27743,Women,Accessories,Bags,Handbags,Black,Winter,2015.0,Casual,Murcia Women Black Sling bag,Túi đeo chéo nữ Murcia màu đen
51905,Women,Accessories,Bags,Handbags,Purple,Summer,2016.0,Casual,Nyk Women Blue Pacifier Handbag,"Túi xách Nyk dành cho nữ màu xanh dương, kiểu dáng núm vú giả."
20512,Women,Accessories,Bags,Handbags,Teal,Winter,2015.0,Casual,Baggit Women Teal Turnoff Taj Handbag,Túi xách nữ Baggit Teal Turnoff Taj
10734,Women,Accessories,Bags,Handbags,Green,Winter,2015.0,Casual,Murcia Women Mcc Green Green Handbags,Túi xách nữ Murcia Mcc màu xanh lá cây.
58277,Women,Accessories,Bags,Handbags,Beige,Summer,2012.0,Casual,Baggit Women Beige Libra Jhuti Sling Bag,Túi đeo nữ Baggit màu be Libra Jhuti
58184,Women,Accessories,Bags,Handbags,Beige,Summer,2012.0,Casual,Rocky S Women Beige Handbag,Túi xách nữ màu be Rocky S
37418,Women,Accessories,Bags,Handbags,Multi,Summer,2012.0,Casual,Murcia Women Multi Handbag,Túi xách đa năng Murcia dành cho nữ
44244,Women,Accessories,Bags,Handbags,Black,Summer,2012.0,Casual,Hidekraft Women Black Handbag,Túi xách nữ Hidekraft màu đen
54829,Women,Accessories,Bags,Handbags,Brown,Winter,2012.0,Casual,Ivory Tag Women Brown Sling Bag,Túi đeo chéo nữ màu nâu hiệu Ivory Tag
58259,Women,Accessories,Bags,Handbags,Olive,Fall,2012.0,Casual,Baggit Women Olive Sling Bag,Túi đeo chéo nữ Baggit màu ô liu
58928,Women,Accessories,Bags,Handbags,Olive,Summer,2010.0,Casual,Ivory Tag Olive Dip Sling Bag,Túi đeo chéo Ivory Tag Olive Dip
28442,Women,Accessories,Bags,Handbags,Blue,Summer,2012.0,Casual,Kiara Women Blue Handbag,Túi xách nữ Kiara màu xanh dương
24789,Women,Accessories,Bags,Handbags,Brown,Winter,2015.0,Casual,Lino Perros Women Leatherite Brown Bag,Túi xách nữ Lino Perros bằng da giả màu nâu
42860,Women,Accessories,Bags,Handbags,Cream,Summer,2012.0,Casual,French Connection Women Cream Handbag,Túi xách nữ màu kem hiệu French Connection
27690,Women,Accessories,Bags,Handbags,Black,Winter,2015.0,Casual,Murcia Women Black Handbag,Túi xách nữ Murcia màu đen
34559,Women,Accessories,Bags,Handbags,Pink,Summer,2012.0,Casual,Puma Women Pink Fitness Small Handbag,Túi xách thể thao nhỏ màu hồng dành cho nữ hiệu Puma
53679,Women,Accessories,Bags,Handbags,Pink,Summer,2012.0,Casual,Kiara Women Pink Handbag,Túi xách nữ Kiara màu hồng
54017,Women,Accessories,Bags,Handbags,Grey,Summer,2012.0,Casual,Kiara Women Grey Handbag,Túi xách nữ Kiara màu xám
15436,Women,Accessories,Bags,Handbags,Maroon,Fall,2011.0,Casual,Hidekraft Women Leather Maroon Handbags,Túi xách da nữ Hidekraft màu đỏ sẫm
18793,Unisex,Accessories,Bags,Handbags,Beige,Summer,2010.0,Casual,Peter England Unisex Casual Beige Bag,Túi xách Peter England Unisex màu be phong cách thường ngày
47138,Women,Accessories,Bags,Handbags,White,Summer,2015.0,Casual,Be For Bag Women Combo pack Tote Bags,Bộ túi tote Be For Bag dành cho nữ.
10208,Women,Accessories,Bags,Handbags,Blue,Winter,2015.0,Casual,Murcia Women Hths Blue Handbags,Túi xách nữ Murcia Hths màu xanh dương
37070,Women,Accessories,Bags,Handbags,Brown,Summer,2012.0,Casual,Lino Perros Women Brown Handbag,Túi xách nữ màu nâu Lino Perros
53941,Women,Accessories,Bags,Handbags,Grey,Summer,2012.0,Casual,Kiara Women Grey Handbag,Túi xách nữ Kiara màu xám
20611,Women,Accessories,Bags,Handbags,Red,Winter,2015.0,Casual,Baggit Women Frankie Hoor Red Handbag,Túi xách nữ Baggit Frankie Hoor màu đỏ
52660,Women,Accessories,Bags,Handbags,Pink,Summer,2012.0,Casual,Mod'acc Women Pink & Beige Handbag,Túi xách nữ Mod'acc màu hồng và be
43292,Women,Accessories,Bags,Handbags,Pink,Summer,2015.0,Casual,Murcia Women Pink Kate Handbag,Túi xách nữ Murcia Kate màu hồng
43570,Women,Accessories,Bags,Handbags,Black,Summer,2012.0,Casual,Puma Women Black Handbag,Túi xách nữ Puma màu đen
57236,Women,Accessories,Bags,Handbags,Burgundy,Summer,2012.0,Casual,Murcia Women Burgundy Handbag,Túi xách nữ Murcia màu đỏ tía
25190,Women,Accessories,Bags,Handbags,Brown,Winter,2015.0,Casual,Lino Perros Women Striped Brown Handbag,Túi xách nữ Lino Perros kẻ sọc màu nâu
54392,Women,Accessories,Bags,Handbags,Red,Summer,2012.0,Casual,Baggit Women Red Handbag,Túi xách nữ Baggit màu đỏ
25286,Women,Accessories,Bags,Handbags,Pink,Summer,2012.0,Casual,Lino Perros Women Leatherette Pink Sling Bag,Túi đeo chéo nữ Lino Perros bằng da giả màu hồng
47338,Women,Accessories,Bags,Handbags,Orange,Summer,2012.0,Casual,Baggit Women Orange Frankie Eva Handbag,Túi xách nữ Baggit Frankie Eva màu cam
47292,Women,Accessories,Bags,Handbags,Purple,Summer,2012.0,Casual,Baggit Women Purple Handbag,Túi xách nữ Baggit màu tím
25176,Women,Accessories,Bags,Handbags,Brown,Winter,2015.0,Casual,Lino Perros Women Sequins Brown Handbag,Túi xách nữ Lino Perros đính sequin màu nâu
58269,Women,Accessories,Bags,Handbags,Brown,Fall,2012.0,Casual,Baggit Women Brown Handbag,Túi xách nữ Baggit màu nâu
14798,Women,Accessories,Bags,Handbags,Brown,Summer,2011.0,Casual,United Colors of Benetton Women Solid Coffee Brown Handbags,Túi xách nữ màu nâu cà phê trơn hiệu United Colors of Benetton
27668,Women,Accessories,Bags,Handbags,White,Winter,2015.0,Casual,Murcia Women White Handbag,Túi xách nữ Murcia màu trắng
20613,Women,Accessories,Bags,Handbags,Purple,Winter,2015.0,Casual,Baggit Women Ishqx Barat Purple Handbag,Túi xách nữ Baggit Ishqx Barat màu tím
34774,Women,Accessories,Bags,Handbags,Black,Summer,2015.0,Casual,Be For Bag Women Pack of 3 Bag,Bộ 3 túi xách nữ Be For Bag
25207,Women,Accessories,Bags,Handbags,Grey,Winter,2015.0,Casual,Lino Perros Women Classic Grey Handbag,Túi xách nữ cổ điển màu xám Lino Perros
33415,Women,Accessories,Bags,Handbags,Purple,Fall,2012.0,Casual,Baggit Women Quick Jhuti Purple Handbag,Túi xách nữ Baggit Quick Jhuti màu tím
48187,Women,Accessories,Bags,Handbags,Multi,Winter,2016.0,Casual,Fossil Women Multi Coloured Handbag,Túi xách nữ Fossil nhiều màu sắc
57230,Women,Accessories,Bags,Handbags,Purple,Summer,2012.0,Casual,Murcia Women Purple Handbag,Túi xách nữ Murcia màu tím
47418,Women,Accessories,Bags,Handbags,Beige,Summer,2012.0,Casual,Baggit Women Beige Handbag,Túi xách nữ Baggit màu be
5271,Unisex,Accessories,Bags,Backpacks,Green,Winter,2015.0,Casual,Wildcraft Unisex Green Holster Bag,Túi đeo vai Wildcraft Unisex màu xanh lá cây
15653,Unisex,Accessories,Bags,Backpacks,Navy Blue,Fall,2011.0,Casual,Belkin Unisex Simple Backpack Navy Blue Backpacks,Ba lô Belkin Unisex đơn giản màu xanh navy.
7056,Unisex,Accessories,Bags,Backpacks,Black,Summer,2011.0,Sports,Nike Unisex Trng Max Black Backpack,Ba lô Nike Unisex Trng Max màu đen
4583,Unisex,Accessories,Bags,Backpacks,Grey,Winter,2015.0,Casual,Wildcraft Unisex Grey Backpack,Ba lô Wildcraft Unisex màu xám
15419,Unisex,Accessories,Bags,Backpacks,Black,Fall,2011.0,Casual,Fila Unisex Silver Black Backpacks,Ba lô Fila Unisex màu bạc đen
34466,Women,Accessories,Bags,Backpacks,Pink,Summer,2012.0,Casual,ADIDAS Women Polyester Pink Backpack,Ba lô nữ Adidas bằng polyester màu hồng
4585,Unisex,Accessories,Bags,Backpacks,Black,Winter,2015.0,Casual,Wildcraft Unisex Black Solid Backpack,Ba lô Wildcraft Unisex màu đen trơn
21437,Women,Accessories,Bags,Backpacks,Blue,Winter,2012.0,Casual,Roxy Women Blue Backpack,Ba lô nữ Roxy màu xanh dương
20938,Men,Accessories,Bags,Backpacks,Black,Winter,2016.0,Casual,Fastrack Men Leatherette Black Backpack,Ba lô nam Fastrack giả da màu đen
51318,Unisex,Accessories,Bags,Backpacks,Blue,Summer,2015.0,Casual,Wildcraft Unisex Blue Cauvery Backpack,Ba lô Wildcraft Unisex màu xanh Cauvery
22672,Unisex,Accessories,Bags,Backpacks,Grey,Winter,2015.0,Casual,Wildcraft Unisex Grey Backpack,Ba lô Wildcraft Unisex màu xám
24833,Unisex,Accessories,Bags,Backpacks,Red,Winter,2015.0,Casual,Wildcraft Unisex Red Backpack,Ba lô Wildcraft Unisex màu đỏ
8373,Men,Accessories,Bags,Backpacks,Navy Blue,Winter,2016.0,Casual,Fastrack Men Navy Blue Backpack,Ba lô Fastrack màu xanh hải quân dành cho nam
19921,Unisex,Accessories,Bags,Backpacks,Yellow,Summer,2015.0,Casual,Wildcraft Unisex Gear for Life Yellow Backpack,Ba lô Wildcraft Unisex Gear for Life màu vàng
39874,Unisex,Accessories,Bags,Backpacks,Black,Summer,2012.0,Casual,ADIDAS Unisex Black Load Spring Backpack,Ba lô lò xo ADIDAS Unisex màu đen
9525,Unisex,Accessories,Bags,Backpacks,Black,Fall,2011.0,Casual,ADIDAS Unisex Bess Bp Black Backpacks,Ba lô Adidas Bess BP Unisex màu đen
37674,Unisex,Accessories,Bags,Backpacks,Black,Summer,2012.0,Casual,American Tourister Unisex Black Backpack,Ba lô American Tourister Unisex màu đen
58144,Unisex,Accessories,Bags,Backpacks,Grey,Summer,2012.0,Casual,Puma Unisex Grey Backpack,Ba lô Puma Unisex màu xám
29072,Men,Accessories,Bags,Backpacks,Blue,Winter,2016.0,Casual,Fastrack Men Blue Backpack,Ba lô nam Fastrack màu xanh dương
37695,Unisex,Accessories,Bags,Backpacks,Brown,Summer,2012.0,Casual,American Tourister Unisex Brown Backpack,Ba lô American Tourister Unisex màu nâu
2363,Unisex,Accessories,Bags,Backpacks,Black,Summer,2011.0,Sports,ADIDAS Black Backpack,Ba lô ADIDAS màu đen
9439,Unisex,Accessories,Bags,Backpacks,Blue,Spring,2013.0,Casual,Nike Unisex Brasilia 5 Me Blue Backpacks,Ba lô Nike Unisex Brasilia 5 Me màu xanh dương
19912,Unisex,Accessories,Bags,Backpacks,Green,Winter,2015.0,Casual,Wildcraft Unisex Outdoors Crump Green Backpack,Ba lô Wildcraft Unisex Outdoors Crump màu xanh lá cây
35187,Unisex,Accessories,Bags,Backpacks,Blue,Spring,2013.0,Casual,Wildcraft Unisex Blue & Grey Backpack,Ba lô Wildcraft Unisex màu xanh dương và xám
53366,Unisex,Accessories,Bags,Backpacks,Blue,Summer,2012.0,Casual,Puma Unisex Blue Backpack,Ba lô Puma Unisex màu xanh dương
22738,Unisex,Accessories,Bags,Backpacks,Black,Summer,2011.0,Casual,Nike Unisex Black Backpack,Ba lô Nike Unisex màu đen
5218,Unisex,Accessories,Bags,Backpacks,Red,Winter,2015.0,Casual,Wildcraft Unisex Red Backpack,Ba lô Wildcraft Unisex màu đỏ
9495,Unisex,Accessories,Bags,Backpacks,Black,Fall,2011.0,Casual,Puma Unisex Blaze Black Backpacks,Ba lô Puma Unisex Blaze màu đen
7110,Unisex,Accessories,Bags,Backpacks,Navy Blue,Winter,2015.0,Casual,Wildcraft Unisex Navy Backpack,Ba lô Wildcraft Unisex màu xanh hải quân
34463,Unisex,Accessories,Bags,Backpacks,Black,Summer,2012.0,Casual,ADIDAS Unisex Black Backpack,Ba lô ADIDAS Unisex màu đen
37677,Unisex,Accessories,Bags,Backpacks,Brown,Summer,2012.0,Casual,American Tourister Unisex Brown Backpack,Ba lô American Tourister Unisex màu nâu
7103,Unisex,Accessories,Bags,Backpacks,Grey,Winter,2015.0,Casual,Wildcraft Unisex Grey Backpack,Ba lô Wildcraft Unisex màu xám
1793,Unisex,Accessories,Bags,Backpacks,Green,Summer,2011.0,Travel,Quechua 10L Green Bag,Túi Quechua 10L màu xanh lá cây
20931,Men,Accessories,Bags,Backpacks,Black,Winter,2016.0,Casual,Fastrack Men Polyester Black Backpack,Ba lô nam Fastrack bằng polyester màu đen
4593,Unisex,Accessories,Bags,Backpacks,Olive,Winter,2015.0,Casual,Wildcraft Unisex Olive & Black Backpack,Ba lô Wildcraft Unisex màu Olive & Black
8512,Unisex,Accessories,Bags,Backpacks,Blue,Summer,2011.0,Sports,Nike Unisex Nike Graphic Blue Backpacks,Ba lô Nike Unisex họa tiết màu xanh dương
7058,Unisex,Accessories,Bags,Backpacks,Black,Summer,2011.0,Sports,Nike Unisex Manchester Black Backpack,Ba lô Nike Unisex Manchester màu đen
4670,Unisex,Accessories,Bags,Backpacks,Navy Blue,Summer,2011.0,Sports,ADIDAS BP 3S Dark Navy Black Unisex Backpack,"Ba lô ADIDAS BP 3S màu xanh đậm/đen, unisex"
37696,Unisex,Accessories,Bags,Backpacks,Blue,Summer,2012.0,Casual,American Tourister Unisex Blue Backpack,Ba lô American Tourister Unisex màu xanh dương
30190,Unisex,Accessories,Bags,Backpacks,Red,Summer,2012.0,Casual,Nike Unisex Nylon Red Backpack,Ba lô Nike Unisex bằng nylon màu đỏ
7118,Unisex,Accessories,Bags,Backpacks,Blue,Winter,2015.0,Casual,Wildcraft Unisex Meteor Blue & Black Backpack,Ba lô Wildcraft Unisex màu xanh Meteor và đen
15666,Unisex,Accessories,Bags,Backpacks,Black,Fall,2011.0,Casual,Belkin Unisex Netbook Roadie Black Backpacks,Ba lô Belkin Unisex Netbook Roadie màu đen
1918,Unisex,Accessories,Bags,Backpacks,Blue,Fall,2010.0,Sports,Domyos 300 Blue Bag,Túi Domyos 300 màu xanh dương
9486,Unisex,Accessories,Bags,Backpacks,Black,Winter,2011.0,Casual,Puma Unisex Big Cat Black Backpacks,Ba lô Puma Big Cat màu đen unisex
20936,Unisex,Accessories,Bags,Backpacks,Green,Summer,2017.0,Casual,Fastrack Unisex Green Backpack,Ba lô Fastrack Unisex màu xanh lá cây
25882,Unisex,Accessories,Bags,Backpacks,Purple,Winter,2015.0,Casual,American Tourister Unisex Casual Purple Backpack,Ba lô American Tourister Unisex màu tím kiểu dáng thường ngày
21271,Unisex,Accessories,Bags,Backpacks,Grey,Fall,2011.0,Casual,Footloose Unisex Grey Backpack,Ba lô Footloose Unisex màu xám
31606,Unisex,Accessories,Bags,Backpacks,Black,Winter,2012.0,Casual,Nike Unisex Black Backpack,Ba lô Nike Unisex màu đen
7852,Unisex,Accessories,Bags,Backpacks,Black,Summer,2011.0,Sports,Nike Unisex Blue Bing Black Backpack,Ba lô Nike Unisex màu xanh dương và đen
20928,Women,Accessories,Bags,Backpacks,Black,Winter,2016.0,Casual,Fastrack Women Black Backpack,Ba lô nữ Fastrack màu đen
6797,Unisex,Accessories,Bags,Backpacks,Pink,Summer,2011.0,Casual,Nike Unisex Fundamen Pink Backpack,Ba lô Nike Unisex Fundamen màu hồng
35194,Unisex,Accessories,Bags,Backpacks,Blue,Spring,2013.0,Casual,Wildcraft Unisex Blue and Grey Backpack,Ba lô Wildcraft Unisex màu xanh dương và xám
15274,Men,Accessories,Bags,Backpacks,Black,Fall,2011.0,Casual,Nike Men Max Air Black Backpacks,Ba lô Nike Max Air màu đen dành cho nam
9484,Unisex,Accessories,Bags,Backpacks,Black,Fall,2011.0,Casual,Puma Unisex Ferrari Replica Black Backpacks,Ba lô Puma Unisex Ferrari Replica màu đen
7062,Unisex,Accessories,Bags,Backpacks,Black,Summer,2011.0,Sports,Nike Unisex Classic Black Grey Backpack,Ba lô Nike Unisex Cổ điển Màu Đen Xám
25120,Women,Accessories,Bags,Clutches,Black,Winter,2015.0,Casual,Lino Perros Women Beaded Black Clutch,Ví cầm tay đính hạt màu đen Lino Perros dành cho nữ.
31929,Women,Accessories,Bags,Clutches,Beige,Summer,2012.0,Casual,Fabindia Women Beige Silk Clutch,Túi xách cầm tay bằng lụa màu be Fabindia dành cho nữ.
25136,Women,Accessories,Bags,Clutches,Gold,Winter,2015.0,Casual,Lino Perros Women Gold Clutch,Ly hợp vàng nữ Lino Perros
25129,Women,Accessories,Bags,Clutches,Gold,Winter,2015.0,Casual,Lino Perros Women Gems Gold Clutch,Ly hợp vàng nữ Lino Perros
33440,Women,Accessories,Bags,Clutches,Beige,Fall,2012.0,Casual,Baggit Women Roundup Taj Beige Clutch,Túi xách nữ Baggit Taj màu be (dạng clutch)
35925,Women,Accessories,Bags,Clutches,Yellow,Summer,2012.0,Casual,Peperone Women Yellow Clutch,Túi xách nữ Peperone màu vàng
25127,Women,Accessories,Bags,Clutches,Purple,Winter,2015.0,Casual,Lino Perros Women Gems Purple Clutch,Ly hợp nữ màu tím Lino Perros
35927,Women,Accessories,Bags,Clutches,Olive,Summer,2012.0,Casual,Peperone Women Olive Clutch,Túi xách nữ Peperone Olive Clutch
53073,Women,Accessories,Bags,Clutches,Brown,Summer,2012.0,Casual,Rocia Women Brown Clutch,Túi xách nữ Rocia màu nâu
52336,Women,Accessories,Bags,Clutches,Black,Winter,2016.0,Casual,ToniQ Women Black Clutch,Túi xách nữ màu đen ToniQ
49561,Women,Accessories,Bags,Clutches,Black,Summer,2012.0,Casual,Spice Art Women Black Clutch,Túi xách nữ Spice Art màu đen
42878,Women,Accessories,Bags,Clutches,Maroon,Summer,2012.0,Casual,,
42836,Women,Accessories,Bags,Clutches,Black,Summer,2012.0,Casual,French Connection Women Black Croc Clutch,Túi xách nữ French Connection da cá sấu đen.
17143,Women,Accessories,Bags,Clutches,Black,Winter,2015.0,Casual,Lino Perros Women Classic Black Clutch,Túi xách cầm tay cổ điển màu đen Lino Perros dành cho nữ
58262,Women,Accessories,Bags,Clutches,Bronze,Summer,2012.0,Casual,Baggit Women Bronze Clutch,Túi xách nữ Baggit màu đồng
49535,Women,Accessories,Bags,Clutches,Brown,Summer,2012.0,Casual,Rocia Women Brown Clutch,Túi xách nữ Rocia màu nâu
42879,Women,Accessories,Bags,Clutches,Black,Summer,2012.0,Casual,French Connection Women Black Buffy Clutch,Ví cầm tay French Connection Women Black Buffy Clutch
49532,Women,Accessories,Bags,Clutches,Gold,Summer,2012.0,Casual,Rocia Women Gold Clutch,Túi xách nữ Rocia màu vàng
30705,Women,Accessories,Bags,Clutches,Orange,Summer,2012.0,Casual,Fabindia Women Orange Silk Purse,Túi lụa màu cam dành cho nữ của Fabindia
49525,Women,Accessories,Bags,Clutches,Red,Summer,2010.0,Casual,Rocia Women Red Clutch,Túi xách nữ Rocia màu đỏ
31934,Women,Accessories,Bags,Clutches,Orange,Summer,2012.0,Casual,Fabindia Women Orange Brocade Clutch,Ví cầm tay nữ Fabindia màu cam chất liệu gấm.
18164,Women,Accessories,Bags,Clutches,Black,Winter,2015.0,Casual,Spice Art Women Zircons Black Clutch,Ví cầm tay nữ Spice Art đính đá Zircon màu đen.
38682,Women,Accessories,Bags,Clutches,Black,Summer,2015.0,Casual,Spice Art Women Flower Embroidery Black Clutch,Ví cầm tay nữ Spice Art thêu hoa màu đen.
42893,Women,Accessories,Bags,Clutches,Black,Summer,2012.0,Casual,French Connection Women Black Clutch,Ví cầm tay màu đen dành cho nữ hiệu French Connection
47420,Women,Accessories,Bags,Clutches,Silver,Fall,2012.0,Casual,Baggit Women Silver Clutch,Túi xách nữ Baggit màu bạc
8248,Men,Accessories,Bags,Duffel Bag,Black,Fall,2011.0,Casual,Fastrack Men Black Gym Bag,Túi tập gym nam Fastrack màu đen
5254,Unisex,Accessories,Bags,Duffel Bag,Red,Winter,2015.0,Casual,Wildcraft Unisex Red Duffle Bag,Túi duffel Wildcraft Unisex màu đỏ
36042,Unisex,Accessories,Bags,Duffel Bag,Blue,Summer,2012.0,Casual,OTLS Unisex Blue Duffle Bag,Túi xách du lịch unisex màu xanh dương OTLS
36073,Unisex,Accessories,Bags,Duffel Bag,Khaki,Winter,2012.0,Casual,OTLS Unisex Khaki Gym Bag,Túi tập gym màu kaki unisex OTLS
21250,Unisex,Accessories,Bags,Duffel Bag,Navy Blue,Summer,2011.0,Casual,Skybags Unisex Navy Duffle Bag,Túi xách du lịch Skybags Unisex màu xanh navy
36666,Unisex,Accessories,Bags,Duffel Bag,Brown,Summer,2012.0,Casual,Paridhan Unisex Brown Duffle Bag,Túi vải thô màu nâu Unisex Paridhan
1943,Unisex,Accessories,Bags,Duffel Bag,Grey,Summer,2011.0,Casual,Domyos Grey Duffle Duffle Bag,Túi xách Domyos màu xám
36075,Unisex,Accessories,Bags,Duffel Bag,Blue,Winter,2012.0,Casual,OTLS Unisex Blue Gym Bag,Túi tập gym unisex màu xanh dương OTLS
30203,Unisex,Accessories,Bags,Duffel Bag,Black,Summer,2012.0,Casual,Nike Unisex Legend Black Duffle Bag,Túi xách Nike Legend màu đen unisex
22667,Unisex,Accessories,Bags,Duffel Bag,Black,Winter,2015.0,Casual,Wildcraft Unisex Black & Red Duffel Bag,Túi du lịch Wildcraft Unisex màu đen và đỏ
39502,Unisex,Accessories,Bags,Duffel Bag,Orange,Summer,2012.0,Casual,Peter England Unisex Orange Duffle Bag,Túi xách du lịch unisex màu cam Peter England
34122,Unisex,Accessories,Bags,Duffel Bag,Khaki,Summer,2012.0,Casual,Turtle Unisex Khaki Duffle Bag,Túi xách du lịch Turtle Unisex màu kaki
57242,Women,Accessories,Bags,Duffel Bag,Brown,Summer,2012.0,Casual,Murcia Women Brown Duffle Bag,Túi xách nữ Murcia màu nâu
39504,Unisex,Accessories,Bags,Duffel Bag,Black,Summer,2012.0,Casual,Peter England Unisex Black Duffle Bag,Túi xách du lịch màu đen unisex Peter England
39505,Unisex,Accessories,Bags,Duffel Bag,Black,Summer,2012.0,Casual,Peter England Unisex Black Duffle Bag,Túi xách du lịch màu đen unisex Peter England
48166,Women,Accessories,Wallets,Wallets,Yellow,Winter,2016.0,Casual,Fossil Women Yellow Wallet,Ví nữ màu vàng hiệu Fossil
43392,Men,Accessories,Wallets,Wallets,Brown,Summer,2012.0,Casual,Lino Perros Men Brown Wallet,Ví nam Lino Perros màu nâu
33396,Women,Accessories,Wallets,Wallets,Purple,Summer,2012.0,Casual,Baggit Women Kites Jimmy Purple Wallet,Ví nữ Baggit Kites Jimmy màu tím
15942,Men,Accessories,Wallets,Wallets,Black,Fall,2011.0,Casual,Turtle Men Leather Black Wallets,Ví da nam màu đen hiệu Turtle
58476,Men,Accessories,Wallets,Wallets,Brown,Winter,2016.0,Casual,Fossil Men Brown Wallet,Ví nam Fossil màu nâu
18050,Women,Accessories,Wallets,Wallets,Brown,Winter,2015.0,Casual,Lino Perros Women Solid Brown Wallet,Ví nữ Lino Perros màu nâu trơn
20468,Women,Accessories,Wallets,Wallets,Purple,Winter,2015.0,Casual,Baggit Women Udaan Jhuti Purple Wallet,Ví nữ Baggit Udaan Jhuti màu tím
47155,Men,Accessories,Wallets,Wallets,Brown,Summer,2012.0,Casual,Peter England Men Brown Wallet,Ví nam màu nâu Peter England
23688,Men,Accessories,Wallets,Wallets,Brown,Fall,2011.0,Casual,Newhide Brown Men Antique Wallet,Ví nam Newhide màu nâu cổ điển
36917,Men,Accessories,Wallets,Wallets,Black,Winter,2016.0,Casual,Fossil Men Black Wallet,Ví nam Fossil màu đen
58483,Men,Accessories,Wallets,Wallets,Brown,Winter,2016.0,Casual,Fossil Men Brown Wallet,Ví nam Fossil màu nâu
20626,Women,Accessories,Wallets,Wallets,Red,Winter,2015.0,Casual,Baggit Women Voodoo Lovely Red Wallet,Ví nữ Baggit Voodoo Lovely màu đỏ
27775,Men,Accessories,Wallets,Wallets,Black,Winter,2015.0,Casual,Bulchee Men Black Wallet,Ví nam Bulchee màu đen
20628,Women,Accessories,Wallets,Wallets,Grey,Winter,2015.0,Casual,Baggit Women Voodoo Viva Grey Wallet,Ví nữ Baggit Voodoo Viva màu xám
42918,Women,Accessories,Wallets,Wallets,Black,Summer,2012.0,Casual,French Connection Women Black Wallet,Ví nữ màu đen hiệu French Connection
58241,Women,Accessories,Wallets,Wallets,Beige,Summer,2012.0,Casual,Baggit Women Beige Wallet,Ví nữ Baggit màu be
44258,Women,Accessories,Wallets,Wallets,Red,Summer,2012.0,Casual,Hidekraft Women Red Wallet,Ví nữ Hidekraft màu đỏ
47344,Women,Accessories,Wallets,Wallets,Navy Blue,Summer,2012.0,Casual,Baggit Women Navy Blue Wallet,Ví nữ Baggit màu xanh hải quân
18045,Women,Accessories,Wallets,Wallets,Blue,Winter,2015.0,Casual,Lino Perros Women Sequin Blue Wallet,Ví nữ Lino Perros đính sequin màu xanh dương
21813,Men,Accessories,Wallets,Wallets,Black,Winter,2016.0,Casual,Fossil Men Evans Zippass case Black Wallet,Ví da nam Fossil Evans Zippass màu đen
28594,Men,Accessories,Wallets,Wallets,Brown,Summer,2012.0,Casual,Peter England Men Leather Brown Wallet,Ví da nam màu nâu Peter England
18044,Women,Accessories,Wallets,Wallets,Yellow,Winter,2015.0,Casual,Lino Perros Women Sequin Yellow Wallet,Ví nữ Lino Perros màu vàng đính sequin
58165,Women,Accessories,Wallets,Wallets,Cream,Fall,2012.0,Casual,Rocky S Women Cream Wallet,Ví nữ màu kem Rocky S
53360,Women,Accessories,Wallets,Wallets,Pink,Summer,2012.0,Casual,Puma Woman Pink Big Cat Wallet,Ví nữ Puma hình mèo lớn màu hồng
48137,Women,Accessories,Wallets,Wallets,Grey,Winter,2016.0,Casual,Fossil Women Grey Wallet,Ví nữ Fossil màu xám
38358,Men,Accessories,Wallets,Wallets,Brown,Summer,2012.0,Casual,Peter England Men Brown Wallet,Ví nam màu nâu Peter England
14841,Men,Accessories,Wallets,Wallets,Black,Summer,2011.0,Casual,United Colors of Benetton Men Solid Black Wallets,Ví nam màu đen trơn hiệu United Colors of Benetton
44608,Men,Accessories,Wallets,Wallets,Brown,Summer,2012.0,Formal,Van Heusen Men Brown Wallet,Ví nam Van Heusen màu nâu
20564,Women,Accessories,Wallets,Wallets,Brown,Winter,2015.0,Casual,Baggit Women Turnoff Taj Brown Wallet,Ví nữ Baggit Turnoff Taj màu nâu
21810,Men,Accessories,Wallets,Wallets,Brown,Winter,2016.0,Casual,Fossil Men Hood Traveller Brown Wallet,Ví nam Fossil Hood Traveller màu nâu
47387,Women,Accessories,Wallets,Wallets,Grey,Summer,2012.0,Casual,Baggit Women Grey Wallet,Ví nữ màu xám Baggit
41258,Men,Accessories,Wallets,Wallets,Black,Summer,2012.0,Casual,Arrow Men Black Wallet,Ví nam Arrow màu đen
20465,Women,Accessories,Wallets,Wallets,Red,Winter,2015.0,Casual,Baggit Women Red Famous Taj Wallet,Ví nữ Baggit màu đỏ nổi tiếng Taj
27752,Men,Accessories,Wallets,Wallets,Black,Winter,2015.0,Casual,Bulchee Men Black Wallet,Ví nam Bulchee màu đen
18566,Women,Accessories,Wallets,Wallets,Black,Summer,2011.0,Casual,Puma Women Black Wallet,Ví nữ Puma màu đen
14969,Men,Accessories,Wallets,Wallets,Brown,Fall,2011.0,Formal,Newhide Smooth Finish Wallet,Ví Newhide bề mặt nhẵn
36541,Men,Accessories,Wallets,Wallets,Black,Summer,2012.0,Casual,United Colors of Benetton Men Leather Black Wallet,Ví da nam màu đen hiệu United Colors of Benetton
14845,Men,Accessories,Wallets,Wallets,Brown,Summer,2011.0,Casual,United Colors of Benetton Men Solid Brown Wallets,Ví nam màu nâu trơn hiệu United Colors of Benetton
20563,Women,Accessories,Wallets,Wallets,Green,Winter,2015.0,Casual,Baggit Women Turnoff Taj Green Wallet,Ví nữ Baggit Turnoff Taj Green
7618,Men,Accessories,Wallets,Wallets,Black,Summer,2011.0,Casual,Wrangler Men Black Leather Wallet,Ví da đen nam Wrangler
43395,Men,Accessories,Wallets,Wallets,Navy Blue,Summer,2012.0,Casual,Lino Perros Men Navy Blue Wallet,Ví nam Lino Perros màu xanh hải quân
20477,Women,Accessories,Wallets,Wallets,Beige,Winter,2015.0,Casual,Baggit Women Oscar Opart Beige Wallet,Ví nữ Baggit Oscar Opart màu be
20483,Women,Accessories,Wallets,Wallets,Black,Winter,2015.0,Casual,Baggit Women Quick Buffalo Black Wallet,Ví nữ Baggit Quick Buffalo màu đen
33447,Women,Accessories,Wallets,Wallets,Brown,Summer,2012.0,Casual,Baggit Women Leather Brown Wallet,Ví da nữ màu nâu Baggit
43390,Men,Accessories,Wallets,Wallets,Black,Spring,2012.0,Casual,Lino Perros Men Black Wallet,Ví nam màu đen Lino Perros
36922,Men,Accessories,Wallets,Wallets,Black,Winter,2016.0,Casual,Fossil Men Black Harper Wallet,Ví nam Fossil Harper màu đen
25304,Women,Accessories,Wallets,Wallets,Brown,Winter,2015.0,Casual,Lino Perros Women Classic Brown Wallet,Ví nữ cổ điển màu nâu Lino Perros
32604,Men,Accessories,Wallets,Wallets,Brown,Spring,2013.0,,Levitate Men Brown Wallet,Ví nam Levitate màu nâu
14848,Men,Accessories,Wallets,Wallets,Beige,Summer,2011.0,Casual,United Colors of Benetton Men Printed Beige Wallets,Ví nam in họa tiết màu be hiệu United Colors of Benetton
58249,Women,Accessories,Wallets,Wallets,Brown,Summer,2012.0,Casual,Baggit Women Brown Wallet,Ví nữ Baggit màu nâu
17094,Women,Accessories,Wallets,Wallets,Brown,Winter,2015.0,Casual,Lino Perros Women Button Flap Brown Wallet,Ví nữ Lino Perros có nắp gập cài nút màu nâu
58247,Women,Accessories,Wallets,Wallets,Red,Summer,2012.0,Casual,Baggit Women Red Wallet,Ví nữ Baggit màu đỏ
25097,Men,Accessories,Wallets,Wallets,Black,Winter,2015.0,Casual,Lino Perros Men Leather Black Wallet,Ví da nam Lino Perros màu đen
47415,Women,Accessories,Wallets,Wallets,Bronze,Summer,2012.0,Casual,Baggit Women Bronze Rapchik Chino Wallet,Ví nữ Baggit Bronze Rapchik Chino
42074,Men,Accessories,Wallets,Wallets,Black,Summer,2012.0,Casual,American Tourister Men Black Coin Passcase Wallet,Ví đựng tiền xu và thẻ American Tourister màu đen dành cho nam
58248,Women,Accessories,Wallets,Wallets,Purple,Winter,2016.0,Casual,Baggit Women Purple Wallet,Ví nữ Baggit màu tím
52781,Women,Accessories,Wallets,Wallets,Black,Fall,2012.0,Casual,Fiorelli Women Black Wallet,Ví nữ màu đen Fiorelli
23689,Men,Accessories,Wallets,Wallets,Black,Fall,2011.0,Casual,Newhide Black Men Casual Wallet,Ví nam Newhide màu đen kiểu dáng thường ngày
17091,Women,Accessories,Wallets,Wallets,White,Winter,2015.0,Casual,Lino Perros Women Button Flap White Wallet,Ví nữ Lino Perros có nắp gập cài nút màu trắng
38134,Women,Accessories,Wallets,Wallets,Blue,Winter,2015.0,Casual,Wildcraft Women Blue Wallet,Ví nữ Wildcraft màu xanh dương
18565,Men,Accessories,Belts,Belts,Black,Summer,2011.0,Casual,Puma Men Bolt LS Black Belt,Đai dài tay Puma Bolt màu đen dành cho nam
17779,Men,Accessories,Belts,Belts,Olive,Fall,2011.0,Formal,Reid & Taylor Men Olive Belt,Thắt lưng màu ô liu dành cho nam của Reid & Taylor
15218,Men,Accessories,Belts,Belts,Black,Summer,2011.0,Casual,United Colors of Benetton Solid Belt,Dây đai trơn United Colors of Benetton
19506,Men,Accessories,Belts,Belts,Black,Fall,2011.0,Casual,Wrangler Stud Men Black Belts,Thắt lưng nam Wrangler Stud màu đen
46306,Men,Accessories,Belts,Belts,Grey,Summer,2012.0,Casual,ADIDAS Men Grey Urban Belt,Thắt lưng nam Adidas màu xám kiểu đô thị
36526,Women,Accessories,Belts,Belts,Black,Summer,2012.0,Casual,United Colors of Benetton Women Black Belt,Đai đen nữ hiệu United Colors of Benetton
35065,Men,Accessories,Belts,Belts,Black,Summer,2012.0,Casual,Allen Solly Men Reversible Leather Black & Brown Belt,"Thắt lưng da hai mặt Allen Solly dành cho nam, màu đen và nâu."
35068,Men,Accessories,Belts,Belts,Black,Winter,2012.0,Casual,Allen Solly Men Black Belt,Đai đen Allen Solly dành cho nam
37066,Women,Accessories,Belts,Belts,Black,Summer,2012.0,Casual,Lino Perros Women Black Belt,Đai đen nữ Lino Perros
14972,Men,Accessories,Belts,Belts,Black,Fall,2011.0,Formal,New Hide Men Solid Black Belts,Thắt lưng nam màu đen trơn mới của Hide
33481,Women,Accessories,Belts,Belts,Purple,Summer,2012.0,Casual,Baggit Women Baaz Sandwichtost Purple Belt,Baggit Women Baaz Sandwichtost Purple Belt
50217,Women,Accessories,Belts,Belts,Black,Summer,2012.0,Casual,Stoln Women Black Belt,Đai đen Stoln dành cho nữ
8113,Men,Accessories,Belts,Belts,Brown,Winter,2016.0,Casual,Fastrack Men Coffee Canvas Beige Stiches Belt,Thắt lưng Fastrack Nam Cà phê Canvas Màu be
25756,Men,Accessories,Belts,Belts,Olive,Winter,2015.0,Casual,Lino Perros Men Canvas Olive Belt,Thắt lưng vải ô liu cho nam Lino Perros
14593,Men,Accessories,Belts,Belts,Black,Summer,2011.0,Casual,United Colors of Benetton Men Solid Black Belts,Thắt lưng nam màu đen trơn hiệu United Colors of Benetton
18603,Men,Accessories,Belts,Belts,Black,Fall,2011.0,Formal,New Hide Men Leather Black Belt,Thắt lưng da nam màu đen mới
27809,Men,Accessories,Belts,Belts,Brown,Summer,2013.0,Formal,Bulchee Men Brown And Black Reversible Belt,Thắt lưng nam Bulchee màu nâu và đen có thể đảo chiều
14978,Men,Accessories,Belts,Belts,Black,Fall,2011.0,Casual,New Hide Men Solid Black Belts,Thắt lưng nam màu đen trơn mới của Hide
8309,Men,Accessories,Belts,Belts,Black,Winter,2016.0,Casual,Fastrack Men Non Leather Black Silver Color Brass Belt,"Thắt lưng Fastrack nam không làm bằng da, màu đen bạc, chất liệu đồng thau."
45317,Men,Accessories,Belts,Belts,Black,Summer,2012.0,Formal,Van Heusen Men Black & Brown Reversible Belt,Thắt lưng nam 2 mặt màu đen nâu Van Heusen
58467,Men,Accessories,Belts,Belts,Brown,Summer,2012.0,Casual,Fossil Men Brown Belt,Đai nâu Fossil Men
47164,Men,Accessories,Belts,Belts,Brown,Summer,2012.0,Casual,Peter England Men Brown Belt,Đai nâu nam Peter England
15939,Men,Accessories,Belts,Belts,Brown,Fall,2011.0,Casual,Turtle Men Leather Brown Belts,Thắt lưng da màu nâu dành cho nam hiệu Turtle
27808,Men,Accessories,Belts,Belts,Black,Summer,2013.0,Formal,Bulchee Men Reversible Prong Black Belt,"Đai đen Bulchee dành cho nam, có thể đảo chiều, khóa cài."
51266,Men,Accessories,Belts,Belts,Black,Summer,2012.0,Casual,Parx Men Black Belt,Đai đen Parx dành cho nam
18830,Men,Accessories,Belts,Belts,Black,Summer,2011.0,Formal,Peter England Men Formal Black Belt,Đai đen trang trọng dành cho nam giới của Peter England
3710,Men,Accessories,Belts,Belts,Navy Blue,Summer,2011.0,Casual,Lee Men Navy Blue Canvas Belt,Thắt lưng vải canvas màu xanh hải quân Lee dành cho nam
45315,Men,Accessories,Belts,Belts,Black,Summer,2012.0,Formal,Van Heusen Men Black & Brown Reversible Belt,Thắt lưng nam 2 mặt màu đen nâu Van Heusen
37994,Men,Accessories,Belts,Belts,Brown,Summer,2012.0,Casual,New Hide Men Brown Belt,Thắt lưng da nâu nam mới
46074,Men,Accessories,Belts,Belts,Brown,Summer,2012.0,Casual,Lino Perros Men Brown Leather Belt,Thắt lưng nam da nâu Lino Perros
30152,Men,Accessories,Belts,Belts,Black,Summer,2012.0,Casual,Wrangler Men Black Belt,Đai đen nam Wrangler
25426,Men,Accessories,Belts,Belts,Black,Spring,2014.0,Casual,Puma Men Carve Black Belt,Đai đen Puma Carve dành cho nam
19889,Men,Accessories,Belts,Belts,Olive,Summer,2011.0,Casual,Lee Men Canvas Olive Belt,Thắt lưng vải canvas màu ô liu dành cho nam của Lee
17064,Women,Accessories,Belts,Belts,Navy Blue,Winter,2015.0,Casual,Lino Perros Women Weaved  Navy Blue Belt,Thắt lưng dệt màu xanh hải quân dành cho nữ của Lino Perros
40223,Men,Accessories,Belts,Belts,Black,Summer,2012.0,Casual,Provogue Men Black Leather Belt,Thắt lưng da đen nam Provogue
48549,Women,Accessories,Belts,Belts,Black,Summer,2012.0,Casual,Wrangler Women Black Belt,Đai đen nữ Wrangler
14820,Men,Accessories,Belts,Belts,Green,Summer,2011.0,Casual,United Colors of Benetton Men Stripes Green Belts,Thắt lưng nam sọc xanh lá cây hiệu United Colors of Benetton
38418,Women,Accessories,Belts,Belts,Purple,Summer,2012.0,Casual,Baggit Women Purple Choti Eva Belt,Thắt lưng Choti Eva màu tím dành cho nữ của Baggit
8120,Men,Accessories,Belts,Belts,Black,Winter,2016.0,Casual,Fastrack Men Black Belt,Đai đen Fastrack dành cho nam
37704,Women,Accessories,Belts,Belts,Brown,Summer,2012.0,Casual,Wills Women Brown Braided Belt,Thắt lưng bện màu nâu dành cho nữ hiệu Wills
18836,Men,Accessories,Belts,Belts,Black,Summer,2011.0,Casual,Peter England Men Classic Black Belt,Đai đen cổ điển dành cho nam của Peter England
34808,Men,Accessories,Belts,Belts,Black,Summer,2012.0,Casual,Flying Machine Men Black Belt,Đai đen dành cho nam giới sử dụng máy bay.
14828,Men,Accessories,Belts,Belts,Black,Summer,2011.0,Casual,United Colors of Benetton Men Solid Black Belts,Thắt lưng nam màu đen trơn hiệu United Colors of Benetton
21000,Men,Accessories,Belts,Belts,White,Winter,2016.0,Casual,Fastrack Men Leatherette White Belt,Đai da giả màu trắng Fastrack dành cho nam
28589,Men,Accessories,Belts,Belts,Brown,Summer,2012.0,Casual,Peter England Men Leather Brown Belt,Thắt lưng da màu nâu dành cho nam của Peter England
24779,Women,Accessories,Belts,Belts,Black,Winter,2015.0,Casual,Lino Perros Women Ladies Belts Black Black Belts,Thắt lưng nữ Lino Perros màu đen.
35060,Men,Accessories,Belts,Belts,Brown,Summer,2012.0,Casual,Allen Solly Men Leather Brown Belt,Thắt lưng da màu nâu dành cho nam của Allen Solly
10333,Men,Accessories,Belts,Belts,Brown,Fall,2011.0,Casual,Indigo Nation Men chert Brown Belts,Indigo Nation Men chert Brown Belts
35069,Men,Accessories,Belts,Belts,Black,Winter,2012.0,Casual,Allen Solly Men Black & Brown Reversible Belt,Thắt lưng hai mặt màu đen và nâu Allen Solly dành cho nam
14171,Men,Accessories,Belts,Belts,Black,Fall,2011.0,Formal,Belmonte Men Matt Finish Black Belts,Đai đen Belmonte Matt Finish dành cho nam
36386,Men,Accessories,Socks,Socks,Black,Summer,2016.0,Casual,Reid & Taylor Men Black Socks,Vớ đen nam Reid & Taylor
14613,Men,Accessories,Socks,Socks,Black,Summer,2011.0,Casual,United Colors of Benetton Men Pack of 2 Black Socks,Bộ 2 đôi tất đen dành cho nam hiệu United Colors of Benetton.
17389,Men,Accessories,Socks,Socks,Red,Summer,2016.0,Casual,Reid & Taylor Men Solid Red Socks,Vớ nam màu đỏ trơn hiệu Reid & Taylor
54339,Men,Accessories,Socks,Socks,Black,Summer,2016.0,Casual,Levis Men Pack of 3 Socks,Bộ 3 đôi tất Levi's dành cho nam
31990,Men,Accessories,Socks,Socks,Black,Summer,2016.0,Formal,Playboy Men Black Socks,Vớ đen nam Playboy
33780,Men,Accessories,Socks,Socks,Navy Blue,Summer,2012.0,Casual,Puma Men Formstripe Navy Blue Socks,Vớ nam Puma Formstripe màu xanh hải quân
49228,Men,Accessories,Socks,Socks,Brown,Summer,2016.0,Casual,Calzini Men Pack of 5 Sport Socks,Hộp 5 chiếc tất thể thao Calzini dành cho nam
18358,Men,Accessories,Socks,Socks,Black,Fall,2011.0,Casual,Fila Men Ankel Black Socks,Vớ cổ ngắn màu đen dành cho nam hiệu Fila
29218,Women,Accessories,Socks,Socks,Red,Summer,2013.0,Sports,Fila Women Pack Of 3 Socks,Bộ 3 đôi tất Fila dành cho nữ
32005,Men,Accessories,Socks,Socks,Grey,Summer,2016.0,Formal,Playboy Men Grey Socks,Vớ nam màu xám hiệu Playboy
17401,Men,Accessories,Socks,Socks,Blue,Summer,2016.0,Casual,Reid & Taylor Men Stripes Blue Socks,Vớ nam kẻ sọc màu xanh dương hiệu Reid & Taylor
17793,Men,Accessories,Socks,Socks,Brown,Summer,2016.0,Casual,Reid & Taylor Men Solid Brown Socks,Vớ nam màu nâu trơn hiệu Reid & Taylor
58309,Men,Accessories,Socks,Socks,Charcoal,Summer,2016.0,Sports,Jockey LCESCBRA Men Pack of 3 Socks 2004,Bộ 3 đôi tất nam Jockey LCESCBRA năm 2004
32029,Men,Accessories,Socks,Socks,Grey,Summer,2016.0,Sports,Playboy Men Pack of 3 Socks,Bộ 3 đôi tất Playboy dành cho nam
36384,Men,Accessories,Socks,Socks,Black,Summer,2016.0,Casual,Reid & Taylor Men Black Socks,Vớ đen nam Reid & Taylor
53805,Unisex,Accessories,Socks,Socks,White,Summer,2012.0,Casual,Puma Kids Unisex Pack Of 3 Socks,Bộ 3 đôi tất Puma dành cho trẻ em (unisex).
40237,Men,Accessories,Socks,Socks,Black,Summer,2016.0,Casual,Provogue Men Pack of 3 Striped Socks,Bộ 3 đôi tất sọc Provogue dành cho nam.
37655,Men,Accessories,Socks,Socks,Cream,Summer,2016.0,Formal,Playboy Men Cream Socks,Vớ màu kem dành cho nam của Playboy
31995,Men,Accessories,Socks,Socks,Navy Blue,Summer,2016.0,Formal,Playboy Men Navy Socks,Vớ màu xanh hải quân dành cho nam của Playboy
54343,Men,Accessories,Socks,Socks,White,Summer,2016.0,Casual,Levis Men Pack of 3 Socks,Bộ 3 đôi tất Levi's dành cho nam
43561,Men,Accessories,Socks,Socks,White,Summer,2012.0,Casual,Puma Men Pack of 3 Socks,Bộ 3 đôi tất nam Puma
17298,Men,Accessories,Socks,Socks,White,Winter,2015.0,Sports,Puma Men Pack of 3 Sports Socks,Bộ 3 đôi tất thể thao Puma dành cho nam.
29108,Unisex,Accessories,Socks,Socks,Brown,Summer,2012.0,Casual,Puma Unisex FTPA Quarters Brown Socks,Vớ cổ ngắn Puma Unisex FTPA màu nâu
7678,Women,Accessories,Socks,Socks,Pink,Summer,2016.0,Casual,Wrangler Women Pink Secret Socks,Vớ nữ Wrangler màu hồng bí mật
36375,Men,Accessories,Socks,Socks,Navy Blue,Summer,2016.0,Casual,Reid & Taylor Men Navy Blue Socks,Vớ nam màu xanh hải quân Reid & Taylor
57917,Men,Accessories,Socks,Socks,White,Summer,2016.0,Casual,Fruit of the Loom Men White Pack of Three Socks,Bộ ba đôi tất trắng Fruit of the Loom dành cho nam.
51339,Men,Accessories,Socks,Socks,Brown,Summer,2016.0,Casual,Raymond Men Brown Socks,Vớ nam Raymond màu nâu
43555,Women,Accessories,Socks,Socks,Cream,Summer,2012.0,Casual,Puma Women Cream Socks,Vớ nữ Puma màu kem
14614,Men,Accessories,Socks,Socks,Navy Blue,Summer,2011.0,Casual,United Colors of Benetton Men Pack of 2 Navy Blue Socks,Bộ 2 đôi tất màu xanh hải quân dành cho nam của United Colors of Benetton.
24872,Men,Accessories,Socks,Socks,Cream,Summer,2016.0,Casual,Reid & Taylor Men Bright Assorted Cream Socks,Vớ nam Reid & Taylor màu kem nhiều màu sắc tươi sáng
30543,Unisex,Accessories,Socks,Socks,Black,Summer,2012.0,Sports,Nike Unisex Pack of 3 Socks,Bộ 3 đôi tất Nike Unisex
9372,Unisex,Accessories,Socks,Socks,Blue,Fall,2011.0,Casual,Puma Unisex ABS Blue Socks,Vớ Puma Unisex ABS màu xanh dương
18582,Women,Accessories,Socks,Socks,Black,Summer,2011.0,Casual,Puma Women Pack of 2 Socks,Bộ 2 đôi tất Puma dành cho nữ
36411,Men,Accessories,Socks,Socks,Navy Blue,Summer,2016.0,Casual,Reid & Taylor Men Navy Blue Socks,Vớ nam màu xanh hải quân Reid & Taylor
32023,Men,Accessories,Socks,Socks,Black,Summer,2016.0,Casual,Playboy Men Multi Coloured Socks,Vớ nhiều màu dành cho nam giới hiệu Playboy
9352,Men,Accessories,Socks,Socks,White,Fall,2011.0,Casual,Puma Men Sports Socks 1 Pair White Socks,"Vớ thể thao nam Puma, 1 đôi, màu trắng."
12403,Men,Accessories,Socks,Socks,Brown,Summer,2016.0,Formal,Reid & Taylor Men Solid Brown Socks,Vớ nam màu nâu trơn hiệu Reid & Taylor
58322,Men,Accessories,Socks,Socks,White,Summer,2016.0,Sports,Jockey LCESCBRA Men White Pack of 3 Socks 2004,"Bộ 3 đôi tất trắng Jockey LCESCBRA dành cho nam, năm 2004."
18359,Men,Accessories,Socks,Socks,White,Fall,2011.0,Casual,Fila Men No Show White Socks,Vớ trắng Fila nam không lộ cổ chân
29207,Men,Accessories,Socks,Socks,White,Summer,2013.0,Sports,Fila Men White Socks,Vớ trắng nam Fila
43405,Men,Accessories,Socks,Socks,Multi,Summer,2012.0,Casual,Lino Perros Men Monday to Friday Socks,Vớ nam Lino Perros Monday to Friday
58319,Men,Accessories,Socks,Socks,White,Summer,2016.0,Sports,Jockey LCESCBRA Men White Pack of 3 Socks 2004,"Bộ 3 đôi tất trắng Jockey LCESCBRA dành cho nam, năm 2004."
32166,Women,Accessories,Socks,Socks,Red,Summer,2017.0,Casual,Playboy Women Playmate Red Ankle Socks,Vớ mắt cá chân màu đỏ Playboy Women Playmate
8507,Unisex,Accessories,Socks,Socks,Black,Summer,2011.0,Sports,Nike Unisex  Black Socks,Vớ đen unisex Nike
6699,Men,Accessories,Socks,Socks,White,Summer,2011.0,Sports,Nike Men's Nsw Clsc White Socks,"Vớ trắng Nike dành cho nam, dòng NSW CLSC."
32037,Men,Accessories,Socks,Socks,White,Summer,2016.0,Casual,Playboy Men White Socks,Vớ trắng nam Playboy
17406,Men,Accessories,Socks,Socks,Brown,Summer,2016.0,Casual,Reid & Taylor Men Stripes Brown Socks,Vớ nam kẻ sọc màu nâu hiệu Reid & Taylor
37886,Unisex,Accessories,Socks,Socks,Black,Summer,2016.0,Casual,Happy Socks Unisex Black Pack of Two Socks,Bộ 2 đôi tất Happy Socks Unisex màu đen
21573,Men,Accessories,Socks,Socks,Multi,Winter,2015.0,Casual,Lino Perros Men Pack of Five Pair Socks,Bộ 5 đôi tất nam Lino Perros
32024,Men,Accessories,Socks,Socks,Blue,Summer,2016.0,Casual,Playboy Men Striped Socks,Vớ sọc Playboy dành cho nam
29199,Men,Accessories,Socks,Socks,Grey,Summer,2012.0,Sports,Fila Men Grey Socks,Vớ nam Fila màu xám
17394,Men,Accessories,Socks,Socks,Brown,Summer,2016.0,Casual,Reid & Taylor Men Solid Brown Socks,Vớ nam màu nâu trơn hiệu Reid & Taylor
37881,Unisex,Accessories,Socks,Socks,Navy Blue,Summer,2016.0,Casual,Happy Socks Unisex Navy Blue Socks,Vớ Happy Socks Unisex màu xanh hải quân
36333,Men,Accessories,Socks,Socks,White,Summer,2016.0,Casual,Playboy Men White & Red Socks,Vớ nam Playboy màu trắng và đỏ
32163,Women,Accessories,Socks,Socks,Lavender,Summer,2017.0,Casual,Playboy Women Playmate Lavender Ankle Socks,Vớ mắt cá chân màu tím oải hương Playboy Women Playmate
48684,Women,Accessories,Jewellery,Earrings,Silver,Fall,2012.0,Casual,Lucera Women Silver Earrings,Bông tai bạc Lucera dành cho nữ
58030,Women,Accessories,Jewellery,Earrings,Gold,Fall,2012.0,Casual,Rreverie Golden & Black Earrings,Bông tai Reverie vàng và đen
31703,Women,Accessories,Jewellery,Earrings,Silver,Winter,2016.0,Ethnic,Fabindia Women Ananya Silver Earrings,Bông tai bạc Ananya của Fabindia dành cho nữ.
48665,Women,Accessories,Jewellery,Earrings,Silver,Fall,2012.0,Casual,Lucera Women Silver Earrings,Bông tai bạc Lucera dành cho nữ
48606,Women,Accessories,Jewellery,Earrings,Silver,Fall,2012.0,Casual,Lucera Women Silver Earrings,Bông tai bạc Lucera dành cho nữ
31702,Women,Accessories,Jewellery,Earrings,Silver,Winter,2016.0,Ethnic,Fabindia Women Ananya Silver Earrings,Bông tai bạc Ananya của Fabindia dành cho nữ.
48616,Women,Accessories,Jewellery,Earrings,Silver,Fall,2012.0,Casual,Lucera Women Silver Earrings,Bông tai bạc Lucera dành cho nữ
31719,Women,Accessories,Jewellery,Earrings,Silver,Winter,2016.0,Ethnic,Fabindia Women Anusuya Silver Earrings,Bông tai bạc Anusuya dành cho nữ của Fabindia
53100,Women,Accessories,Jewellery,Earrings,Silver,Winter,2016.0,Casual,Fabindia Silver Earrings,Bông tai bạc Fabindia
48716,Women,Accessories,Jewellery,Earrings,Gold,Summer,2013.0,Casual,Lucera Gold Plated Earrings,Bông tai mạ vàng Lucera
52817,Women,Accessories,Jewellery,Earrings,Red,Fall,2012.0,Casual,Adrika Red Earrings,Bông tai Adrika màu đỏ
52851,Women,Accessories,Jewellery,Earrings,Black,Summer,2012.0,Casual,Adrika Black Earrings,Bông tai Adrika màu đen
48604,Women,Accessories,Jewellery,Earrings,Silver,Summer,2013.0,Casual,Lucera Women Silver Earrings,Bông tai bạc Lucera dành cho nữ
43759,Women,Accessories,Jewellery,Earrings,Gold,Summer,2012.0,Ethnic,Royal Diadem Black Earrings,Bông tai vương miện hoàng gia màu đen
52834,Women,Accessories,Jewellery,Earrings,Turquoise Blue,Fall,2012.0,Ethnic,Adrika Women Black & Blue Earrings,Bông tai đen và xanh Adrika dành cho nữ
58605,Women,Accessories,Jewellery,Earrings,Silver,Winter,2016.0,Casual,ToniQ Women Silver Earrings,Bông tai bạc ToniQ dành cho nữ
58018,Women,Accessories,Jewellery,Earrings,Silver,Fall,2012.0,Casual,Rreverie Silver & White Earrings,Bông tai Reverie màu bạc và trắng
35319,Women,Accessories,Jewellery,Earrings,Silver,Winter,2016.0,Ethnic,Fabindia Women Anusuya Silver Earrings,Bông tai bạc Anusuya dành cho nữ của Fabindia
48644,Women,Accessories,Jewellery,Earrings,Silver,Summer,2013.0,Casual,Lucera Women Silver Earrings,Bông tai bạc Lucera dành cho nữ
43814,Women,Accessories,Jewellery,Earrings,White,Summer,2012.0,Ethnic,Royal Diadem White Earrings,Bông tai vương miện hoàng gia màu trắng
58607,Women,Accessories,Jewellery,Earrings,Silver,Winter,2016.0,Casual,ToniQ Women Silver Earrings,Bông tai bạc ToniQ dành cho nữ
43784,Women,Accessories,Jewellery,Earrings,Maroon,Summer,2012.0,Casual,Royal Diadem Maroon Earrings,Bông tai vương miện hoàng gia màu đỏ tía
43770,Women,Accessories,Jewellery,Earrings,Gold,Summer,2012.0,Ethnic,Royal Diadem Rust Earrings,Bông tai Royal Diadem màu gỉ sét
48686,Women,Accessories,Jewellery,Earrings,Silver,Summer,2013.0,Casual,Lucera Women Silver Earrings,Bông tai bạc Lucera dành cho nữ
59526,Women,Accessories,Jewellery,Earrings,Silver,Summer,2013.0,Casual,Lucera Silver Earrings,Bông tai bạc Lucera
58060,Women,Accessories,Jewellery,Earrings,Sea Green,Fall,2012.0,Casual,Rreverie Sea Green Earrings,Bông tai màu xanh lục biển Reverie
52823,Women,Accessories,Jewellery,Earrings,Green,Summer,2012.0,Casual,Adrika Green Earrings,Bông tai Adrika màu xanh lá cây
48607,Women,Accessories,Jewellery,Earrings,Silver,Fall,2012.0,Casual,Lucera Women Silver Earrings,Bông tai bạc Lucera dành cho nữ
43859,Women,Accessories,Jewellery,Earrings,Gold,Summer,2012.0,Casual,Royal Diadem Golden Earrings,Hoa tai vàng vương miện hoàng gia
48608,Women,Accessories,Jewellery,Earrings,Silver,Summer,2013.0,Casual,Lucera Women Silver Earrings,Bông tai bạc Lucera dành cho nữ
48599,Women,Accessories,Jewellery,Earrings,Silver,Summer,2012.0,Casual,Lucera Women Silver Earrings,Bông tai bạc Lucera dành cho nữ
58035,Women,Accessories,Jewellery,Earrings,Silver,Winter,2012.0,Casual,Rreverie Women Silver Earrings,Bông tai bạc Rreverie dành cho nữ
31723,Women,Accessories,Jewellery,Pendant,Gold,Winter,2016.0,Ethnic,Fabindia Women Ananya Gold Pendant,Mặt dây chuyền vàng Ananya của Fabindia dành cho nữ.
48855,Women,Accessories,Jewellery,Pendant,Silver,Summer,2012.0,Casual,Lucera Women Silver Pendant with Chain,Mặt dây chuyền bạc Lucera dành cho nữ kèm dây chuyền.
48833,Women,Accessories,Jewellery,Pendant,Silver,Summer,2012.0,Casual,Lucera Women Silver Pendant,Mặt dây chuyền bạc Lucera dành cho nữ
48853,Women,Accessories,Jewellery,Pendant,Silver,Summer,2012.0,Casual,Lucera Women Silver Pendant with Chain,Mặt dây chuyền bạc Lucera dành cho nữ kèm dây chuyền.
59501,Women,Accessories,Jewellery,Pendant,Gold,Summer,2013.0,Casual,Lucera Gold Plated Pendant With Chain,Mặt dây chuyền mạ vàng Lucera kèm dây chuyền
48774,Women,Accessories,Jewellery,Pendant,Silver,Summer,2013.0,Casual,Lucera Women Silver Pendant,Mặt dây chuyền bạc Lucera dành cho nữ
48895,Women,Accessories,Jewellery,Pendant,Silver,Summer,2013.0,Casual,Lucera Women Silver Pendant,Mặt dây chuyền bạc Lucera dành cho nữ
52205,Women,Accessories,Jewellery,Pendant,White,Fall,2012.0,Casual,Lencia Sterling Silver Pendant,Mặt dây chuyền Lencia bằng bạc Sterling
48914,Women,Accessories,Jewellery,Pendant,Silver,Summer,2012.0,Casual,Lucera Women Silver Pendant with Chain,Mặt dây chuyền bạc Lucera dành cho nữ kèm dây chuyền.
58097,Women,Accessories,Jewellery,Pendant,Turquoise Blue,Fall,2012.0,Casual,Rreverie Women Turquoise Blue Pendant,"Mặt dây chuyền Rreverie dành cho nữ, màu xanh ngọc lam."
54865,Women,Accessories,Jewellery,Necklace and Chains,Red,Fall,2012.0,Casual,Ivory Tag  Red & Gold Toned Eye Catcher Necklace,Dây chuyền Ivory Tag màu đỏ và vàng bắt mắt
52309,Women,Accessories,Jewellery,Necklace and Chains,Multi,Winter,2016.0,Casual,ToniQ Women Multi Coloured Necklace,Dây chuyền nhiều màu sắc dành cho nữ ToniQ
46129,Women,Accessories,Jewellery,Necklace and Chains,Brown,Winter,2015.0,Casual,Adrika Women Brown Necklace,Dây chuyền màu nâu dành cho nữ hiệu Adrika
53092,Women,Accessories,Jewellery,Necklace and Chains,Rust,Winter,2016.0,Casual,Fabindia Orange Necklace,Dây chuyền màu cam Fabindia
54171,Women,Accessories,Jewellery,Necklace and Chains,Yellow,Fall,2012.0,Casual,Femella Wooden Balls Necklace,Dây chuyền quả cầu gỗ Femella
46154,Women,Accessories,Jewellery,Necklace and Chains,Green,Winter,2015.0,Casual,Adrika Women Orange & Green Necklace,Dây chuyền Adrika dành cho nữ màu cam và xanh lá cây
46134,Women,Accessories,Jewellery,Necklace and Chains,Pink,Winter,2015.0,Casual,Adrika Pink Necklace,Dây chuyền màu hồng Adrika
46176,Women,Accessories,Jewellery,Necklace and Chains,Purple,Winter,2015.0,Casual,Adrika Women Purple Necklace,Dây chuyền màu tím dành cho nữ Adrika
54854,Women,Accessories,Jewellery,Necklace and Chains,Pink,Summer,2013.0,Casual,Ivory Tag Women Delectable Pink Necklace,Dây chuyền màu hồng quyến rũ của Ivory Tag dành cho nữ
54876,Women,Accessories,Jewellery,Necklace and Chains,Green,Fall,2012.0,Casual,Ivory Tag Women Green Droplets Necklace,Dây chuyền nữ Ivory Tag màu xanh lá cây với họa tiết giọt nước
48934,Women,Accessories,Jewellery,Ring,Silver,Summer,2015.0,Casual,Lucera Women Silver Ring,Nhẫn bạc nữ Lucera
59561,Men,Accessories,Jewellery,Ring,Steel,Summer,2013.0,Casual,Revv Men Steel Ring,Nhẫn thép Revv Men
49033,Women,Accessories,Jewellery,Ring,Silver,Summer,2012.0,Casual,Lucera Women Silver Ring,Nhẫn bạc nữ Lucera
48935,Women,Accessories,Jewellery,Ring,Silver,Summer,2015.0,Casual,Lucera Women Silver Ring,Nhẫn bạc nữ Lucera
48944,Men,Accessories,Jewellery,Ring,Steel,Summer,2013.0,Casual,Revv Men Steel Ring,Nhẫn thép Revv Men
48990,Women,Accessories,Jewellery,Ring,Silver,Summer,2012.0,Casual,Lucera Women Silver Ring,Nhẫn bạc nữ Lucera
49052,Women,Accessories,Jewellery,Ring,Silver,Summer,2013.0,Casual,Lucera Women Silver Ring,Nhẫn bạc nữ Lucera
59459,Women,Accessories,Jewellery,Ring,Silver,Summer,2015.0,Casual,Lucera Silver Ring,Nhẫn bạc Lucera
49732,Men,Accessories,Ties,Ties,Blue,Summer,2012.0,Casual,Park Avenue Men Blue Tie,"Nam giới đeo cà vạt xanh, Park Avenue."
49716,Men,Accessories,Ties,Ties,Blue,Summer,2012.0,Casual,Park Avenue Men Blue Tie,"Nam giới đeo cà vạt xanh, Park Avenue."
36356,Men,Accessories,Ties,Ties,Yellow,Summer,2012.0,Formal,Reid & Taylor Men Yellow Patterned Tie,Cà vạt nam màu vàng họa tiết của Reid & Taylor
19223,Men,Accessories,Ties,Ties,Blue,Summer,2011.0,Formal,United Colors of Benetton Men Check Blue Tie,Cà vạt kẻ caro xanh dương dành cho nam của United Colors of Benetton
12390,Men,Accessories,Ties,Ties,Blue,Fall,2011.0,Formal,Reid & Taylor Men Stripes Blue Ties,Cà vạt sọc xanh dương dành cho nam của Reid & Taylor
58904,Men,Accessories,Ties,Ties,Grey,Summer,2012.0,Casual,Hakashi Men Grey & Black Silk Tie,Cà vạt lụa màu xám và đen Hakashi dành cho nam.
58875,Men,Accessories,Ties,Ties,Grey,Summer,2012.0,Casual,Hakashi Men Grey Tie,Cà vạt xám Hakashi dành cho nam
50304,Men,Accessories,Ties,Ties,Red,Summer,2012.0,Formal,Park Avenue Men Red Tie,Nam giới đeo cà vạt đỏ tại Park Avenue
15952,Men,Accessories,Ties,Ties,Brown,Fall,2011.0,Formal,Turtle Men Check Brown Ties,Cà vạt kẻ caro nâu hình rùa dành cho nam.
49755,Men,Accessories,Ties,Ties,Blue,Summer,2012.0,Formal,Parx Men Blue Tie,Cà vạt xanh dương Parx dành cho nam
23483,Men,Accessories,Scarves,Scarves,Blue,Summer,2012.0,Casual,Arrow Men Blue Check Scarf,Khăn quàng cổ nam Arrow kẻ caro xanh dương
38309,Men,Accessories,Scarves,Scarves,Black,Summer,2012.0,Casual,Reid & Taylor Men Black Scarf,Khăn quàng cổ đen nam hiệu Reid & Taylor
23487,Men,Accessories,Scarves,Scarves,Grey,Summer,2012.0,Casual,Arrow Men Grey Scarf,Khăn quàng cổ màu xám Arrow Men
14629,Women,Accessories,Scarves,Scarves,Pink,Summer,2011.0,Casual,United Colors of Benetton Women Solid Pink Scarves,Khăn quàng cổ màu hồng trơn dành cho nữ của United Colors of Benetton
59905,Women,Accessories,Scarves,Scarves,Pink,Fall,2012.0,Casual,Femella Women Pink Printed Scarf,Khăn quàng cổ in họa tiết màu hồng Femella dành cho nữ
23464,Men,Accessories,Scarves,Scarves,Black,Winter,2015.0,Casual,Lino Perros Men Black Check Scarf,Khăn quàng cổ kẻ caro đen dành cho nam của Lino Perros
23471,Men,Accessories,Scarves,Scarves,Red,Winter,2015.0,Casual,Lino Perros Men Red Scarf,"Khăn quàng cổ màu đỏ cho nam, chất liệu vải lanh, hiệu Linen Dogs."
11142,Women,Accessories,Scarves,Scarves,Blue,Fall,2011.0,Casual,Scullers Women Solid Blue Scarves,Khăn quàng cổ màu xanh dương trơn hiệu Scullers dành cho nữ.
38308,Men,Accessories,Scarves,Scarves,Blue,Summer,2012.0,Casual,Reid & Taylor Men Blue Scarf,Khăn quàng cổ màu xanh dương dành cho nam của Reid & Taylor
25942,Women,Accessories,Scarves,Scarves,Yellow,Summer,2012.0,Casual,Femella Women Yellow & Green Scarf,Khăn choàng nữ Femella màu vàng và xanh lá cây
35090,Women,Accessories,Scarves,Scarves,Olive,Summer,2012.0,Casual,Allen Solly Woman Check Olive Scarf,"Khăn quàng cổ Allen Solly dành cho nữ, họa tiết kẻ caro màu ô liu."
25950,Women,Accessories,Scarves,Scarves,Rust,Summer,2012.0,Casual,Femella Women Rust Scarf,Khăn quàng cổ màu gỉ sét dành cho nữ
23475,Men,Accessories,Scarves,Scarves,Black,Winter,2015.0,Casual,Lino Perros Men Black Check Scarf,Khăn quàng cổ kẻ caro đen dành cho nam của Lino Perros
47668,Women,Accessories,Scarves,Scarves,Blue,Summer,2012.0,Casual,Femella Women Blue & White Scarf,Khăn quàng cổ Femella màu xanh dương và trắng dành cho nữ
59567,Men,Accessories,Cufflinks,Cufflinks,Steel,Summer,2012.0,Casual,Revv Men Black and Steel Cufflinks,Khuy măng sét Revv Men màu đen và thép
39034,Men,Accessories,Cufflinks,Cufflinks,Blue,Summer,2012.0,Formal,Belmonte Men Blue Bright Assorted Cufflinks,"Khuy măng sét Belmonte dành cho nam, màu xanh dương sáng, nhiều màu sắc khác nhau."
58854,Men,Accessories,Cufflinks,Cufflinks,Steel,Summer,2012.0,Casual,Hakashi Men Steel Cufflinks,Khuy măng sét thép Hakashi dành cho nam
58858,Men,Accessories,Cufflinks,Cufflinks,Black,Summer,2017.0,Casual,Hakashi Men Black Cufflinks,Khuy măng sét nam Hakashi màu đen
14162,Men,Accessories,Cufflinks,Cufflinks,Steel,Fall,2011.0,Formal,Belmonte Men Bright Assorted Steel Cufflinks,Khuy măng sét thép sáng màu đa dạng dành cho nam giới của Belmonte.
15259,Women,Footwear,Shoes,Casual Shoes,White,Fall,2011.0,Casual,ADIDAS Originals Women Top Ten low Sleek White Casual Shoes,Giày thể thao nữ Adidas Originals Top Ten cổ thấp màu trắng thanh lịch
25420,Men,Footwear,Shoes,Casual Shoes,Black,Spring,2013.0,Casual,Nike Men Lite Force Black & White Shoes,Giày Nike Lite Force đen trắng dành cho nam
54739,Men,Footwear,Shoes,Casual Shoes,Grey,Summer,2012.0,Casual,Vans Men Grey Del Norte Canvas Shoes,Giày Vans nam màu xám Northern Canvas
6497,Men,Footwear,Shoes,Casual Shoes,Brown,Winter,2018.0,Casual,Red Tape Men's Leather Brown Shoe,Giày da nam màu nâu hiệu Red Tape
15502,Women,Footwear,Shoes,Casual Shoes,Brown,Fall,2011.0,Casual,Carlton London Women Casual Brown Casual Shoes,"Giày nữ Carlton London màu nâu, kiểu dáng thường ngày."
35465,Men,Footwear,Shoes,Casual Shoes,Blue,Fall,2012.0,Casual,Franco Leone Men Blue Shoes,Giày nam màu xanh dương hiệu Franco Leone
26664,Men,Footwear,Shoes,Casual Shoes,Black,Fall,2012.0,Casual,Puma Men Metamostro Black Shoes,Giày Puma Metamostro màu đen dành cho nam
38544,Men,Footwear,Shoes,Casual Shoes,Black,Winter,2012.0,Casual,Puma Men Black Suede Archive Eco Shoes,Giày Puma nam màu đen da lộn Archive Eco
7041,Men,Footwear,Shoes,Casual Shoes,Black,Summer,2011.0,Casual,Numero Uno Black Men's Shoe,Giày nam Numero Uno màu đen
36476,Men,Footwear,Shoes,Casual Shoes,Black,Spring,2013.0,Casual,Spinn Men Agile Black Shoes,Giày Spinn nam Agile màu đen
35677,Men,Footwear,Shoes,Casual Shoes,Brown,Winter,2014.0,Casual,U.S. Polo Assn. Men Brown Leather Casual Shoes,Giày da nam màu nâu hiệu U.S. Polo Assn. (kiểu dáng thường ngày)
17033,Men,Footwear,Shoes,Casual Shoes,Black,Summer,2013.0,Casual,Gas Men Europa Casual Shoes,Giày nam Gas Europa Casual
15512,Men,Footwear,Shoes,Casual Shoes,Brown,Fall,2011.0,Casual,Rockport Men Slatkin Brown Casual Shoes,"Giày nam Rockport Slatkin màu nâu, kiểu dáng thường ngày."
44746,Men,Footwear,Shoes,Casual Shoes,Olive,Summer,2012.0,Casual,Globalite Men Olive Sparta Shoes,Giày Sparta Olive dành cho nam của Globalite
25452,Men,Footwear,Shoes,Casual Shoes,White,Summer,2012.0,Casual,Nike Men Prowl White Casual Shoes,Giày thể thao Nike Prowl màu trắng dành cho nam
46117,Unisex,Footwear,Shoes,Casual Shoes,Red,Summer,2012.0,Casual,ADIDAS Unisex Red Neo Shell Comic Shoes,Giày Adidas Neo Shell Comic màu đỏ unisex
9130,Men,Footwear,Shoes,Casual Shoes,Grey,Fall,2011.0,Casual,Puma Men Osu NM Grey Casual Shoes,Giày thể thao nam Puma Osu NM màu xám
7267,Men,Footwear,Shoes,Casual Shoes,Brown,Fall,2011.0,Casual,Rockport Men Brown Leather Casual Shoes,"Giày nam Rockport da nâu, kiểu dáng thường ngày."
44503,Women,Footwear,Shoes,Casual Shoes,Grey,Summer,2012.0,Casual,Gliders Women Grey & Orange Shoes,Giày nữ Gliders màu xám và cam
43878,Men,Footwear,Shoes,Casual Shoes,Brown,Summer,2012.0,Casual,Puma Men Brown Terrae Mid Africa Shoes,Giày Puma Terrae Mid Africa màu nâu dành cho nam
11816,Men,Footwear,Shoes,Casual Shoes,White,Fall,2011.0,Casual,Playboy Men Casual White Casual Shoes,"Giày nam Playboy màu trắng, kiểu dáng thường ngày."
38770,Men,Footwear,Shoes,Casual Shoes,Olive,Summer,2012.0,Casual,Woodland Men Olive Shoes,Giày Olive nam Woodland
35660,Men,Footwear,Shoes,Casual Shoes,Black,Summer,2012.0,Casual,U.S. Polo Assn. Men Black Shoes,Giày nam màu đen hiệu U.S. Polo Assn.
23855,Men,Footwear,Shoes,Casual Shoes,Yellow,Summer,2011.0,Casual,ADIDAS Men Yellow Color Blast Casual Shoes,Giày thể thao nam ADIDAS màu vàng nổi bật
21079,Men,Footwear,Shoes,Casual Shoes,Brown,Spring,2012.0,Casual,Clarks Men Supa Step Brown Casual Shoe,"Giày nam Clarks Supa Step màu nâu, kiểu dáng thường ngày."
24302,Unisex,Footwear,Shoes,Casual Shoes,Blue,Summer,2012.0,Casual,Converse Unisex Blue Casual Shoes,"Giày Converse Unisex màu xanh dương, kiểu dáng thường ngày."
4133,Men,Footwear,Shoes,Casual Shoes,White,Winter,2015.0,Casual,Skechers Men's Sparta White Shoe,Giày Skechers Sparta màu trắng dành cho nam
32952,Men,Footwear,Shoes,Casual Shoes,Black,Summer,2012.0,Casual,ADIDAS Neo Men Court Sequence Black Shoes,Giày Adidas Neo Men Court Sequence màu đen
55785,Men,Footwear,Shoes,Casual Shoes,Navy Blue,Spring,2014.0,Casual,Converse Men Navy Casual Shoes,"Giày Converse nam màu xanh navy, kiểu dáng thường ngày."
13066,Men,Footwear,Shoes,Casual Shoes,White,Fall,2011.0,Casual,Numero Uno Men White Casual Shoes,"Giày nam Numero Uno màu trắng, kiểu dáng thường ngày."
20707,Men,Footwear,Shoes,Casual Shoes,Black,Winter,2012.0,Casual,Buckaroo Men Melania Black Casual Shoes,"Giày nam Buckaroo Melania màu đen, kiểu dáng thường ngày."
20716,Men,Footwear,Shoes,Casual Shoes,Brown,Winter,2018.0,Smart Casual,Red Tape Men Brown Leather Casual Shoes,"Giày da nam màu nâu hiệu Red Tape, kiểu dáng thường ngày."
35670,Men,Footwear,Shoes,Casual Shoes,Navy Blue,Spring,2013.0,Casual,U.S. Polo Assn. Men Navy Blue Shoes,Giày nam màu xanh hải quân hiệu U.S. Polo Assn.
15220,Men,Footwear,Shoes,Casual Shoes,Brown,Fall,2011.0,Casual,ADIDAS Originals Men Adi T Tennis Brown Casual Shoes,"Giày tennis nam ADIDAS Originals Adi T màu nâu, kiểu dáng thường ngày."
22251,Men,Footwear,Shoes,Casual Shoes,Black,Summer,2011.0,Casual,ID Men Black Casual Shoes,Giày nam ID màu đen kiểu dáng thường ngày
4019,Unisex,Footwear,Shoes,Casual Shoes,Blue,Summer,2011.0,Casual,ADIDAS Unisex Check Can MW Blue Shoe,Giày Adidas Unisex Check Can MW màu xanh dương
30258,Men,Footwear,Shoes,Casual Shoes,Brown,Winter,2018.0,Casual,Red Tape Men Brown Shoes,Giày nam màu nâu Red Tape
11842,Men,Footwear,Shoes,Casual Shoes,Beige,Summer,2013.0,Casual,Playboy Men Casual Beige Casual Shoes,"Giày nam Playboy màu be, kiểu dáng thường ngày."
50753,Men,Footwear,Shoes,Casual Shoes,Mushroom Brown,Winter,2018.0,Casual,Red Chief Men Mushroom Brown Shoes,Giày nam Red Chief màu nâu nấm
11951,Men,Footwear,Shoes,Casual Shoes,Blue,Summer,2012.0,Casual,Ganuchi Men Blue Shoes,Giày nam Ganuchi màu xanh dương
33689,Men,Footwear,Shoes,Casual Shoes,White,Winter,2012.0,Casual,Cobblerz Men White & Blue Casual Shoes,Giày nam Cobblerz màu trắng và xanh dương kiểu dáng thường ngày
43379,Men,Footwear,Shoes,Casual Shoes,White,Summer,2012.0,Casual,Reebok Men White Mamba Casual Shoes,Giày thể thao nam Reebok Mamba màu trắng
22819,Men,Footwear,Shoes,Casual Shoes,Brown,Summer,2016.0,Casual,Woodland Men Brown Casual Shoes,"Giày nam Woodland màu nâu, kiểu dáng thường ngày."
2540,Men,Footwear,Shoes,Casual Shoes,Blue,Fall,2010.0,Casual,Numero Uno Men's Casual Black Leatherette Shoe,Giày thể thao nam Numero Uno màu đen giả da
22237,Men,Footwear,Shoes,Casual Shoes,Red,Summer,2011.0,Casual,ID Men Red Shoes,Giày nam màu đỏ ID
15314,Men,Footwear,Shoes,Sports Shoes,White,Fall,2011.0,Sports,ADIDAS Men Ranger White Sports Shoes,Giày thể thao nam ADIDAS Ranger màu trắng
24455,Women,Footwear,Shoes,Sports Shoes,White,Summer,2012.0,Casual,Nike Women Court Majestic White Shoes,Giày Nike Court Majestic màu trắng dành cho nữ
22699,Men,Footwear,Shoes,Sports Shoes,Black,Summer,2011.0,Sports,Nike Men Ballista Black Sports Shoes,Giày thể thao Nike Ballista màu đen dành cho nam
5350,Men,Footwear,Shoes,Sports Shoes,White,Fall,2011.0,Sports,Artengo Artengo 522c Man Synthe,Artengo Artengo 522c Man Synthe
34733,Women,Footwear,Shoes,Sports Shoes,Blue,Summer,2012.0,Sports,Puma Women Faas 300 Blue & Pink Sports Shoes,Giày thể thao nữ Puma Faas 300 màu xanh dương và hồng
42091,Women,Footwear,Shoes,Sports Shoes,Black,Summer,2012.0,Sports,ADIDAS Women Black Adi LS Move Shoes,Giày thể thao dài tay ADIDAS nữ màu đen hiệu Adi LS Move
4484,Men,Footwear,Shoes,Sports Shoes,White,Summer,2011.0,Sports,Puma Men Kraftek White Silver Shoe,Giày Puma Kraftek màu trắng bạc dành cho nam
34654,Men,Footwear,Shoes,Sports Shoes,Grey,Summer,2012.0,Sports,Fila Men Cerchi Lite Grey Sports Shoes,Giày Thể Thao Nam Fila Cerchi Lite Màu Xám
34817,Men,Footwear,Shoes,Sports Shoes,Black,Summer,2012.0,Sports,ADIDAS Men Adizero Black Sports Shoes,Giày thể thao nam Adidas Adizero màu đen
2197,Men,Footwear,Shoes,Sports Shoes,White,Fall,2010.0,Sports,ADIDAS Men's Stripe White Run Shoe,Giày chạy bộ sọc trắng ADIDAS dành cho nam
25564,Men,Footwear,Shoes,Sports Shoes,White,Summer,2012.0,Sports,Fila Men Swift White Sports Shoes,Giày thể thao Fila Swift màu trắng dành cho nam
5471,Men,Footwear,Shoes,Sports Shoes,Red,Summer,2011.0,Sports,Nike Men's Air Force Red Shoe,Giày Nike Air Force màu đỏ dành cho nam
54540,Men,Footwear,Shoes,Sports Shoes,Grey,Fall,2012.0,Sports,F Sports Men Grey Gravity Sports Shoes,Giày thể thao F Sports Gravity màu xám dành cho nam
1636,Men,Footwear,Shoes,Sports Shoes,White,Fall,2010.0,Sports,Nike Men Air Zoom Century Shoes,Giày Nike Air Zoom Century dành cho nam
7741,Men,Footwear,Shoes,Sports Shoes,Black,Fall,2011.0,Sports,Fila Men's Dna Lite Black Blue Shoe,Giày Fila DNA Lite màu đen xanh dành cho nam
43371,Men,Footwear,Shoes,Sports Shoes,White,Summer,2012.0,Sports,Reebok Men White Acciomax III Sports Shoes,Giày thể thao Reebok Acciomax III màu trắng dành cho nam
23887,Men,Footwear,Shoes,Sports Shoes,Black,Summer,2012.0,Sports,Fila Men Clutch Black Sports Shoes,"Giày thể thao Fila nam màu đen, kiểu dáng clutch."
43341,Men,Footwear,Shoes,Sports Shoes,Grey,Summer,2008.0,Sports,Reebok Men Realflex Optimal Grey Sports Shoe,Giày thể thao Reebok Realflex Optimal màu xám dành cho nam
11933,Women,Footwear,Shoes,Sports Shoes,Grey,Fall,2011.0,Sports,Skechers Women Sports Grey Sports Shoes,Giày thể thao nữ Skechers màu xám
6643,Women,Footwear,Shoes,Sports Shoes,Pink,Summer,2011.0,Sports,Nike Women's Transform III IN Black Pink Shoe,Giày Nike Transform III màu đen hồng dành cho nữ
17845,Men,Footwear,Shoes,Sports Shoes,White,Fall,2011.0,Sports,Nike Men T90 Shoot I\/ HG-B White Sports Shoe,Giày thể thao Nike T90 Shoot I/ HG-B màu trắng dành cho nam
15415,Women,Footwear,Shoes,Sports Shoes,Black,Fall,2011.0,Sports,FILA Women Tenet Black Sports Shoes,Giày thể thao nữ FILA Tenet màu đen
9109,Unisex,Footwear,Shoes,Sports Shoes,Black,Summer,2012.0,Sports,Puma Unisex Faas 300 Black Sports Shoes,Giày thể thao Puma Unisex Faas 300 màu đen
44232,Men,Footwear,Shoes,Sports Shoes,White,Summer,2012.0,Sports,Nike Men Air Max Turbulence+ 18 White Sports Shoes,Giày thể thao Nike Air Max Turbulence+ 18 màu trắng dành cho nam
19941,Men,Footwear,Shoes,Sports Shoes,Black,Fall,2011.0,Sports,Nike Men Court Majestic Black Sports Shoes,Giày thể thao Nike Court Majestic màu đen dành cho nam
5579,Men,Footwear,Shoes,Sports Shoes,Black,Summer,2012.0,Sports,ADIDAS Men's Coleman Black Shoe,Giày nam ADIDAS Coleman màu đen
24416,Men,Footwear,Shoes,Sports Shoes,White,Summer,2012.0,Sports,ADIDAS Men Opticourt Ligra White Sports Shoes,Giày thể thao nam ADIDAS Opticourt Ligra màu trắng
13198,Men,Footwear,Shoes,Sports Shoes,Blue,Fall,2011.0,Sports,ASICS Men Gel DS Sky Speed 2 Running Blue Sports Shoes,Giày thể thao chạy bộ ASICS Gel DS Sky Speed ​​2 màu xanh dương dành cho nam
24412,Men,Footwear,Shoes,Sports Shoes,Black,Summer,2012.0,Sports,ADIDAS  Men Smoove Black Sports Shoes,Giày thể thao nam ADIDAS Smoove màu đen
1785,Men,Footwear,Shoes,Sports Shoes,White,Fall,2010.0,Sports,Lotto Men Brighton White-Blue Shoe,Giày nam Lotto Brighton màu trắng xanh
13167,Men,Footwear,Shoes,Sports Shoes,Black,Fall,2011.0,Sports,Skechers Men Prospeed Black Sports Shoes,Giày thể thao Skechers Prospeed màu đen dành cho nam
18412,Men,Footwear,Shoes,Sports Shoes,White,Fall,2011.0,Sports,Skechers MenShape-Ups White Shoe,Giày Skechers nam Shape-Up màu trắng
24419,Men,Footwear,Shoes,Sports Shoes,White,Summer,2012.0,Sports,ADIDAS Men Barracks Premier White Sports Shoes,Giày thể thao nam ADIDAS Barracks Premier màu trắng
39638,Men,Footwear,Shoes,Sports Shoes,White,Summer,2012.0,Sports,Lotto Men White Sports Shoes,Giày thể thao nam màu trắng Lotto
42995,Women,Footwear,Shoes,Sports Shoes,Black,Summer,2012.0,Sports,Nike Women Black Air Total Sports Shoes,Giày thể thao Nike Air Total màu đen dành cho nữ
4523,Men,Footwear,Shoes,Sports Shoes,Blue,Summer,2011.0,Sports,Puma Men's Faas Blue White Silver Red Shoe,"Giày Puma Faas dành cho nam, màu xanh dương, trắng, bạc và đỏ."
22713,Women,Footwear,Shoes,Sports Shoes,Grey,Fall,2011.0,Sports,Nike Women Grey Air Max +2011 Sports Shoes,Giày thể thao Nike Air Max +2011 màu xám dành cho nữ
22542,Men,Footwear,Shoes,Sports Shoes,White,Fall,2009.0,Sports,Lotto  Kids-Boy Jumper  White Sports Shoes,Giày thể thao màu trắng Lotto dành cho bé trai
26327,Men,Footwear,Shoes,Sports Shoes,White,Summer,2012.0,Sports,ADIDAS Men Runner White & Blue Sports Shoes,Giày thể thao ADIDAS nam màu trắng và xanh dương
26612,Men,Footwear,Shoes,Sports Shoes,Black,Summer,2012.0,Sports,Puma Men Cell Turin Perf 2 Black Sports Shoes,Giày thể thao Puma Cell Turin Perf 2 màu đen dành cho nam
1827,Men,Footwear,Shoes,Sports Shoes,White,Fall,2010.0,Sports,Nike Men's Downshifter White/Blue Shoe,Giày Nike Downshifter màu trắng/xanh dành cho nam
5390,Unisex,Footwear,Shoes,Sports Shoes,Grey,,2011.0,Sports,Kalenji Kapteren 100 Grey Orang,Đội trưởng Kalenji 100 Người Xám
5239,Men,Footwear,Shoes,Sports Shoes,White,Summer,2011.0,Sports,Reebok Men's Zigfuel White Shoe,Giày Reebok Zigfuel màu trắng dành cho nam
59015,Men,Footwear,Shoes,Sports Shoes,Grey,Summer,2012.0,Sports,Skechers Men Grey Sports Shoes,Giày thể thao Skechers màu xám dành cho nam
14334,Men,Footwear,Shoes,Sports Shoes,White,Fall,2011.0,Sports,Nike Men Lunarglide +3 White Sports Shoes,Giày thể thao Nike Lunarglide +3 màu trắng dành cho nam
23864,Men,Footwear,Shoes,Sports Shoes,White,Summer,2011.0,Sports,ADIDAS Men White Ambition Sports Shoes,Giày thể thao nam ADIDAS Ambition màu trắng
31944,Women,Footwear,Shoes,Sports Shoes,White,Summer,2012.0,Sports,Nike Women Court Shuttle IV White Sports Shoes,Giày thể thao Nike Court Shuttle IV màu trắng dành cho nữ
43001,Men,Footwear,Shoes,Sports Shoes,White,Summer,2012.0,Sports,Nike Men White Lunarswift Sports Shoes,Giày thể thao Nike Lunarswift màu trắng dành cho nam
35932,Men,Footwear,Shoes,Sports Shoes,Black,Summer,2012.0,Sports,Salomon Men X-Tracks GTX Black Sports Shoes,Giày thể thao Salomon X-Tracks GTX màu đen dành cho nam
14345,Men,Footwear,Shoes,Sports Shoes,Grey,Fall,2011.0,Sports,Nike Men Free Run +2 Grey Sports Shoes,Giày thể thao Nike Free Run +2 màu xám dành cho nam
9014,Men,Footwear,Shoes,Sports Shoes,White,Summer,2011.0,Sports,Decathlon Men Artengo White Shoe,Giày nam Decathlon Artengo màu trắng
25411,Men,Footwear,Shoes,Sports Shoes,White,Summer,2012.0,Sports,Nike Men 2.04 White Sports Shoes,Giày thể thao Nike nam 2.04 màu trắng
35777,Men,Footwear,Shoes,Sports Shoes,Black,Summer,2012.0,Sports,Force 10 Men Black & Green Sports Shoes,Giày thể thao Force 10 nam màu đen và xanh lá cây
8093,Men,Footwear,Shoes,Sports Shoes,White,Fall,2011.0,Sports,ADIDAS Men Barricade Team White Sports Shoes,Giày thể thao nam ADIDAS Barricade Team màu trắng
22983,Men,Footwear,Shoes,Sports Shoes,Black,Fall,2011.0,Sports,FILA Men Black Temptation Sports Shoes,Giày thể thao FILA Temptation màu đen dành cho nam
9041,Men,Footwear,Shoes,Formal Shoes,Black,Winter,2011.0,Formal,Buckaroo Men Moles Black Formal Shoes,Giày Buckaroo Nam Nốt Ruồi Màu Đen
4284,Men,Footwear,Shoes,Formal Shoes,Black,Summer,2011.0,Formal,Rockport Men Arratoon Black Shoe,Giày Rockport Arratoon màu đen dành cho nam
30260,Men,Footwear,Shoes,Formal Shoes,Black,Winter,2018.0,Casual,Red Tape Men Black Shoes,Giày nam màu đen hiệu Red Tape
9702,Men,Footwear,Shoes,Formal Shoes,Brown,Fall,2011.0,Formal,Hush Puppies Men Chevelle Brown Formal Shoes,Giày tây nam Hush Puppies Chevelle màu nâu
7230,Men,Footwear,Shoes,Formal Shoes,Brown,Fall,2011.0,Formal,Rockport Men's Myrics Mid Brown Shoe,Giày Rockport Myrics Mid màu nâu dành cho nam
17822,Men,Footwear,Shoes,Formal Shoes,Black,Fall,2011.0,Formal,Lee Cooper Men  Black Formal Shoe,Giày tây nam màu đen Lee Cooper
22126,Men,Footwear,Shoes,Formal Shoes,Brown,Fall,2011.0,Formal,Provogue Men Brown Formal Shoes,Giày tây nam màu nâu hiệu Provogue
45587,Men,Footwear,Shoes,Formal Shoes,Brown,Summer,2013.0,Formal,Arrow Men Brown Formal Shoes,Giày tây nam Arrow màu nâu
11873,Men,Footwear,Shoes,Formal Shoes,Black,Summer,2011.0,Formal,Franco Leone Men Formal Black Formal Shoes,Giày tây đen nam hiệu Franco Leone
44429,Men,Footwear,Shoes,Formal Shoes,Black,Summer,2013.0,Formal,Gliders Men Black Formal Shoes,Giày tây nam Gliders màu đen
50419,Men,Footwear,Shoes,Formal Shoes,Brown,Summer,2012.0,Formal,U.S. Polo Assn. Men Brown Derby Formal Shoes,Hiệp hội Polo Hoa Kỳ. Giày Derby nam màu nâu trang trọng.
2637,Men,Footwear,Shoes,Formal Shoes,Black,Winter,2012.0,Formal,Carlton London Men's Semi Formal Black Shoe,Giày nam bán trang trọng màu đen hiệu Carlton London
23802,Men,Footwear,Shoes,Formal Shoes,Black,Summer,2013.0,Formal,Clarks Men Black Leather Formal Shoes,"Giày da đen nam Clarks, giày công sở"
34536,Men,Footwear,Shoes,Formal Shoes,Brown,Winter,2018.0,Formal,Red Tape Men Brown Shoes,Giày nam màu nâu Red Tape
7236,Men,Footwear,Shoes,Formal Shoes,Black,Fall,2011.0,Formal,Rockport Men's Ragosta Black Shoe,Giày Rockport Ragosta màu đen dành cho nam
33336,Men,Footwear,Shoes,Formal Shoes,Black,Summer,2012.0,Formal,Homme Men Black Formal Shoes,Giày tây nam màu đen Homme
7235,Men,Footwear,Shoes,Formal Shoes,Brown,Fall,2011.0,Formal,Rockport Men's Ragosta Brown Shoe,Giày Rockport Ragosta màu nâu dành cho nam
40690,Men,Footwear,Shoes,Formal Shoes,Black,Summer,2012.0,Formal,Numero Uno Men Black Formal Shoes,Giày tây nam màu đen Numero Uno
35397,Men,Footwear,Shoes,Formal Shoes,Black,Summer,2012.0,Formal,Stens by Enroute Men Black Formal Shoes,Giày tây nam Stens màu đen
11899,Men,Footwear,Shoes,Formal Shoes,Maroon,Fall,2011.0,Formal,Franco Leone Men Formal Maroon Formal Shoes,Giày tây nam Franco Leone màu đỏ tía
22502,Women,Footwear,Shoes,Heels,Blue,Winter,2015.0,Casual,Catwalk  Women Blue Casual Flats,Giày bệt nữ màu xanh dương kiểu dáng thường ngày Catwalk
39591,Women,Footwear,Shoes,Heels,Blue,Winter,2015.0,Casual,Catwalk Women Blue Wedges,Giày đế xuồng màu xanh dương dành cho nữ của Catwalk
32841,Women,Footwear,Shoes,Heels,Gold,Winter,2012.0,Casual,Grendha Women Jola Cigana Gold Flats,Giày bệt Grendha Women Jola Cigana Gold
45362,Women,Footwear,Shoes,Heels,Olive,Summer,2016.0,Casual,Cobblerz Women Olive Green Sandals,Sandal nữ màu xanh ô liu của Cobblerz
54142,Women,Footwear,Shoes,Heels,Beige,Winter,2012.0,Casual,Rocia Women Beige Sandals,Sandal nữ Rocia màu be
56961,Women,Footwear,Shoes,Heels,Black,Winter,2012.0,Casual,HM Women Black Flats,Giày bệt nữ màu đen HM
45375,Women,Footwear,Shoes,Heels,Grey,Summer,2016.0,Casual,Cobblerz Women Grey Sandals,Sandal nữ màu xám Cobblerz
33110,Women,Footwear,Shoes,Heels,Black,Winter,2015.0,Casual,Catwalk Women Black Peep Toes,Giày cao gót hở mũi màu đen dành cho nữ của Catwalk
49622,Women,Footwear,Shoes,Heels,Black,Winter,2015.0,Casual,Catwalk Women Black Flats,Giày bệt nữ màu đen Catwalk
20275,Women,Footwear,Shoes,Heels,Multi,Winter,2015.0,Casual,Catwalk Women Casual Multi Flats,"Giày bệt nữ Catwalk đa năng, kiểu dáng thường ngày."
55644,Women,Footwear,Shoes,Heels,Black,Winter,2015.0,Casual,Catwalk Women Black Heels,Giày cao gót đen Catwalk dành cho nữ
41673,Women,Footwear,Shoes,Heels,Gold,Winter,2012.0,Casual,Catwalk Women Gold Heels,Giày cao gót vàng dành cho nữ trên sàn catwalk
45343,Women,Footwear,Shoes,Heels,Multi,Summer,2016.0,Casual,Cobblerz Women Multicoloured Sandals,Sandal nữ nhiều màu sắc Cobblerz
47637,Women,Footwear,Shoes,Heels,Yellow,Spring,2013.0,Casual,Carlton London Women Yellow Peep Toes,Giày cao gót hở mũi màu vàng hiệu Carlton London dành cho nữ.
45331,Women,Footwear,Shoes,Heels,Blue,Summer,2016.0,Casual,Cobblerz Women Blue Heels,Giày cao gót nữ Cobblerz màu xanh dương
47455,Women,Footwear,Shoes,Heels,Purple,Summer,2012.0,Casual,Tiptopp Women Purple Flip-Flops,Dép xỏ ngón Tiptopp màu tím dành cho nữ
2900,Women,Footwear,Shoes,Heels,Silver,Winter,2015.0,Casual,Catwalk Women Wedding Collection Silver Heels,Giày cao gót màu bạc thuộc bộ sưu tập váy cưới Catwalk dành cho nữ.
49618,Women,Footwear,Shoes,Heels,Black,Winter,2015.0,Casual,Catwalk Women Bronze Heels,"Giày cao gót màu đồng dành cho nữ, kiểu dáng catwalk"
14362,Women,Footwear,Shoes,Heels,Beige,Winter,2015.0,Casual,Catwalk Women Casual Beige Flats,Giày bệt nữ màu be kiểu dáng thường ngày Catwalk
3137,Women,Footwear,Shoes,Heels,Brown,Winter,2015.0,Ethnic,Catwalk Women Ethnic Leather Flat Brown Flats,Giày bệt nữ da màu nâu kiểu dân tộc Catwalk
34075,Women,Footwear,Shoes,Heels,White,Fall,2012.0,Formal,Clarks Women Henderson Toy Bone Leather White Flats,Giày bệt nữ Clarks Henderson Toy Bone bằng da màu trắng.
22295,Women,Footwear,Shoes,Heels,Black,Winter,2012.0,Casual,Inc. 5 Women Casual Black Flats,Inc. 5 Giày bệt nữ màu đen kiểu dáng thường ngày
27079,Women,Footwear,Shoes,Heels,Black,Winter,2012.0,Casual,Catwalk Women Black Flats,Giày bệt nữ màu đen Catwalk
2874,Women,Footwear,Shoes,Heels,Black,Winter,2015.0,Casual,Catwalk Women Black Heels,Giày cao gót đen Catwalk dành cho nữ
56995,Women,Footwear,Shoes,Heels,Purple,Winter,2012.0,Casual,HM Women Purple Wedges,Giày đế xuồng màu tím dành cho nữ hiệu HM
42731,Women,Footwear,Shoes,Flats,Black,Winter,2012.0,Casual,Rocia Women Black Sandals,Sandal nữ màu đen Rocia
49577,Women,Footwear,Shoes,Flats,Pink,Winter,2015.0,Casual,Catwalk Women Pink Shoes,Giày nữ màu hồng Catwalk
57014,Women,Footwear,Shoes,Flats,Multi,Winter,2012.0,Casual,HM Women Multicoloured Heels,Giày cao gót nhiều màu sắc HM dành cho nữ
47450,Women,Footwear,Shoes,Flats,Black,Summer,2012.0,Casual,Tiptopp Women Black Sandals,Dép xăng đan đen Tiptopp dành cho nữ
19033,Women,Footwear,Shoes,Flats,Tan,Winter,2015.0,Casual,Catwalk Women Mary Jane Tan Casual Shoes,"Giày nữ Catwalk Mary Jane màu nâu da bò, kiểu dáng thường ngày."
56982,Women,Footwear,Shoes,Flats,Black,Winter,2012.0,Casual,HM Women Black Sandals,Sandal đen nữ HM
13174,Women,Footwear,Shoes,Flats,Black,Winter,2015.0,Casual,Skechers Women Ever Lasting Black Sandals,Sandal Skechers Ever Lasting màu đen dành cho nữ
6912,Women,Footwear,Shoes,Flats,Black,Fall,2012.0,Casual,Timberland Women Nekkol Convertable Black Sports Sandals,Giày sandal thể thao Timberland Nekkol Convertable màu đen dành cho nữ.
42705,Women,Footwear,Shoes,Flats,Brown,Winter,2012.0,Casual,Rocia Women Brown Sandals,Sandal nữ Rocia màu nâu
59040,Women,Footwear,Shoes,Flats,Red,Winter,2012.0,Casual,Carlton London Women Red Flats,Giày bệt nữ màu đỏ hiệu Carlton London
45409,Women,Footwear,Shoes,Flats,Black,Winter,2012.0,Casual,Rocia Women Black & Brown Sandals,Sandal nữ Rocia màu đen và nâu
59019,Women,Footwear,Shoes,Flats,Black,Winter,2012.0,Casual,Carlton London Women Black Flats,Giày bệt nữ màu đen hiệu Carlton London
49594,Women,Footwear,Shoes,Flats,Black,Winter,2015.0,Casual,Catwalk Women Black Flats,Giày bệt nữ màu đen Catwalk
20777,Women,Footwear,Shoes,Flats,Gold,Fall,2011.0,Casual,Carlton London Women Classy Gold Sandals,Giày sandal vàng sang trọng dành cho nữ hiệu Carlton London
42700,Women,Footwear,Shoes,Flats,Bronze,Spring,2013.0,Casual,Rocia Women Bronze Sandal,Sandal nữ Rocia màu đồng
47602,Women,Footwear,Shoes,Flats,Brown,Winter,2012.0,Casual,Portia Women Yellow Flats,Giày bệt nữ màu vàng Portia
42695,Women,Footwear,Shoes,Flats,Gold,Winter,2014.0,Casual,Rocia Women Gold Sandals,Giày sandal vàng Rocia dành cho nữ
13481,Women,Footwear,Shoes,Flats,Black,Fall,2011.0,Casual,Rocia Women Black Flats,Giày bệt nữ Rocia màu đen
56997,Women,Footwear,Shoes,Flats,Black,Winter,2012.0,Casual,HM Women Black Sandals,Sandal đen nữ HM
57006,Women,Footwear,Shoes,Flats,Gold,Winter,2012.0,Ethnic,HM Women Golden Sandals,Sandal vàng HM dành cho nữ
6437,Women,Footwear,Flip Flops,Flip Flops,Purple,Summer,2011.0,Casual,Lotto Women's Hawaian Palms Purple Pink Flip Flop,Dép xỏ ngón nữ Lotto Hawaiian Palms màu tím hồng
39953,Men,Footwear,Flip Flops,Flip Flops,Red,Summer,2013.0,Casual,Gas Men Red Freak Flip Flops,Dép xỏ ngón Gas Men Red Freak
58332,Men,Footwear,Flip Flops,Flip Flops,Red,Summer,2012.0,Casual,Lotto Men Red Flip Flops,Dép xỏ ngón nam Lotto màu đỏ
32184,Men,Footwear,Flip Flops,Flip Flops,Yellow,Summer,2012.0,Casual,ADIDAS Men Adi Surge Yellow Flip Flops,Dép xỏ ngón nam ADIDAS Adi Surge màu vàng
30243,Men,Footwear,Flip Flops,Flip Flops,Black,Summer,2012.0,Casual,Numero Uno Men Black Flip Flops,Dép xỏ ngón nam Numero Uno màu đen
23826,Unisex,Footwear,Flip Flops,Flip Flops,Blue,Fall,2013.0,Casual,Puma Unisex Blue Miami III Flip Flops,Dép xỏ ngón Puma Unisex Miami III màu xanh dương
29226,Men,Footwear,Flip Flops,Flip Flops,Black,Summer,2012.0,Casual,ADIDAS Men Zeitfrei Slide Black Flip Flops,"Dép xỏ ngón ADIDAS nam màu đen, kiểu dáng không dây buộc."
25450,Women,Footwear,Flip Flops,Flip Flops,Red,Summer,2012.0,Casual,Nike Women Snapper Thong Red Flip Flops,Dép xỏ ngón Nike nữ màu đỏ Snapper
44729,Women,Footwear,Flip Flops,Flip Flops,Black,Summer,2012.0,Casual,Globalite Women Black Flip Flops,Dép xỏ ngón nữ Globalite màu đen
8542,Women,Footwear,Flip Flops,Flip Flops,Black,Fall,2011.0,Casual,Crocs Women Abf Single Flip Slippers,Dép Crocs nữ Abf kiểu dáng đơn giản
19868,Women,Footwear,Flip Flops,Flip Flops,White,Fall,2011.0,Casual,ADIDAS Women Soft Striped White Flip Flops,Dép xỏ ngón nữ ADIDAS màu trắng sọc mềm mại
33645,Women,Footwear,Flip Flops,Flip Flops,Red,Summer,2012.0,Casual,Lotto Women Red Flip Flops,Dép xỏ ngón nữ Lotto màu đỏ
6753,Men,Footwear,Flip Flops,Flip Flops,Blue,Summer,2011.0,Casual,Nike Men's Splash Thong Blue Flip Flop,Dép xỏ ngón Nike Splash màu xanh dương dành cho nam
21188,Men,Footwear,Flip Flops,Flip Flops,Black,Summer,2011.0,Casual,ADIDAS Men Adi Stars Tread Black Flip Flops,Dép xỏ ngón nam ADIDAS Adi Stars Tread màu đen
6382,Men,Footwear,Flip Flops,Flip Flops,Navy Blue,Summer,2011.0,Casual,Numero Uno Men's Grey Navy Flip Flop,Dép xỏ ngón nam Numero Uno màu xám xanh navy
26591,Men,Footwear,Flip Flops,Flip Flops,Red,Summer,2012.0,Casual,Puma Men Aqua Cat II Power Red Flip Flops,Dép xỏ ngón Puma Aqua Cat II Power Red dành cho nam
3821,Unisex,Footwear,Flip Flops,Flip Flops,Brown,Summer,2011.0,Casual,Crocs Unisex Modi Flip Khaki Sky Blue Flip Flop,Dép Crocs Unisex Modi màu kaki xanh da trời
39954,Men,Footwear,Flip Flops,Flip Flops,Blue,Summer,2013.0,Casual,Gas Men Blue Flip Flops,Dép xỏ ngón màu xanh dương dành cho nam giới
23831,Unisex,Footwear,Flip Flops,Flip Flops,Black,Spring,2012.0,Casual,Puma Unisex Dilute Black Flip Flops,Dép xỏ ngón Puma Unisex màu đen pha loãng
6288,Unisex,Footwear,Flip Flops,Flip Flops,Red,Summer,2011.0,Casual,Puma Unisex Matrix Red White Flip Flop,Dép xỏ ngón Puma Unisex Matrix Đỏ Trắng
17835,Women,Footwear,Flip Flops,Flip Flops,Purple,Fall,2011.0,Casual,Nike Women Solarsoft Thong Purple Slipper,Dép xỏ ngón Nike Solarsoft màu tím dành cho nữ
26677,Men,Footwear,Flip Flops,Flip Flops,Black,Winter,2014.0,Casual,Puma Men Drifter Road Black Flip Flops,Dép xỏ ngón Puma Drifter Road màu đen dành cho nam
53439,Men,Footwear,Flip Flops,Flip Flops,Black,Summer,2012.0,Casual,ADIDAS Men Green Flip Flops,Dép xỏ ngón nam ADIDAS màu xanh lá cây
24177,Men,Footwear,Flip Flops,Flip Flops,Navy Blue,Fall,2011.0,Casual,Converse Men Casual Navy Blue Flip Flops,Dép xỏ ngón Converse nam màu xanh navy thường ngày
44188,Women,Footwear,Flip Flops,Flip Flops,Black,Winter,2012.0,Casual,iPanema Women Black Flip Flops,Dép xỏ ngón nữ iPanema màu đen